event_id,event_name,event_date,venue,city,country,set_start,set_end,sequence,timestamp,artist,title,version_or_remix,canonical_song_id,original_source_text,confidence,notes
purim_2019,"Offer Nissim Purim Carnival (""Dance Purim - Make Your Wish"")",2019-03-23,"Expo Tel Aviv, Bitan 1 (Ganei Hataarucha)",Tel Aviv,Israel,20:06,1:58,1,,Offer Nissim,Crazy Things At Night,,SONG_0001,Offer Nissim - Crazy Things At Night,high,
purim_2019,"Offer Nissim Purim Carnival (""Dance Purim - Make Your Wish"")",2019-03-23,"Expo Tel Aviv, Bitan 1 (Ganei Hataarucha)",Tel Aviv,Israel,20:06,1:58,2,,Offer Nissim,Esther,,SONG_0002,Offer Nissim - Esther,high,
purim_2019,"Offer Nissim Purim Carnival (""Dance Purim - Make Your Wish"")",2019-03-23,"Expo Tel Aviv, Bitan 1 (Ganei Hataarucha)",Tel Aviv,Israel,20:06,1:58,3,,Offer Nissim,Ahasuerus,,SONG_0003,Offer Nissim - Ahasuerus,high,
purim_2019,"Offer Nissim Purim Carnival (""Dance Purim - Make Your Wish"")",2019-03-23,"Expo Tel Aviv, Bitan 1 (Ganei Hataarucha)",Tel Aviv,Israel,20:06,1:58,4,,Offer Nissim,Umpatampa,,SONG_0004,Offer Nissim - Umpatampa,high,
purim_2019,"Offer Nissim Purim Carnival (""Dance Purim - Make Your Wish"")",2019-03-23,"Expo Tel Aviv, Bitan 1 (Ganei Hataarucha)",Tel Aviv,Israel,20:06,1:58,5,,Lara Fabian,Growing Wings,Offer Nissim Remix,SONG_0005,Lara Fabian - Growing Wings - Offer Nissim Remix,high,
purim_2019,"Offer Nissim Purim Carnival (""Dance Purim - Make Your Wish"")",2019-03-23,"Expo Tel Aviv, Bitan 1 (Ganei Hataarucha)",Tel Aviv,Israel,20:06,1:58,6,,Offer Nissim Feat. Riki Ben-Ari,Dance The Night,,SONG_0006,Offer Nissim Feat. Riki Ben-Ari - Dance The Night,high,
purim_2019,"Offer Nissim Purim Carnival (""Dance Purim - Make Your Wish"")",2019-03-23,"Expo Tel Aviv, Bitan 1 (Ganei Hataarucha)",Tel Aviv,Israel,20:06,1:58,7,,Extasia & Zach Adam Feat. Rony G,Light Beams,Offer Nissim Remix,SONG_0007,Extasia & Zach Adam feat Rony G - Light Beams - Offer Nissim Remix,high,Artist normalized: 'Extasia & Zach Adam feat Rony G' -> 'Extasia & Zach Adam Feat. Rony G'
purim_2019,"Offer Nissim Purim Carnival (""Dance Purim - Make Your Wish"")",2019-03-23,"Expo Tel Aviv, Bitan 1 (Ganei Hataarucha)",Tel Aviv,Israel,20:06,1:58,8,,Offer Nissim Feat. Maya Simantov & Vanesa Klein,Breaking Away,,SONG_0008,Offer Nissim Feat. Maya Simantov & Vanesa LeKlein - Breaking Away,high,Corrected 26.09.2026: Artist spelling: 'Vanesa LeKlein' -> 'Vanesa Klein' (Spotify / Apple Music credits)
purim_2019,"Offer Nissim Purim Carnival (""Dance Purim - Make Your Wish"")",2019-03-23,"Expo Tel Aviv, Bitan 1 (Ganei Hataarucha)",Tel Aviv,Israel,20:06,1:58,9,,Jennifer Lopez,Que Hiciste,Offer Nissim Remix,SONG_0009,Jennifer Lopez - Que Hiciste - Offer Nissim Remix,high,
purim_2019,"Offer Nissim Purim Carnival (""Dance Purim - Make Your Wish"")",2019-03-23,"Expo Tel Aviv, Bitan 1 (Ganei Hataarucha)",Tel Aviv,Israel,20:06,1:58,10,,Offer Nissim Feat. Gila Goldstein,Feel It,,SONG_0010,Offer Nissim Feat. Gila Goldstein - Feel It,high,
purim_2019,"Offer Nissim Purim Carnival (""Dance Purim - Make Your Wish"")",2019-03-23,"Expo Tel Aviv, Bitan 1 (Ganei Hataarucha)",Tel Aviv,Israel,20:06,1:58,11,,Sarit Hadad,Ze She'shomer Alay,Offer Nissim Vs Yinon Yahel Club Mix,SONG_0011,Sarit Hadad - Ze She'shomer Alay (Offer Nissim Vs Yinon Yahel Club Mix),high,
purim_2019,"Offer Nissim Purim Carnival (""Dance Purim - Make Your Wish"")",2019-03-23,"Expo Tel Aviv, Bitan 1 (Ganei Hataarucha)",Tel Aviv,Israel,20:06,1:58,12,,Offer Nissim Feat. Sarit Hadad,Shufuni,,SONG_0012,Offer Nissim Feat. Sarit Hadad - Shufuni,high,
purim_2019,"Offer Nissim Purim Carnival (""Dance Purim - Make Your Wish"")",2019-03-23,"Expo Tel Aviv, Bitan 1 (Ganei Hataarucha)",Tel Aviv,Israel,20:06,1:58,13,,Miri Mesika,Mefahed Allay'ich,Offer Nissim Remix,SONG_0013,Miri Mesika - Mefahed Allay'ich - Offer Nissim Remix,high,
purim_2019,"Offer Nissim Purim Carnival (""Dance Purim - Make Your Wish"")",2019-03-23,"Expo Tel Aviv, Bitan 1 (Ganei Hataarucha)",Tel Aviv,Israel,20:06,1:58,14,,Offer Nissim Feat. The Tricksters (Yael Poliakov And Ilan Peled),Sing From Your Pussy,,SONG_0014,Offer Nissim Feat Yael Poliakov And Ilan Peled - Sing From Your Pussy - The Tricksters,high,The Tricksters' is part of the act's name (Yael Poliakov and Ilan Peled) - confirmed by archive owner.
purim_2019,"Offer Nissim Purim Carnival (""Dance Purim - Make Your Wish"")",2019-03-23,"Expo Tel Aviv, Bitan 1 (Ganei Hataarucha)",Tel Aviv,Israel,20:06,1:58,15,,Offer Nissim Feat. Ilan Peled,Mushi Mushi,,SONG_0015,Offer Nissim Feat. Ilan Peled - Mushi Mushi,high,
purim_2019,"Offer Nissim Purim Carnival (""Dance Purim - Make Your Wish"")",2019-03-23,"Expo Tel Aviv, Bitan 1 (Ganei Hataarucha)",Tel Aviv,Israel,20:06,1:58,16,,Offer Nissim Feat. Epiphony,Break My World,,SONG_0016,Offer Nissim Feat. Epiphony - Break My World,high,
purim_2019,"Offer Nissim Purim Carnival (""Dance Purim - Make Your Wish"")",2019-03-23,"Expo Tel Aviv, Bitan 1 (Ganei Hataarucha)",Tel Aviv,Israel,20:06,1:58,17,,Henree Feat. Nikka,See Me Now (Finally),,SONG_0017,Henree Feat. Nikka - See Me Now (Finally),high,"(Finally)' is part of the title, not a version."
purim_2019,"Offer Nissim Purim Carnival (""Dance Purim - Make Your Wish"")",2019-03-23,"Expo Tel Aviv, Bitan 1 (Ganei Hataarucha)",Tel Aviv,Israel,20:06,1:58,18,,The Trash Mermaids,Xperiel,Offer Nissim Remix,SONG_0018,The Trash Mermaids - Xperiel - Offer Nissim Remix,high,
purim_2019,"Offer Nissim Purim Carnival (""Dance Purim - Make Your Wish"")",2019-03-23,"Expo Tel Aviv, Bitan 1 (Ganei Hataarucha)",Tel Aviv,Israel,20:06,1:58,19,,Offer Nissim Feat. Ivana Lola,Kriminal Eye,,SONG_0019,Offer Nissim Feat. Ivana Lola - Kriminal Eye,high,
purim_2019,"Offer Nissim Purim Carnival (""Dance Purim - Make Your Wish"")",2019-03-23,"Expo Tel Aviv, Bitan 1 (Ganei Hataarucha)",Tel Aviv,Israel,20:06,1:58,20,,Amelia Lily,You Bring Me Joy,Offer Nissim Remix,SONG_0020,Amelia Lily - Bring Me Joy - Offer Nissim Remix,high,Title spelling normalized: 'Bring Me Joy' -> 'You Bring Me Joy'
purim_2019,"Offer Nissim Purim Carnival (""Dance Purim - Make Your Wish"")",2019-03-23,"Expo Tel Aviv, Bitan 1 (Ganei Hataarucha)",Tel Aviv,Israel,20:06,1:58,21,,Offer Nissim Feat. Riki Ben-Ari,Fame,,SONG_0021,Offer Nissim Feat. Riki Ben-Ari - Fame,high,
purim_2019,"Offer Nissim Purim Carnival (""Dance Purim - Make Your Wish"")",2019-03-23,"Expo Tel Aviv, Bitan 1 (Ganei Hataarucha)",Tel Aviv,Israel,20:06,1:58,22,,Offer Nissim Feat. Maya Simantov,Wake Up,Original Mix,SONG_0022,Offer Nissim Feat. Maya Simantov - Wake Up (Original Mix),high,
purim_2019,"Offer Nissim Purim Carnival (""Dance Purim - Make Your Wish"")",2019-03-23,"Expo Tel Aviv, Bitan 1 (Ganei Hataarucha)",Tel Aviv,Israel,20:06,1:58,23,,Offer Nissim,Cha Cha Cha,Peter Rauhofer NYC Edit,SONG_0023,Offer Nissim - Another Cha Cha (Peter Rauhofer's NYC Edit),high,Corrected 03.10.2026: official title per Offer Nissim's release (Spotify / Beatport / Star 69 Records: 'Cha Cha Cha (Peter Rauhofer NYC Edit)')
purim_2019,"Offer Nissim Purim Carnival (""Dance Purim - Make Your Wish"")",2019-03-23,"Expo Tel Aviv, Bitan 1 (Ganei Hataarucha)",Tel Aviv,Israel,20:06,1:58,24,,Meital De Razon & Asi Tal,Toda La Noche,Offer Nissim & Asi Tal Remix,SONG_0024,Meital De Razon & Asi Tal - Toda La Noche (Offer Nissim & Asi Tal Remix),high,
purim_2019,"Offer Nissim Purim Carnival (""Dance Purim - Make Your Wish"")",2019-03-23,"Expo Tel Aviv, Bitan 1 (Ganei Hataarucha)",Tel Aviv,Israel,20:06,1:58,25,,Steps,Scared Of The Dark,Offer Nissim Remix,SONG_0025,Steps - Scared Of The Dark (Offer Nissim Remix),high,
purim_2019,"Offer Nissim Purim Carnival (""Dance Purim - Make Your Wish"")",2019-03-23,"Expo Tel Aviv, Bitan 1 (Ganei Hataarucha)",Tel Aviv,Israel,20:06,1:58,26,,Rita,Beegharar,Offer Nissim Extended Remix,SONG_0026,Rita - Bigharar (Offer Nissim Extended Remix),high,Corrected 26.09.2026: Title spelling per Offer Nissim's official release (Spotify: 'Beegharar - Offer Nissim Club Remix')
purim_2019,"Offer Nissim Purim Carnival (""Dance Purim - Make Your Wish"")",2019-03-23,"Expo Tel Aviv, Bitan 1 (Ganei Hataarucha)",Tel Aviv,Israel,20:06,1:58,27,,Offer Nissim Feat. Eyal Golan,Lo Mevina Ivrit,,SONG_0027,Offer Nissim Feat. Eyal Golan - Lo Mevina Ivrit,high,
purim_2019,"Offer Nissim Purim Carnival (""Dance Purim - Make Your Wish"")",2019-03-23,"Expo Tel Aviv, Bitan 1 (Ganei Hataarucha)",Tel Aviv,Israel,20:06,1:58,28,,Offer Nissim Vs Abdulqader Qawza,Lord Of Mercy,,SONG_0028,Offer Nissim Vs Abdulqader Qawza - Lord Of Mercy,high,"DIFFERENT song from 'Offer Nissim Feat. Nasrin Kadri - Lord Of Mercy': this is a remix of Abdulqader Qawza, the Nasrin one is an original production - confirmed by archive owner 06.09.2026."
purim_2019,"Offer Nissim Purim Carnival (""Dance Purim - Make Your Wish"")",2019-03-23,"Expo Tel Aviv, Bitan 1 (Ganei Hataarucha)",Tel Aviv,Israel,20:06,1:58,29,,Vali,Ain't No Friend Of Mine,Offer Nissim Remix,SONG_0029,Vali - Ain't No Friend Of Mine - Offer Nissim Remix,high,
purim_2019,"Offer Nissim Purim Carnival (""Dance Purim - Make Your Wish"")",2019-03-23,"Expo Tel Aviv, Bitan 1 (Ganei Hataarucha)",Tel Aviv,Israel,20:06,1:58,30,,Vali,Pluto,Offer Nissim Remix,SONG_0030,Vali - Pluto - Offer Nissim Remix,high,
purim_2019,"Offer Nissim Purim Carnival (""Dance Purim - Make Your Wish"")",2019-03-23,"Expo Tel Aviv, Bitan 1 (Ganei Hataarucha)",Tel Aviv,Israel,20:06,1:58,31,,Cher,Gimme! Gimme! Gimme! (A Man After Midnight),Offer Nissim Remix,SONG_0031,Cher - Gimme Gimme Gimme! - A Man After Midnight - Offer Nissim Remix,high,Subtitle written as a separate dash segment; version as written is 'Offer Nissim Remix' (not the 'Needs A Man' wording).
purim_2019,"Offer Nissim Purim Carnival (""Dance Purim - Make Your Wish"")",2019-03-23,"Expo Tel Aviv, Bitan 1 (Ganei Hataarucha)",Tel Aviv,Israel,20:06,1:58,32,,Offer Nissim Feat. Maya Simantov,Everybody Needs A Man,,SONG_0032,Offer Nissim Feat. Maya Simantov - Everybody Needs A Man,high,
purim_2019,"Offer Nissim Purim Carnival (""Dance Purim - Make Your Wish"")",2019-03-23,"Expo Tel Aviv, Bitan 1 (Ganei Hataarucha)",Tel Aviv,Israel,20:06,1:58,33,,Offer Nissim Feat. Maya Simantov,I'm In Love,,SONG_0033,Offer Nissim Feat. Maya Simantov - Im In Love,high,
purim_2019,"Offer Nissim Purim Carnival (""Dance Purim - Make Your Wish"")",2019-03-23,"Expo Tel Aviv, Bitan 1 (Ganei Hataarucha)",Tel Aviv,Israel,20:06,1:58,34,,Offer Nissim Feat. Ania Bukstein,Rokedet,,SONG_0034,Offer Nissim Feat. Ania Bukstein - ROKEDET,high,
purim_2019,"Offer Nissim Purim Carnival (""Dance Purim - Make Your Wish"")",2019-03-23,"Expo Tel Aviv, Bitan 1 (Ganei Hataarucha)",Tel Aviv,Israel,20:06,1:58,35,,Offer Nissim,Set My Mind Free,,SONG_0035,Offer Nissim - Set My Mind Free,high,
purim_2019,"Offer Nissim Purim Carnival (""Dance Purim - Make Your Wish"")",2019-03-23,"Expo Tel Aviv, Bitan 1 (Ganei Hataarucha)",Tel Aviv,Israel,20:06,1:58,36,,Nirious,People,Original Mix,SONG_0036,Nirious - People - Original Mix,high,
purim_2019,"Offer Nissim Purim Carnival (""Dance Purim - Make Your Wish"")",2019-03-23,"Expo Tel Aviv, Bitan 1 (Ganei Hataarucha)",Tel Aviv,Israel,20:06,1:58,37,,Offer Nissim,Open Your Eyes,,SONG_0037,Offer Nissim - Open Your Eyes,high,
purim_2019,"Offer Nissim Purim Carnival (""Dance Purim - Make Your Wish"")",2019-03-23,"Expo Tel Aviv, Bitan 1 (Ganei Hataarucha)",Tel Aviv,Israel,20:06,1:58,38,,Losless,Synecku,Original Mix,SONG_0038,Losless - Synecku (Original Mix),high,
purim_2019,"Offer Nissim Purim Carnival (""Dance Purim - Make Your Wish"")",2019-03-23,"Expo Tel Aviv, Bitan 1 (Ganei Hataarucha)",Tel Aviv,Israel,20:06,1:58,39,,Offer Nissim Feat. Maya Simantov,When We Met,,SONG_0039,Offer Nissim Feat. Maya Simantov - When We Met,high,
purim_2019,"Offer Nissim Purim Carnival (""Dance Purim - Make Your Wish"")",2019-03-23,"Expo Tel Aviv, Bitan 1 (Ganei Hataarucha)",Tel Aviv,Israel,20:06,1:58,40,,Offer Nissim Feat. Maya Simantov,Let Me Live,,SONG_0040,Offer Nissim Feat. Maya Simantov - Let Me Live,high,
purim_2019,"Offer Nissim Purim Carnival (""Dance Purim - Make Your Wish"")",2019-03-23,"Expo Tel Aviv, Bitan 1 (Ganei Hataarucha)",Tel Aviv,Israel,20:06,1:58,41,,Offer Nissim Feat. Maya Simantov,Perfect Love,,SONG_0041,Offer Nissim Feat. Maya Simantov - Perfect Love,high,
purim_2019,"Offer Nissim Purim Carnival (""Dance Purim - Make Your Wish"")",2019-03-23,"Expo Tel Aviv, Bitan 1 (Ganei Hataarucha)",Tel Aviv,Israel,20:06,1:58,42,,Offer Nissim Feat. Maya Simantov,Tel Aviv,,SONG_0042,Offer Nissim Feat. Maya Simantov - Tel Aviv,high,
purim_2019,"Offer Nissim Purim Carnival (""Dance Purim - Make Your Wish"")",2019-03-23,"Expo Tel Aviv, Bitan 1 (Ganei Hataarucha)",Tel Aviv,Israel,20:06,1:58,43,,Offer Nissim Feat. Epiphony,Believe In Me,,SONG_0043,Offer Nissim Feat. Epiphony - Believe In Me,high,
purim_2019,"Offer Nissim Purim Carnival (""Dance Purim - Make Your Wish"")",2019-03-23,"Expo Tel Aviv, Bitan 1 (Ganei Hataarucha)",Tel Aviv,Israel,20:06,1:58,44,,Offer Nissim,Shalom Aleychem,,SONG_0044,Offer Nissim - Shalom Aleychem,high,
purim_2019,"Offer Nissim Purim Carnival (""Dance Purim - Make Your Wish"")",2019-03-23,"Expo Tel Aviv, Bitan 1 (Ganei Hataarucha)",Tel Aviv,Israel,20:06,1:58,45,,Offer Nissim,Completely Yourself,,SONG_0045,Offer Nissim - Completely Yourself,high,
purim_2019,"Offer Nissim Purim Carnival (""Dance Purim - Make Your Wish"")",2019-03-23,"Expo Tel Aviv, Bitan 1 (Ganei Hataarucha)",Tel Aviv,Israel,20:06,1:58,46,,Madonna,Girls Gone Wild,Offer Nissim Remix,SONG_0046,Madonna - Girl Gone Wild (Offer Nissim Remix),high,Title spelling normalized: 'Girl Gone Wild' -> 'Girls Gone Wild'
purim_2019,"Offer Nissim Purim Carnival (""Dance Purim - Make Your Wish"")",2019-03-23,"Expo Tel Aviv, Bitan 1 (Ganei Hataarucha)",Tel Aviv,Israel,20:06,1:58,47,,Suzanne Palmer,Fascinated,Offer Nissim Remix,SONG_0047,Suzanne Palmer - Fascinated (Offer Nissim Remix),high,
purim_2019,"Offer Nissim Purim Carnival (""Dance Purim - Make Your Wish"")",2019-03-23,"Expo Tel Aviv, Bitan 1 (Ganei Hataarucha)",Tel Aviv,Israel,20:06,1:58,48,,Offer Nissim Feat. Dana International,We Can Make It,,SONG_0048,Offer Nissim Feat. Dana International - We Can Make It,high,
purim_2019,"Offer Nissim Purim Carnival (""Dance Purim - Make Your Wish"")",2019-03-23,"Expo Tel Aviv, Bitan 1 (Ganei Hataarucha)",Tel Aviv,Israel,20:06,1:58,49,,Offer Nissim Feat. Sailo,Forgive Me,Club Mix,SONG_0049,Offer Nissim Feat Sailo - Forgive Me (Club Mix),high,Artist normalized: 'Offer Nissim Feat Sailo' -> 'Offer Nissim Feat. Sailo'
purim_2019,"Offer Nissim Purim Carnival (""Dance Purim - Make Your Wish"")",2019-03-23,"Expo Tel Aviv, Bitan 1 (Ganei Hataarucha)",Tel Aviv,Israel,20:06,1:58,50,,Brothers In Rhythm,Such A Good Feeling,Offer Nissim Remix,SONG_0050,Offer Nissim Brothers in Rhythm - Such a Good Feeling,high,Source reads 'Offer Nissim Brothers in Rhythm' with a dropped dash; it is the Offer Nissim Remix - confirmed by archive owner.
purim_2019,"Offer Nissim Purim Carnival (""Dance Purim - Make Your Wish"")",2019-03-23,"Expo Tel Aviv, Bitan 1 (Ganei Hataarucha)",Tel Aviv,Israel,20:06,1:58,51,,Billie Ray Martin,The Glittering Gutter,Offer Nissim Remix,SONG_0051,Billie Ray Martin - The Glittering Gutter (Offer Nissim Remix),high,
purim_2019,"Offer Nissim Purim Carnival (""Dance Purim - Make Your Wish"")",2019-03-23,"Expo Tel Aviv, Bitan 1 (Ganei Hataarucha)",Tel Aviv,Israel,20:06,1:58,52,,Offer Nissim Presents Jimmy Fontana,El Mundo,,SONG_0052,Offer Nissim Presents: Jimmy Fontana - El Mundo,high,Artist normalized: 'Offer Nissim Presents: Jimmy Fontana' -> 'Offer Nissim Presents Jimmy Fontana'
purim_2019,"Offer Nissim Purim Carnival (""Dance Purim - Make Your Wish"")",2019-03-23,"Expo Tel Aviv, Bitan 1 (Ganei Hataarucha)",Tel Aviv,Israel,20:06,1:58,53,,Kristine W.,Save My Soul,Gabriel & Dresden Mix (Offer Nissim Mix),SONG_0053,Gabriel & Dresden Feat. Kristine W. - Save My Soul (Offer Nissim Mix),medium,Corrected 26.09.2026: Artist corrected: the song is Kristine W. - Save My Soul; Gabriel & Dresden are the remixers (Beatport / Spotify / Wikipedia)
purim_2019,"Offer Nissim Purim Carnival (""Dance Purim - Make Your Wish"")",2019-03-23,"Expo Tel Aviv, Bitan 1 (Ganei Hataarucha)",Tel Aviv,Israel,20:06,1:58,54,,Britney Meets Hollywood,Gimme More And More,Offer Nissim Remix,SONG_0054,Britney Meets Hollywood - Gimme More And More (Offer Nissim Remix),high,
purim_2019,"Offer Nissim Purim Carnival (""Dance Purim - Make Your Wish"")",2019-03-23,"Expo Tel Aviv, Bitan 1 (Ganei Hataarucha)",Tel Aviv,Israel,20:06,1:58,55,,Anita Meyer,Why Tell Me Why,Offer Nissim Remix,SONG_0055,Anita Mayer - Why Tell Me Why (Offer Nissim Remix),high,Artist normalized: 'Anita Mayer' -> 'Anita Meyer'
purim_2019,"Offer Nissim Purim Carnival (""Dance Purim - Make Your Wish"")",2019-03-23,"Expo Tel Aviv, Bitan 1 (Ganei Hataarucha)",Tel Aviv,Israel,20:06,1:58,56,,Offer Nissim Feat. ROCKING SON,Moskau,Official Remix,SONG_0056,Offer Nissim Feat. ROCKING SON - Moskau (Official Remix),high,
purim_2019,"Offer Nissim Purim Carnival (""Dance Purim - Make Your Wish"")",2019-03-23,"Expo Tel Aviv, Bitan 1 (Ganei Hataarucha)",Tel Aviv,Israel,20:06,1:58,57,,Offer Nissim,Barcelona,,SONG_0057,Offer Nissim Presents : Barcelona,high,Barcelona' is the song title - confirmed by archive owner.
purim_2019,"Offer Nissim Purim Carnival (""Dance Purim - Make Your Wish"")",2019-03-23,"Expo Tel Aviv, Bitan 1 (Ganei Hataarucha)",Tel Aviv,Israel,20:06,1:58,58,,Shirley Bassey,La Passione,Offer Nissim Remix,SONG_0058,Shirley Bassey - La Passione - Offer Nissim Remix,high,
purim_2019,"Offer Nissim Purim Carnival (""Dance Purim - Make Your Wish"")",2019-03-23,"Expo Tel Aviv, Bitan 1 (Ganei Hataarucha)",Tel Aviv,Israel,20:06,1:58,59,,Kim Wilde,Loved,Offer Nissim Mix,SONG_0059,Kim Wilde - Loved (Offer Nissim Mix),high,
purim_2019,"Offer Nissim Purim Carnival (""Dance Purim - Make Your Wish"")",2019-03-23,"Expo Tel Aviv, Bitan 1 (Ganei Hataarucha)",Tel Aviv,Israel,20:06,1:58,60,,Offer Nissim,Ahasuerus,,SONG_0003,Offer Nissim - Ahasuerus,high,
pride_tel_aviv_2019,Offer Nissim Live in Concert - Pride Tel Aviv - Under The Sky,2019-06-15,Park Hayarkon (Ganei Yehoshua),Tel Aviv,Israel,18:38,23:56,1,,Offer Nissim Feat. The Israeli Opera,Hymns To God,,SONG_0060,Offer Nissim Feat. The Israeli Opera - Hymns To God,high,
pride_tel_aviv_2019,Offer Nissim Live in Concert - Pride Tel Aviv - Under The Sky,2019-06-15,Park Hayarkon (Ganei Yehoshua),Tel Aviv,Israel,18:38,23:56,2,,Offer Nissim Feat. Maya Simantov,Open Up,,SONG_0061,Offer Nissim Feat. Maya Simantov - Open Up,high,
pride_tel_aviv_2019,Offer Nissim Live in Concert - Pride Tel Aviv - Under The Sky,2019-06-15,Park Hayarkon (Ganei Yehoshua),Tel Aviv,Israel,18:38,23:56,3,,Offer Nissim Feat. Ivana Lola,Kriminal Eye,,SONG_0019,Offer Nissim Feat. Ivana Lola - Kriminal Eye,high,
pride_tel_aviv_2019,Offer Nissim Live in Concert - Pride Tel Aviv - Under The Sky,2019-06-15,Park Hayarkon (Ganei Yehoshua),Tel Aviv,Israel,18:38,23:56,4,,Black Box,Everybody Everybody,Offer Nissim Remix,SONG_0062,Black Box - Everybody Everybody - Offer Nissim Remix,high,
pride_tel_aviv_2019,Offer Nissim Live in Concert - Pride Tel Aviv - Under The Sky,2019-06-15,Park Hayarkon (Ganei Yehoshua),Tel Aviv,Israel,18:38,23:56,5,,Offer Nissim Feat. Meital De Razon,My Pride,,SONG_0063,Offer Nissim Feat. Meital De Razon - My Pride,high,
pride_tel_aviv_2019,Offer Nissim Live in Concert - Pride Tel Aviv - Under The Sky,2019-06-15,Park Hayarkon (Ganei Yehoshua),Tel Aviv,Israel,18:38,23:56,6,,Extasia & Zach Adam Feat. Rony G,Light Beams,Offer Nissim Remix,SONG_0007,DJ Extasia & Zach Adam feat Rony G - Light Beams - Offer Nissim Remix,high,Artist normalized: 'DJ Extasia & Zach Adam feat Rony G' -> 'Extasia & Zach Adam Feat. Rony G'
pride_tel_aviv_2019,Offer Nissim Live in Concert - Pride Tel Aviv - Under The Sky,2019-06-15,Park Hayarkon (Ganei Yehoshua),Tel Aviv,Israel,18:38,23:56,7,,Offer Nissim,Crazy Things At Night,,SONG_0001,Offer Nissim - Crazy Things At Night,high,
pride_tel_aviv_2019,Offer Nissim Live in Concert - Pride Tel Aviv - Under The Sky,2019-06-15,Park Hayarkon (Ganei Yehoshua),Tel Aviv,Israel,18:38,23:56,8,,Cher,Gimme! Gimme! Gimme! (A Man After Midnight),Offer Nissim Needs A Man Remix,SONG_0031,Cher- Gimme! Gimme! (A Man After Midnight) - Offer Nissim Needs A Man Remix,high,Source has only two 'Gimme!' and no space after 'Cher-'; same song.
pride_tel_aviv_2019,Offer Nissim Live in Concert - Pride Tel Aviv - Under The Sky,2019-06-15,Park Hayarkon (Ganei Yehoshua),Tel Aviv,Israel,18:38,23:56,9,,Offer Nissim Feat. The Tricksters (Yael Poliakov And Ilan Peled),Sing From Your Pussy,,SONG_0014,Offer Nissim Feat. Yael Poliakov And Ilan Peled (Miri Paskal) - Sing From Your Pussy - The Tricksters,high,(Miri Paskal)' character credit dropped; 'The Tricksters' is the act's name.
pride_tel_aviv_2019,Offer Nissim Live in Concert - Pride Tel Aviv - Under The Sky,2019-06-15,Park Hayarkon (Ganei Yehoshua),Tel Aviv,Israel,18:38,23:56,10,,Offer Nissim,Shalom Aleychem,,SONG_0044,Offer Nissim - Shalom Aleychem,high,
pride_tel_aviv_2019,Offer Nissim Live in Concert - Pride Tel Aviv - Under The Sky,2019-06-15,Park Hayarkon (Ganei Yehoshua),Tel Aviv,Israel,18:38,23:56,11,,Offer Nissim Feat. Riki Ben-Ari,Fame,,SONG_0021,Offer Nissim Feat. Riki Ben-Ari - Fame,high,
pride_tel_aviv_2019,Offer Nissim Live in Concert - Pride Tel Aviv - Under The Sky,2019-06-15,Park Hayarkon (Ganei Yehoshua),Tel Aviv,Israel,18:38,23:56,12,,Offer Nissim Feat. Maya Simantov,Let Me Live,,SONG_0040,Offer Nissim Feat. Maya Simantov - Let Me Live,high,
pride_tel_aviv_2019,Offer Nissim Live in Concert - Pride Tel Aviv - Under The Sky,2019-06-15,Park Hayarkon (Ganei Yehoshua),Tel Aviv,Israel,18:38,23:56,13,,Amelia Lily,You Bring Me Joy,Offer Nissim Remix,SONG_0020,Amelia Lily - Bring Me Joy - Offer Nissim Remix,high,Title spelling normalized: 'Bring Me Joy' -> 'You Bring Me Joy'
pride_tel_aviv_2019,Offer Nissim Live in Concert - Pride Tel Aviv - Under The Sky,2019-06-15,Park Hayarkon (Ganei Yehoshua),Tel Aviv,Israel,18:38,23:56,14,,Offer Nissim Presents The Bitches,Ain't No Mountain,,SONG_0064,Offer Nissim Present: The Bitches - Ain't No Mountain,high,Artist normalized: 'Offer Nissim Present: The Bitches' -> 'Offer Nissim Presents The Bitches'
pride_tel_aviv_2019,Offer Nissim Live in Concert - Pride Tel Aviv - Under The Sky,2019-06-15,Park Hayarkon (Ganei Yehoshua),Tel Aviv,Israel,18:38,23:56,15,,Offer Nissim,Esther,,SONG_0002,Offer Nissim - Esther,high,
pride_tel_aviv_2019,Offer Nissim Live in Concert - Pride Tel Aviv - Under The Sky,2019-06-15,Park Hayarkon (Ganei Yehoshua),Tel Aviv,Israel,18:38,23:56,16,,Madonna X Maluma,Medellin,Offer Nissim Set Me Free Remix,SONG_0065,Madonna X Maluma - Medellin - Offer Nissim Set Me Free Remix,high,
pride_tel_aviv_2019,Offer Nissim Live in Concert - Pride Tel Aviv - Under The Sky,2019-06-15,Park Hayarkon (Ganei Yehoshua),Tel Aviv,Israel,18:38,23:56,17,,Offer Nissim Feat. Nasrin Kadri,Lord Of Mercy,,SONG_0066,Offer Nissim Feat. Nasrin Qadri - Lord Of Mercy,high,Artist normalized: 'Offer Nissim Feat. Nasrin Qadri' -> 'Offer Nissim Feat. Nasrin Kadri'
pride_tel_aviv_2019,Offer Nissim Live in Concert - Pride Tel Aviv - Under The Sky,2019-06-15,Park Hayarkon (Ganei Yehoshua),Tel Aviv,Israel,18:38,23:56,18,,Farid El Atrache,Banadi Aleik,Offer Nissim Remix,SONG_0067,Farid El Atrache - Banadi Aleik (Offer Nissim Remix),high,
pride_tel_aviv_2019,Offer Nissim Live in Concert - Pride Tel Aviv - Under The Sky,2019-06-15,Park Hayarkon (Ganei Yehoshua),Tel Aviv,Israel,18:38,23:56,19,,Offer Nissim Feat. Eyal Golan,Lo Mevina Ivrit,,SONG_0027,Offer Nissim Feat. Eyal Golan - Lo Mevina Ivrit,high,
pride_tel_aviv_2019,Offer Nissim Live in Concert - Pride Tel Aviv - Under The Sky,2019-06-15,Park Hayarkon (Ganei Yehoshua),Tel Aviv,Israel,18:38,23:56,20,,Offer Nissim,Dancing,,SONG_0068,Offer Nissim - Dancing,high,
pride_tel_aviv_2019,Offer Nissim Live in Concert - Pride Tel Aviv - Under The Sky,2019-06-15,Park Hayarkon (Ganei Yehoshua),Tel Aviv,Israel,18:38,23:56,21,,The Trash Mermaids,Xperiel,Offer Nissim Remix,SONG_0018,The Trash Mermaids - Xperiel - Offer Nissim Remix,high,
pride_tel_aviv_2019,Offer Nissim Live in Concert - Pride Tel Aviv - Under The Sky,2019-06-15,Park Hayarkon (Ganei Yehoshua),Tel Aviv,Israel,18:38,23:56,22,,Michelle Obama All-Star Girl Power Anthem,This Is For My Girls,Offer Nissim Remix,SONG_0069,Michelle Obama All-Star Girl Power Anthem - This Is For My Girls - Offer Nissim Remix,high,
pride_tel_aviv_2019,Offer Nissim Live in Concert - Pride Tel Aviv - Under The Sky,2019-06-15,Park Hayarkon (Ganei Yehoshua),Tel Aviv,Israel,18:38,23:56,23,,Offer Nissim Feat. Maya Simantov,Rainbow,,SONG_0070,Offer Nissim Feat. Maya Simantov - Rainbow,high,
pride_tel_aviv_2019,Offer Nissim Live in Concert - Pride Tel Aviv - Under The Sky,2019-06-15,Park Hayarkon (Ganei Yehoshua),Tel Aviv,Israel,18:38,23:56,24,,Offer Nissim Feat. Zach Adam & Riki Ben-Ari,Born To Dance,,SONG_0071,Offer Nissim Feat. Zach Adam & Riki Ben-Ari - Born To Dance,high,
pride_tel_aviv_2019,Offer Nissim Live in Concert - Pride Tel Aviv - Under The Sky,2019-06-15,Park Hayarkon (Ganei Yehoshua),Tel Aviv,Israel,18:38,23:56,25,,Offer Nissim Feat. Riki Ben-Ari,Dance The Night,,SONG_0006,Offer Nissim Feat. Riki Ben-Ari - Dance The Night,high,
pride_tel_aviv_2019,Offer Nissim Live in Concert - Pride Tel Aviv - Under The Sky,2019-06-15,Park Hayarkon (Ganei Yehoshua),Tel Aviv,Israel,18:38,23:56,26,,Offer Nissim Feat. Maya Simantov,Perfect Love,,SONG_0041,Offer Nissim Feat. Maya Simantov - Pefect Love,high,Title spelling normalized: 'Pefect Love' -> 'Perfect Love'
pride_tel_aviv_2019,Offer Nissim Live in Concert - Pride Tel Aviv - Under The Sky,2019-06-15,Park Hayarkon (Ganei Yehoshua),Tel Aviv,Israel,18:38,23:56,27,,Offer Nissim Feat. Maya Simantov,Wish You Were Here,,SONG_0072,Offer Nissim Feat. Maya Simantov - Wish You Were Here,high,
pride_tel_aviv_2019,Offer Nissim Live in Concert - Pride Tel Aviv - Under The Sky,2019-06-15,Park Hayarkon (Ganei Yehoshua),Tel Aviv,Israel,18:38,23:56,28,,Paul Oakenfold,Southern Sun,Offer Nissim Remix,SONG_0073,Paul Oakenfold - Souther Sun - Offer Nissim Remix,high,Title spelling normalized: 'Souther Sun' -> 'Southern Sun'
pride_tel_aviv_2019,Offer Nissim Live in Concert - Pride Tel Aviv - Under The Sky,2019-06-15,Park Hayarkon (Ganei Yehoshua),Tel Aviv,Israel,18:38,23:56,29,,Vanessa Paradis,Joe Le Taxi,Offer Nissim Remix,SONG_0074,Vanessa Paradis - Joe Le Taxi - Offer Nissim Remix,high,
pride_tel_aviv_2019,Offer Nissim Live in Concert - Pride Tel Aviv - Under The Sky,2019-06-15,Park Hayarkon (Ganei Yehoshua),Tel Aviv,Israel,18:38,23:56,30,,ABBA,SOS,Offer Nissim Remix,SONG_0075,ABBA - SOS - Offer Nissim Remix,high,
pride_tel_aviv_2019,Offer Nissim Live in Concert - Pride Tel Aviv - Under The Sky,2019-06-15,Park Hayarkon (Ganei Yehoshua),Tel Aviv,Israel,18:38,23:56,31,,Offer Nissim Feat. Maya Simantov,Come Out,,SONG_0076,Offer Nissim Feat. Maya Simantov - Come Out,high,
pride_tel_aviv_2019,Offer Nissim Live in Concert - Pride Tel Aviv - Under The Sky,2019-06-15,Park Hayarkon (Ganei Yehoshua),Tel Aviv,Israel,18:38,23:56,32,,Offer Nissim Feat. Gila Goldstein,Feel It,,SONG_0010,Offer Nissim Feat. Gila Goldstein - Feel It,high,
pride_tel_aviv_2019,Offer Nissim Live in Concert - Pride Tel Aviv - Under The Sky,2019-06-15,Park Hayarkon (Ganei Yehoshua),Tel Aviv,Israel,18:38,23:56,33,,Offer Nissim,Cha Cha Cha,Peter Rauhofer NYC Edit,SONG_0023,Offer Nissim - Another Cha Cha (Peter Rauhofer's NYC Edit),high,Corrected 03.10.2026: official title per Offer Nissim's release (Spotify / Beatport / Star 69 Records: 'Cha Cha Cha (Peter Rauhofer NYC Edit)')
pride_tel_aviv_2019,Offer Nissim Live in Concert - Pride Tel Aviv - Under The Sky,2019-06-15,Park Hayarkon (Ganei Yehoshua),Tel Aviv,Israel,18:38,23:56,34,,Offer Nissim,Africa,,SONG_0077,Offer Nissim - Africa,high,
pride_tel_aviv_2019,Offer Nissim Live in Concert - Pride Tel Aviv - Under The Sky,2019-06-15,Park Hayarkon (Ganei Yehoshua),Tel Aviv,Israel,18:38,23:56,35,,Offer Nissim,Osa Osa,Original Mix,SONG_0078,Offer Nissim - Osa Osa (Original Mix),high,
pride_tel_aviv_2019,Offer Nissim Live in Concert - Pride Tel Aviv - Under The Sky,2019-06-15,Park Hayarkon (Ganei Yehoshua),Tel Aviv,Israel,18:38,23:56,36,,Eartha Kitt,Where Is My Man,Offer Nissim Remix,SONG_0079,Eartha Kitt - Where Is My Man - Offer Nissim Remix,high,
pride_tel_aviv_2019,Offer Nissim Live in Concert - Pride Tel Aviv - Under The Sky,2019-06-15,Park Hayarkon (Ganei Yehoshua),Tel Aviv,Israel,18:38,23:56,37,,Offer Nissim Feat. Maya Simantov,Everybody Needs A Man,,SONG_0032,Offer Nissim Feat. Maya Simantov - Everybody Needs A Man,high,
pride_tel_aviv_2019,Offer Nissim Live in Concert - Pride Tel Aviv - Under The Sky,2019-06-15,Park Hayarkon (Ganei Yehoshua),Tel Aviv,Israel,18:38,23:56,38,,Offer Nissim Feat. Epiphony & Elisete,Million Stars,Club Mix,SONG_0080,Offer Nissim Ft. Epiphony & Elisete - Million Stars (Club Mix),high,Artist normalized: 'Offer Nissim Ft. Epiphony & Elisete' -> 'Offer Nissim Feat. Epiphony & Elisete'
pride_tel_aviv_2019,Offer Nissim Live in Concert - Pride Tel Aviv - Under The Sky,2019-06-15,Park Hayarkon (Ganei Yehoshua),Tel Aviv,Israel,18:38,23:56,39,,Offer Nissim Feat. Betty,Poison (Ra'al),,SONG_0081,Offer Nisim ft. Betty - Poison,high,Title spelling normalized: 'Poison' -> 'Poison (Ra'al)'; Artist normalized: 'Offer Nisim ft. Betty' -> 'Offer Nissim Feat. Betty'
pride_tel_aviv_2019,Offer Nissim Live in Concert - Pride Tel Aviv - Under The Sky,2019-06-15,Park Hayarkon (Ganei Yehoshua),Tel Aviv,Israel,18:38,23:56,40,,Miri Mesika,Mefahed Allay'ich,Offer Nissim Remix,SONG_0013,Miri Mesika - Mefahed Allay'ich - Offer Nissim Remix,high,
pride_tel_aviv_2019,Offer Nissim Live in Concert - Pride Tel Aviv - Under The Sky,2019-06-15,Park Hayarkon (Ganei Yehoshua),Tel Aviv,Israel,18:38,23:56,41,,Offer Nissim,A Relationship With A Man,,SONG_0082,Offer Nissim - A Relationship With A Man,high,
pride_tel_aviv_2019,Offer Nissim Live in Concert - Pride Tel Aviv - Under The Sky,2019-06-15,Park Hayarkon (Ganei Yehoshua),Tel Aviv,Israel,18:38,23:56,42,,Deborah Cox,Easy As Life,Offer Nissim Remix,SONG_0083,Deborah Cox - Easy As Life (Offer Nissim Remix),high,
pride_tel_aviv_2019,Offer Nissim Live in Concert - Pride Tel Aviv - Under The Sky,2019-06-15,Park Hayarkon (Ganei Yehoshua),Tel Aviv,Israel,18:38,23:56,43,,Anita Meyer,Why Tell Me Why,Offer Nissim Remix,SONG_0055,Anita Mayer - Why Tell Me Why (Offer Nissim Remix),high,Artist normalized: 'Anita Mayer' -> 'Anita Meyer'
pride_tel_aviv_2019,Offer Nissim Live in Concert - Pride Tel Aviv - Under The Sky,2019-06-15,Park Hayarkon (Ganei Yehoshua),Tel Aviv,Israel,18:38,23:56,44,,Donna Summer & Barbra Streisand,Enough Is Enough,2017 (Offer Nissim's Drama Remix),SONG_0084,Donna Summer & Barbra Streisand - Enough Is Enough 2017 (Offer Nissim's Drama Remix),high,2017' belongs to the remix label.
pride_tel_aviv_2019,Offer Nissim Live in Concert - Pride Tel Aviv - Under The Sky,2019-06-15,Park Hayarkon (Ganei Yehoshua),Tel Aviv,Israel,18:38,23:56,45,,Offer Nissim Feat. Ania Bukstein,Rokedet,,SONG_0034,Offer Nissim Feat. Ania Bukstein - Rokedet,high,
pride_tel_aviv_2019,Offer Nissim Live in Concert - Pride Tel Aviv - Under The Sky,2019-06-15,Park Hayarkon (Ganei Yehoshua),Tel Aviv,Israel,18:38,23:56,46,,Offer Nissim X Ania Bukstein,Equality,,SONG_0085,Offer Nissim X Ania Bukstein - Equality,high,
pride_tel_aviv_2019,Offer Nissim Live in Concert - Pride Tel Aviv - Under The Sky,2019-06-15,Park Hayarkon (Ganei Yehoshua),Tel Aviv,Israel,18:38,23:56,47,,Offer Nissim Feat. Meital De Razon & Riki Ben-Ari,Better Man,,SONG_0086,Offer Nissim Feat. Meital De Razon & Riki Ben-Ari - Better Man,high,
pride_tel_aviv_2019,Offer Nissim Live in Concert - Pride Tel Aviv - Under The Sky,2019-06-15,Park Hayarkon (Ganei Yehoshua),Tel Aviv,Israel,18:38,23:56,48,,Aretha Franklin,Rolling In The Deep,Offer Nissim Remix,SONG_0087,Aretha Franklin - Rolling In The Deep (Offer Nissim Remix),high,
pride_tel_aviv_2019,Offer Nissim Live in Concert - Pride Tel Aviv - Under The Sky,2019-06-15,Park Hayarkon (Ganei Yehoshua),Tel Aviv,Israel,18:38,23:56,49,,Offer Nissim,Fucker,,SONG_0088,Offer Nissim - Fucker,high,
pride_tel_aviv_2019,Offer Nissim Live in Concert - Pride Tel Aviv - Under The Sky,2019-06-15,Park Hayarkon (Ganei Yehoshua),Tel Aviv,Israel,18:38,23:56,50,,Offer Nissim,Set My Mind Free,,SONG_0035,Offer Nissim - Set My Mind Free,high,
pride_tel_aviv_2019,Offer Nissim Live in Concert - Pride Tel Aviv - Under The Sky,2019-06-15,Park Hayarkon (Ganei Yehoshua),Tel Aviv,Israel,18:38,23:56,51,,Anggun,The Good Is Back,Offer Nissim Remix,SONG_0089,Anggun - The Good Is Back - Offer Nissim Remix,high,
pride_tel_aviv_2019,Offer Nissim Live in Concert - Pride Tel Aviv - Under The Sky,2019-06-15,Park Hayarkon (Ganei Yehoshua),Tel Aviv,Israel,18:38,23:56,52,,Idan Raichel,Achshav Nish'arnu,Offer Nissim Remix,SONG_0090,Idan Raichel - Achshav Nish'arnu - Offer Nissim Remix,high,
pride_tel_aviv_2019,Offer Nissim Live in Concert - Pride Tel Aviv - Under The Sky,2019-06-15,Park Hayarkon (Ganei Yehoshua),Tel Aviv,Israel,18:38,23:56,53,,Offer Nissim,Completely Yourself,,SONG_0045,Offer Nissim - Completely Yourself,high,
pride_tel_aviv_2019,Offer Nissim Live in Concert - Pride Tel Aviv - Under The Sky,2019-06-15,Park Hayarkon (Ganei Yehoshua),Tel Aviv,Israel,18:38,23:56,54,,Offer Nissim Feat. Dana International,Layla Tov Eropa,,SONG_0091,Offer Nissim Feat. Dana International - Layla Tov Eropa,high,
pride_tel_aviv_2019,Offer Nissim Live in Concert - Pride Tel Aviv - Under The Sky,2019-06-15,Park Hayarkon (Ganei Yehoshua),Tel Aviv,Israel,18:38,23:56,55,,Offer Nissim X Ninet,Who Wants To Live Forever,,SONG_0092,Offer Nissim X Ninet - Who Wants To Live Forever,high,
rosh_hashana_2019,Offer Nissim Rosh Hashanah Concert,2019-09-30,"Expo Tel Aviv, Bitan 1",Tel Aviv,Israel,22:30,4:00,1,,Madonna,God Control,Offer Nissim's Rosh Hashanah Remix,SONG_0093,Madonna - God Control - Offer Nissim's Rosh Hashanah Remix,high,
rosh_hashana_2019,Offer Nissim Rosh Hashanah Concert,2019-09-30,"Expo Tel Aviv, Bitan 1",Tel Aviv,Israel,22:30,4:00,2,,Offer Nissim,Theater Club,,SONG_0094,Offer Nissim - Theater Club,high,
rosh_hashana_2019,Offer Nissim Rosh Hashanah Concert,2019-09-30,"Expo Tel Aviv, Bitan 1",Tel Aviv,Israel,22:30,4:00,3,,Love De-Luxe,Here Comes That Sound Again,Offer Nissim Remix,SONG_0095,Love De-Luxe - Here Comes That Sound - Offer Nissim Remix,high,Corrected 26.09.2026: Official title is 'Here Comes That Sound Again' (Discogs / Wikipedia)
rosh_hashana_2019,Offer Nissim Rosh Hashanah Concert,2019-09-30,"Expo Tel Aviv, Bitan 1",Tel Aviv,Israel,22:30,4:00,4,,Offer Nissim Vs Michael Jackson,Off The Wall,,SONG_0096,Offer Nissim Vs Michael Jackson - Off The Wall,high,
rosh_hashana_2019,Offer Nissim Rosh Hashanah Concert,2019-09-30,"Expo Tel Aviv, Bitan 1",Tel Aviv,Israel,22:30,4:00,5,,Vali,Pluto,Offer Nissim Remix,SONG_0030,Vali - Pluto - Offer Nissim Remix,high,
rosh_hashana_2019,Offer Nissim Rosh Hashanah Concert,2019-09-30,"Expo Tel Aviv, Bitan 1",Tel Aviv,Israel,22:30,4:00,6,,Offer Nissim Feat. Maya Simantov,Wake Up,Original Mix,SONG_0022,Offer Nissim Feat. Maya Simantov - Wake Up (Original Mix),high,
rosh_hashana_2019,Offer Nissim Rosh Hashanah Concert,2019-09-30,"Expo Tel Aviv, Bitan 1",Tel Aviv,Israel,22:30,4:00,7,,Offer Nissim Feat. Maya Simantov,Lie,Live Performance,SONG_0097,Offer Nissim Feat. Maya Simantov - Lie (Live Performance),high,
rosh_hashana_2019,Offer Nissim Rosh Hashanah Concert,2019-09-30,"Expo Tel Aviv, Bitan 1",Tel Aviv,Israel,22:30,4:00,8,,Offer Nissim Feat. The Israeli Opera,Hymns To God,,SONG_0060,Offer Nissim Feat. The Israeli Opera - Hymns To God,high,
rosh_hashana_2019,Offer Nissim Rosh Hashanah Concert,2019-09-30,"Expo Tel Aviv, Bitan 1",Tel Aviv,Israel,22:30,4:00,9,,Cher,Gimme! Gimme! Gimme! (A Man After Midnight),Offer Nissim Remix,SONG_0031,Cher - Gimme Gimme Gimme! - A Man After Midnight - Offer Nissim Remix,high,Subtitle written as a separate dash segment; version as written is 'Offer Nissim Remix' (not the 'Needs A Man' wording).
rosh_hashana_2019,Offer Nissim Rosh Hashanah Concert,2019-09-30,"Expo Tel Aviv, Bitan 1",Tel Aviv,Israel,22:30,4:00,10,,Offer Nissim Feat. Zach Adam,You Need My Love,,SONG_0098,Offer Nissim Feat. Zach Adam - You Need My Love,high,
rosh_hashana_2019,Offer Nissim Rosh Hashanah Concert,2019-09-30,"Expo Tel Aviv, Bitan 1",Tel Aviv,Israel,22:30,4:00,11,,Offer Nissim Feat. Zach Adam & Riki Ben-Ari,Born To Dance,,SONG_0071,Offer Nissim Feat. Zach Adam & Riki Ben-Ari - Born To Dance,high,
rosh_hashana_2019,Offer Nissim Rosh Hashanah Concert,2019-09-30,"Expo Tel Aviv, Bitan 1",Tel Aviv,Israel,22:30,4:00,12,,Offer Nissim Feat. Riki Ben-Ari,Dance The Night,,SONG_0006,Offer Nissim Feat. Riki Ben-Ari - Dance The Night,high,
rosh_hashana_2019,Offer Nissim Rosh Hashanah Concert,2019-09-30,"Expo Tel Aviv, Bitan 1",Tel Aviv,Israel,22:30,4:00,13,,Offer Nissim Feat. Ivana Lola,Kriminal Eye,,SONG_0019,Offer Nissim Feat. Ivana Lola - Kriminal Eye,high,
rosh_hashana_2019,Offer Nissim Rosh Hashanah Concert,2019-09-30,"Expo Tel Aviv, Bitan 1",Tel Aviv,Israel,22:30,4:00,14,,Offer Nissim,Dancing,,SONG_0068,Offer Nissim - Dancing,high,
rosh_hashana_2019,Offer Nissim Rosh Hashanah Concert,2019-09-30,"Expo Tel Aviv, Bitan 1",Tel Aviv,Israel,22:30,4:00,15,,Offer Nissim,Shalom Aleychem,,SONG_0044,Offer Nissim - Shalom Aleychem,high,
rosh_hashana_2019,Offer Nissim Rosh Hashanah Concert,2019-09-30,"Expo Tel Aviv, Bitan 1",Tel Aviv,Israel,22:30,4:00,16,,Offer Nissim Feat. Ania Bukstein,Rokedet,,SONG_0034,Offer Nissim Feat. Ania Bukstein - ROKEDET,high,
rosh_hashana_2019,Offer Nissim Rosh Hashanah Concert,2019-09-30,"Expo Tel Aviv, Bitan 1",Tel Aviv,Israel,22:30,4:00,17,,Offer Nissim Feat. Eyal Golan,Lo Mevina Ivrit,,SONG_0027,Offer Nissim Feat. Eyal Golan - Lo Mevina Ivrit,high,
rosh_hashana_2019,Offer Nissim Rosh Hashanah Concert,2019-09-30,"Expo Tel Aviv, Bitan 1",Tel Aviv,Israel,22:30,4:00,18,,Offer Nissim Feat. Sarit Hadad,Shufuni,,SONG_0012,Offer Nissim Feat. Sarit Hadad - Shufuni,high,
rosh_hashana_2019,Offer Nissim Rosh Hashanah Concert,2019-09-30,"Expo Tel Aviv, Bitan 1",Tel Aviv,Israel,22:30,4:00,19,,Offer Nissim Feat. Nasrin Kadri,Lord Of Mercy,,SONG_0066,Offer Nissim Feat. Nasrin Qadri - Lord Of Mercy,high,Artist normalized: 'Offer Nissim Feat. Nasrin Qadri' -> 'Offer Nissim Feat. Nasrin Kadri'
rosh_hashana_2019,Offer Nissim Rosh Hashanah Concert,2019-09-30,"Expo Tel Aviv, Bitan 1",Tel Aviv,Israel,22:30,4:00,20,,Dana International,Petra,Offer Nissim '08 Reconstruction,SONG_0099,Dana International - Petra (Offer Nissim '08 Reconstruction),high,
rosh_hashana_2019,Offer Nissim Rosh Hashanah Concert,2019-09-30,"Expo Tel Aviv, Bitan 1",Tel Aviv,Israel,22:30,4:00,21,,Offer Nissim Feat. The Tricksters (Yael Poliakov And Ilan Peled),Sing From Your Pussy,,SONG_0014,Offer Nissim Feat Yael Poliakov And Ilan Peled - Sing From Your Pussy - The Tricksters,high,The Tricksters' is part of the act's name (Yael Poliakov and Ilan Peled) - confirmed by archive owner.
rosh_hashana_2019,Offer Nissim Rosh Hashanah Concert,2019-09-30,"Expo Tel Aviv, Bitan 1",Tel Aviv,Israel,22:30,4:00,22,,Offer Nissim Presents Ilan Peled,C'est Coccinelle,,SONG_0100,Offer Nissim Presents Ilan Peled - Ćest Coccinelle,high,
rosh_hashana_2019,Offer Nissim Rosh Hashanah Concert,2019-09-30,"Expo Tel Aviv, Bitan 1",Tel Aviv,Israel,22:30,4:00,23,,Suzanne Palmer,Fascinated,Offer Nissim Remix,SONG_0047,Suzanne Palmer - Fascinated (Offer Nissim Remix),high,
rosh_hashana_2019,Offer Nissim Rosh Hashanah Concert,2019-09-30,"Expo Tel Aviv, Bitan 1",Tel Aviv,Israel,22:30,4:00,24,,Britney Spears,Till The World Ends,Offer Nissim & Itay Kalderon Lovers Remix,SONG_0101,Britney Spears - Till The World Ends (Offer Nissim & Itay Kalderon Lovers Remix),high,
rosh_hashana_2019,Offer Nissim Rosh Hashanah Concert,2019-09-30,"Expo Tel Aviv, Bitan 1",Tel Aviv,Israel,22:30,4:00,25,,Beyoncé,Run The World (Girls),Itay kalderon & Adi Perez Remix,SONG_0102,Beyonce - Run The World (Itay kalderon & Adi Perez Remix),high,Corrected 26.09.2026: Official spelling: 'Beyonce - Run The World' -> 'Beyoncé - Run The World (Girls)'
rosh_hashana_2019,Offer Nissim Rosh Hashanah Concert,2019-09-30,"Expo Tel Aviv, Bitan 1",Tel Aviv,Israel,22:30,4:00,26,,Michelle Obama All-Star Girl Power Anthem,This Is For My Girls,Offer Nissim Remix,SONG_0069,This Is For My Girls (Offer Nissim Remix),high,No artist printed in source; confirmed by archive owner to be the Michelle Obama All-Star Girl Power Anthem track.
rosh_hashana_2019,Offer Nissim Rosh Hashanah Concert,2019-09-30,"Expo Tel Aviv, Bitan 1",Tel Aviv,Israel,22:30,4:00,27,,Donna Summer & Barbra Streisand,Enough Is Enough,2017 (Offer Nissim's Drama Remix),SONG_0084,Donna Summer & Barbra Streisand - Enough Is Enough 2017 (Offer Nissim's Drama Remix),high,2017' belongs to the remix label.
rosh_hashana_2019,Offer Nissim Rosh Hashanah Concert,2019-09-30,"Expo Tel Aviv, Bitan 1",Tel Aviv,Israel,22:30,4:00,28,,Keren Peles,Mi Ani,Offer Nissim Remix (Live Performance),SONG_0103,Keren Peles - מי אני Mi Ani מי אני - Offer Nissim Remix (Live Performance),high,Title written in Hebrew and transliteration; normalized to 'Mi Ani'.
rosh_hashana_2019,Offer Nissim Rosh Hashanah Concert,2019-09-30,"Expo Tel Aviv, Bitan 1",Tel Aviv,Israel,22:30,4:00,29,,Offer Nissim Vs Led Zeppelin,Whole Lotta Love,,SONG_0104,Offer Nissim Vs Led Zeppelin - Whole Lotta Love,high,
rosh_hashana_2019,Offer Nissim Rosh Hashanah Concert,2019-09-30,"Expo Tel Aviv, Bitan 1",Tel Aviv,Israel,22:30,4:00,30,,Madonna X Maluma,Medellin,Offer Nissim Set Me Free Remix,SONG_0065,Madonna X Maluma - Medellín - Offer Nissim Set Me Free Remix,high,
rosh_hashana_2019,Offer Nissim Rosh Hashanah Concert,2019-09-30,"Expo Tel Aviv, Bitan 1",Tel Aviv,Israel,22:30,4:00,31,,Madonna,I Rise,Offer Nissim Remix,SONG_0105,Madonna - I Rise - Offer Nissim Remix,high,
rosh_hashana_2019,Offer Nissim Rosh Hashanah Concert,2019-09-30,"Expo Tel Aviv, Bitan 1",Tel Aviv,Israel,22:30,4:00,32,,Offer Nissim,Esther,,SONG_0002,Offer Nissim – Esther,high,
rosh_hashana_2019,Offer Nissim Rosh Hashanah Concert,2019-09-30,"Expo Tel Aviv, Bitan 1",Tel Aviv,Israel,22:30,4:00,33,,Angie Stone,Wish I Didn't Miss You,Offer Nissim Remix,SONG_0106,Angie Stone - Wish I Didn't Miss You - Offer Nissim Remix,high,
rosh_hashana_2019,Offer Nissim Rosh Hashanah Concert,2019-09-30,"Expo Tel Aviv, Bitan 1",Tel Aviv,Israel,22:30,4:00,34,,Offer Nissim Presents Jimmy Fontana,El Mundo,,SONG_0052,Offer Nissim Presents: Jimmy Fontana - El Mundo,high,Artist normalized: 'Offer Nissim Presents: Jimmy Fontana' -> 'Offer Nissim Presents Jimmy Fontana'
rosh_hashana_2019,Offer Nissim Rosh Hashanah Concert,2019-09-30,"Expo Tel Aviv, Bitan 1",Tel Aviv,Israel,22:30,4:00,35,,Offer Nissim Feat. Maya Simantov,Searching,,SONG_0107,Offer Nissim Feat. Maya Simantov - Searching,high,
rosh_hashana_2019,Offer Nissim Rosh Hashanah Concert,2019-09-30,"Expo Tel Aviv, Bitan 1",Tel Aviv,Israel,22:30,4:00,36,,Offer Nissim Feat. Maya Simantov,Holding On,,SONG_0108,Offer Nissim Feat. Maya Simantov - Holding On,high,
rosh_hashana_2019,Offer Nissim Rosh Hashanah Concert,2019-09-30,"Expo Tel Aviv, Bitan 1",Tel Aviv,Israel,22:30,4:00,37,,Anggun,The Good Is Back,Offer Nissim Remix,SONG_0089,Anggun - The Good Is Back - Offer Nissim Remix,high,
rosh_hashana_2019,Offer Nissim Rosh Hashanah Concert,2019-09-30,"Expo Tel Aviv, Bitan 1",Tel Aviv,Israel,22:30,4:00,38,,Offer Nissim Feat. Betty,Poison (Ra'al),,SONG_0081,Offer Nisim ft. Betty - Poison,high,Title spelling normalized: 'Poison' -> 'Poison (Ra'al)'; Artist normalized: 'Offer Nisim ft. Betty' -> 'Offer Nissim Feat. Betty'
rosh_hashana_2019,Offer Nissim Rosh Hashanah Concert,2019-09-30,"Expo Tel Aviv, Bitan 1",Tel Aviv,Israel,22:30,4:00,39,,Offer Nissim Presents Ofra Haza,Latet,Reconstruction Mix,SONG_0109,Offer Nissim Presents Ofra Haza - Latet (Reconstruction Mix),high,
rosh_hashana_2019,Offer Nissim Rosh Hashanah Concert,2019-09-30,"Expo Tel Aviv, Bitan 1",Tel Aviv,Israel,22:30,4:00,40,,Offer Nissim Feat. Sailo,Forgive Me,Techno Mix,SONG_0049,Offer Nissim Feat Sailo - Forgive Me (Techno Mix),high,Artist normalized: 'Offer Nissim Feat Sailo' -> 'Offer Nissim Feat. Sailo'
rosh_hashana_2019,Offer Nissim Rosh Hashanah Concert,2019-09-30,"Expo Tel Aviv, Bitan 1",Tel Aviv,Israel,22:30,4:00,41,,Offer Nissim Feat. Omri Mizrahi,Don't Stop The Dance,Original Mix,SONG_0110,Offer Nissim Ft. Omri Mizrahi - Don't Stop The Dance (Original Mix),high,Artist normalized: 'Offer Nissim Ft. Omri Mizrahi' -> 'Offer Nissim Feat. Omri Mizrahi'
rosh_hashana_2019,Offer Nissim Rosh Hashanah Concert,2019-09-30,"Expo Tel Aviv, Bitan 1",Tel Aviv,Israel,22:30,4:00,42,,Offer Nissim X Mergui,City Lights,,SONG_0111,Offer Nissim x Mergui - City Lights,high,Artist normalized: 'Offer Nissim x Mergui' -> 'Offer Nissim X Mergui'
rosh_hashana_2019,Offer Nissim Rosh Hashanah Concert,2019-09-30,"Expo Tel Aviv, Bitan 1",Tel Aviv,Israel,22:30,4:00,43,,Offer Nissim,Sex,,SONG_0112,Offer Nissim – Sex,high,
rosh_hashana_2019,Offer Nissim Rosh Hashanah Concert,2019-09-30,"Expo Tel Aviv, Bitan 1",Tel Aviv,Israel,22:30,4:00,44,,Offer Nissim Feat. Maya Simantov,Let Me Live,,SONG_0040,Offer Nissim Feat. Maya Simantov - Let Me Live,high,
rosh_hashana_2019,Offer Nissim Rosh Hashanah Concert,2019-09-30,"Expo Tel Aviv, Bitan 1",Tel Aviv,Israel,22:30,4:00,45,,Amelia Lily,You Bring Me Joy,Offer Nissim Remix,SONG_0020,Amelia Lily - You Bring Me Joy - Offer Nissim Remix,high,
rosh_hashana_2019,Offer Nissim Rosh Hashanah Concert,2019-09-30,"Expo Tel Aviv, Bitan 1",Tel Aviv,Israel,22:30,4:00,46,,Offer Nissim,Up To The Top,,SONG_0113,Offer Nissim - Up To The Top,high,
rosh_hashana_2019,Offer Nissim Rosh Hashanah Concert,2019-09-30,"Expo Tel Aviv, Bitan 1",Tel Aviv,Israel,22:30,4:00,47,,Lara Fabian,Growing Wings,Offer Nissim Remix,SONG_0005,Lara Fabian - Growing Wings - Offer Nissim Remix,high,
rosh_hashana_2019,Offer Nissim Rosh Hashanah Concert,2019-09-30,"Expo Tel Aviv, Bitan 1",Tel Aviv,Israel,22:30,4:00,48,,Chava Alberstein,The Treasure,Offer Nissim Remix,SONG_0114,Chava Alberstein - The Treasure - Offer Nissim Remix,high,
rosh_hashana_2019,Offer Nissim Rosh Hashanah Concert,2019-09-30,"Expo Tel Aviv, Bitan 1",Tel Aviv,Israel,22:30,4:00,49,,Offer Nissim,Movement - Let The Music Play | Shannon,,SONG_0115,Offer Nissim - Movement - Let The Music Play | Shannon,high,"Track name kept whole ('Movement', built on Shannon's 'Let The Music Play'); no version stated."
rosh_hashana_2019,Offer Nissim Rosh Hashanah Concert,2019-09-30,"Expo Tel Aviv, Bitan 1",Tel Aviv,Israel,22:30,4:00,50,,Offer Nissim,Set My Mind Free,,SONG_0035,Offer Nissim - Set My Mind Free,high,
rosh_hashana_2019,Offer Nissim Rosh Hashanah Concert,2019-09-30,"Expo Tel Aviv, Bitan 1",Tel Aviv,Israel,22:30,4:00,51,,Offer Nissim,A Relationship With A Man,,SONG_0082,Offer Nissim - A Relationship With A Man,high,
rosh_hashana_2019,Offer Nissim Rosh Hashanah Concert,2019-09-30,"Expo Tel Aviv, Bitan 1",Tel Aviv,Israel,22:30,4:00,52,,Billie Ray Martin,The Glittering Gutter,Offer Nissim Remix,SONG_0051,Billie Ray Martin - The Glittering Gutter (Offer Nissim Remix),high,
rosh_hashana_2019,Offer Nissim Rosh Hashanah Concert,2019-09-30,"Expo Tel Aviv, Bitan 1",Tel Aviv,Israel,22:30,4:00,53,,Offer Nissim Feat. Ilan Peled,Pot Pot,,SONG_0116,Offer Nissim Feat Ilan Peled - Pot Pot,high,Artist normalized: 'Offer Nissim Feat Ilan Peled' -> 'Offer Nissim Feat. Ilan Peled'
rosh_hashana_2019,Offer Nissim Rosh Hashanah Concert,2019-09-30,"Expo Tel Aviv, Bitan 1",Tel Aviv,Israel,22:30,4:00,54,,Michael Jackson,Billie Jean,08 (Offer Nissim Remix Part 2),SONG_0117,Michael Jackson - Billie Jean '08 (Offer Nissim Remix Part 2),high,
rosh_hashana_2019,Offer Nissim Rosh Hashanah Concert,2019-09-30,"Expo Tel Aviv, Bitan 1",Tel Aviv,Israel,22:30,4:00,55,,Chrissy Metz,I'm Standing With You,Offer Nissim Remix,SONG_0118,Chrissy Metz - I'm Standing With You - Offer Nissim Remix,high,
rosh_hashana_2019,Offer Nissim Rosh Hashanah Concert,2019-09-30,"Expo Tel Aviv, Bitan 1",Tel Aviv,Israel,22:30,4:00,56,,Offer Nissim,Completely Yourself,,SONG_0045,Offer Nissim - Completely Yourself,high,
hanukkah_2019,Offer Nissim Dance Hanukkah,2019-12-21,"Expo Tel Aviv, Bitan 1",Tel Aviv,Israel,21:34,3:00,1,,Offer Nissim Feat. Riki Ben-Ari,Light My Fire,Live Performance,SONG_0119,Offer Nissim Feat. Riki Ben-Ari - Light My Fire (Live Performance),high,
hanukkah_2019,Offer Nissim Dance Hanukkah,2019-12-21,"Expo Tel Aviv, Bitan 1",Tel Aviv,Israel,21:34,3:00,2,,Offer Nissim,Lost In Music,,SONG_0120,Offer Nissim - Lost The Music,high,Title spelling normalized: 'Lost The Music' -> 'Lost In Music'
hanukkah_2019,Offer Nissim Dance Hanukkah,2019-12-21,"Expo Tel Aviv, Bitan 1",Tel Aviv,Israel,21:34,3:00,3,,Ivana Lola Feat. AC & GetFar,Don't You Hide (L.I.B.),Offer Nissim Remix,SONG_0121,Ivana Lola Feat. AC & GetFar - Don't You Hide (L.I.B.) Offer Nissim Remix,high,Remix credit written without a separating dash.
hanukkah_2019,Offer Nissim Dance Hanukkah,2019-12-21,"Expo Tel Aviv, Bitan 1",Tel Aviv,Israel,21:34,3:00,4,,Madonna,I Don't Search I Find,Offer Nissim Remix,SONG_0122,Madonna - I Don't Search I Find - Offer Nissim Remix,high,
hanukkah_2019,Offer Nissim Dance Hanukkah,2019-12-21,"Expo Tel Aviv, Bitan 1",Tel Aviv,Israel,21:34,3:00,5,,Suzanne Palmer,Free My Love,Offer Nissim Remix,SONG_0123,Suzanne Palmer - Free My Love - Offer Nissim Remix,high,
hanukkah_2019,Offer Nissim Dance Hanukkah,2019-12-21,"Expo Tel Aviv, Bitan 1",Tel Aviv,Israel,21:34,3:00,6,,Offer Nissim Feat. Maya Simantov,Lie,,SONG_0097,Offer Nissim Feat. Maya Simantov - Lie,high,
hanukkah_2019,Offer Nissim Dance Hanukkah,2019-12-21,"Expo Tel Aviv, Bitan 1",Tel Aviv,Israel,21:34,3:00,7,,Offer Nissim Feat. Maya Simantov,Happy People,,SONG_0124,Offer Nissim Feat. Maya Simantov - Happy People,high,
hanukkah_2019,Offer Nissim Dance Hanukkah,2019-12-21,"Expo Tel Aviv, Bitan 1",Tel Aviv,Israel,21:34,3:00,8,,Offer Nissim Feat. Epiphony,Heaven In Your Eyes,Avicii Tribute,SONG_0125,Offer Nissim Feat. Epiphony - Heaven In Your Eyes - Avicii Tribute,high,
hanukkah_2019,Offer Nissim Dance Hanukkah,2019-12-21,"Expo Tel Aviv, Bitan 1",Tel Aviv,Israel,21:34,3:00,9,,Rivka Zohar,Il n'est Pas Comme Hier,Offer Nissim Remix,SONG_0126,Rivka Zohar - Il n'est Pas Comme Hier - Offer Nissim Remix,high,
hanukkah_2019,Offer Nissim Dance Hanukkah,2019-12-21,"Expo Tel Aviv, Bitan 1",Tel Aviv,Israel,21:34,3:00,10,,Offer Nissim Presents Ilan Peled,Udrub,Original Mix,SONG_0127,Offer Nissim Pres. Ilan Peled - Udrub (Original Mix),high,Artist normalized: 'Offer Nissim Pres. Ilan Peled' -> 'Offer Nissim Presents Ilan Peled'
hanukkah_2019,Offer Nissim Dance Hanukkah,2019-12-21,"Expo Tel Aviv, Bitan 1",Tel Aviv,Israel,21:34,3:00,11,,Rita,Beegharar,Offer Nissim Extended Remix,SONG_0026,Rita - Bigharar (Offer Nissim Extended Remix),high,Corrected 26.09.2026: Title spelling per Offer Nissim's official release (Spotify: 'Beegharar - Offer Nissim Club Remix')
hanukkah_2019,Offer Nissim Dance Hanukkah,2019-12-21,"Expo Tel Aviv, Bitan 1",Tel Aviv,Israel,21:34,3:00,12,,Offer Nissim Feat. Nasrin Kadri,Lord Of Mercy,,SONG_0066,Offer Nissim Feat. Nasrin Qadri - Lord Of Mercy,high,Artist normalized: 'Offer Nissim Feat. Nasrin Qadri' -> 'Offer Nissim Feat. Nasrin Kadri'
hanukkah_2019,Offer Nissim Dance Hanukkah,2019-12-21,"Expo Tel Aviv, Bitan 1",Tel Aviv,Israel,21:34,3:00,13,,Offer Nissim Feat. Dana International,We Can Make It,,SONG_0048,Offer Nissim Feat. Dana International - We Can Make It,high,
hanukkah_2019,Offer Nissim Dance Hanukkah,2019-12-21,"Expo Tel Aviv, Bitan 1",Tel Aviv,Israel,21:34,3:00,14,,Aretha Franklin,Rolling In The Deep,Offer Nissim Remix,SONG_0087,Aretha Franklin - Rolling In The Deep - Offer Nissim Remix,high,
hanukkah_2019,Offer Nissim Dance Hanukkah,2019-12-21,"Expo Tel Aviv, Bitan 1",Tel Aviv,Israel,21:34,3:00,15,,Offer Nissim X Ania Bukstein,Equality,,SONG_0085,Offer Nissim X Ania Bukstein - Equality,high,
hanukkah_2019,Offer Nissim Dance Hanukkah,2019-12-21,"Expo Tel Aviv, Bitan 1",Tel Aviv,Israel,21:34,3:00,16,,Katy B,Crying For No Reason,Offer Nissim Remix,SONG_0128,Katy B - Crying For No Reason (Offer Nissim Remix),high,
hanukkah_2019,Offer Nissim Dance Hanukkah,2019-12-21,"Expo Tel Aviv, Bitan 1",Tel Aviv,Israel,21:34,3:00,17,,Cher,Gimme! Gimme! Gimme! (A Man After Midnight),Offer Nissim Needs A Man Remix,SONG_0031,Cher - Gimme! Gimme! Gimme! (Offer Nissim Needs A Man Remix),high,Title spelling normalized: 'Gimme! Gimme! Gimme!' -> 'Gimme! Gimme! Gimme! (A Man After Midnight)'
hanukkah_2019,Offer Nissim Dance Hanukkah,2019-12-21,"Expo Tel Aviv, Bitan 1",Tel Aviv,Israel,21:34,3:00,18,,The Trash Mermaids,Xperiel,Offer Nissim Remix,SONG_0018,The Trash Mermaids - Xperiel - Offer Nissim Remix,high,
hanukkah_2019,Offer Nissim Dance Hanukkah,2019-12-21,"Expo Tel Aviv, Bitan 1",Tel Aviv,Israel,21:34,3:00,19,,Vali,Pluto,Offer Nissim Remix,SONG_0030,Vali - Pluto - Offer Nissim Remix,high,
hanukkah_2019,Offer Nissim Dance Hanukkah,2019-12-21,"Expo Tel Aviv, Bitan 1",Tel Aviv,Israel,21:34,3:00,20,,Offer Nissim,Bimbo,Original Mix,SONG_0129,Offer Nissim - Bimbo (Original Mix),high,
hanukkah_2019,Offer Nissim Dance Hanukkah,2019-12-21,"Expo Tel Aviv, Bitan 1",Tel Aviv,Israel,21:34,3:00,21,,Offer Nissim Feat. The Israeli Opera,Hymns To God,,SONG_0060,Offer Nissim Feat. The Israeli Opera - Hymns To God,high,
hanukkah_2019,Offer Nissim Dance Hanukkah,2019-12-21,"Expo Tel Aviv, Bitan 1",Tel Aviv,Israel,21:34,3:00,22,,Offer Nissim Feat. Maya Simantov,Miracle,,SONG_0130,Offer Nissim Feat. Maya Simantov - Miracle,high,
hanukkah_2019,Offer Nissim Dance Hanukkah,2019-12-21,"Expo Tel Aviv, Bitan 1",Tel Aviv,Israel,21:34,3:00,23,,Extasia & Zach Adam Feat. Rony G,Light Beams,Offer Nissim Remix,SONG_0007,Extasia & Zach Adam feat. Rony G - Light Beams - Offer Nissim Remix,high,Artist normalized: 'Extasia & Zach Adam feat. Rony G' -> 'Extasia & Zach Adam Feat. Rony G'
hanukkah_2019,Offer Nissim Dance Hanukkah,2019-12-21,"Expo Tel Aviv, Bitan 1",Tel Aviv,Israel,21:34,3:00,24,,Offer Nissim Feat. Riki Ben-Ari,Dance The Night,,SONG_0006,Offer Nissim Feat. Riki Ben-Ari - Dance The Night,high,
hanukkah_2019,Offer Nissim Dance Hanukkah,2019-12-21,"Expo Tel Aviv, Bitan 1",Tel Aviv,Israel,21:34,3:00,25,,Offer Nissim,Movement - Let The Music Play | Shannon,,SONG_0115,Offer Nissim - Movement - Let The Music Play | Shannon,high,"Track name kept whole ('Movement', built on Shannon's 'Let The Music Play'); no version stated."
hanukkah_2019,Offer Nissim Dance Hanukkah,2019-12-21,"Expo Tel Aviv, Bitan 1",Tel Aviv,Israel,21:34,3:00,26,,The Young Professionals,Be With You Tonight,Offer Nissim Remix,SONG_0131,The Young Professionals - Be With You Tonight - Offer Nissim Remix,high,
hanukkah_2019,Offer Nissim Dance Hanukkah,2019-12-21,"Expo Tel Aviv, Bitan 1",Tel Aviv,Israel,21:34,3:00,27,,Madonna,God Control,Offer Nissim's Rosh Hashana Remix,SONG_0093,Madonna - God Control - Offer Nissim's Rosh Hashana Remix,high,
hanukkah_2019,Offer Nissim Dance Hanukkah,2019-12-21,"Expo Tel Aviv, Bitan 1",Tel Aviv,Israel,21:34,3:00,28,,Madonna,I Rise,Offer Nissim remix,SONG_0105,Madonna - I Rise - Offer Nissim remix,high,
hanukkah_2019,Offer Nissim Dance Hanukkah,2019-12-21,"Expo Tel Aviv, Bitan 1",Tel Aviv,Israel,21:34,3:00,29,,Offer Nissim,Up To The Top,,SONG_0113,Offer Nissim - Up To The Top,high,
hanukkah_2019,Offer Nissim Dance Hanukkah,2019-12-21,"Expo Tel Aviv, Bitan 1",Tel Aviv,Israel,21:34,3:00,30,,Offer Nissim Feat. Eyal Golan,Lo Mevina Ivrit,,SONG_0027,Offer Nissim Feat. Eyal Golan - Lo Mevina Ivrit,high,
hanukkah_2019,Offer Nissim Dance Hanukkah,2019-12-21,"Expo Tel Aviv, Bitan 1",Tel Aviv,Israel,21:34,3:00,31,,Offer Nissim Feat. Maya Simantov,Everybody Needs A Man,,SONG_0032,Offer Nissim Feat. Maya Simantov - Everybody Needs A Man,high,
hanukkah_2019,Offer Nissim Dance Hanukkah,2019-12-21,"Expo Tel Aviv, Bitan 1",Tel Aviv,Israel,21:34,3:00,32,,Offer Nissim Feat. Maya Simantov,I'm In Love,,SONG_0033,Offer Nissim Feat. Maya Simantov - Im In Love,high,
hanukkah_2019,Offer Nissim Dance Hanukkah,2019-12-21,"Expo Tel Aviv, Bitan 1",Tel Aviv,Israel,21:34,3:00,33,,Anita Meyer,Why Tell Me Why,Offer Nissim Remix,SONG_0055,Anita Mayer - Why Tell Me Why (Offer Nissim Remix),high,Artist normalized: 'Anita Mayer' -> 'Anita Meyer'
hanukkah_2019,Offer Nissim Dance Hanukkah,2019-12-21,"Expo Tel Aviv, Bitan 1",Tel Aviv,Israel,21:34,3:00,34,,Kristine W.,Be Alright,Offer Nissim Mix,SONG_0132,Be Alright Feat. Kristine W. (Offer Nissim Mix),high,Source lists title before artist ('Be Alright Feat. Kristine W.'); reordered - confirmed by archive owner. Version wording kept as printed.
hanukkah_2019,Offer Nissim Dance Hanukkah,2019-12-21,"Expo Tel Aviv, Bitan 1",Tel Aviv,Israel,21:34,3:00,35,,Jean-Jacques Goldman,La Vie Par Procuration,Offer Nissim Remix,SONG_0133,Jean-Jacques Goldman - La vie par procuration (Offer Nissim Remix),high,
hanukkah_2019,Offer Nissim Dance Hanukkah,2019-12-21,"Expo Tel Aviv, Bitan 1",Tel Aviv,Israel,21:34,3:00,36,,Offer Nissim Feat. Assaf Amdursky,Again,,SONG_0134,Offer Nissim Feat. Assaf Amdrusky - Again,high,Corrected 26.09.2026: Artist spelling: 'Amdrusky' -> 'Amdursky'
hanukkah_2019,Offer Nissim Dance Hanukkah,2019-12-21,"Expo Tel Aviv, Bitan 1",Tel Aviv,Israel,21:34,3:00,37,,Offer Nissim,Each Other,,SONG_0135,Offer Nissim - Each Other,high,
hanukkah_2019,Offer Nissim Dance Hanukkah,2019-12-21,"Expo Tel Aviv, Bitan 1",Tel Aviv,Israel,21:34,3:00,38,,Offer Nissim,Crazy Things At Night,,SONG_0001,Offer Nissim - Crazy Things At Night,high,
hanukkah_2019,Offer Nissim Dance Hanukkah,2019-12-21,"Expo Tel Aviv, Bitan 1",Tel Aviv,Israel,21:34,3:00,39,,Offer Nissim,Set My Mind Free,,SONG_0035,Offer Nissim - Set My Mind Free,high,
hanukkah_2019,Offer Nissim Dance Hanukkah,2019-12-21,"Expo Tel Aviv, Bitan 1",Tel Aviv,Israel,21:34,3:00,40,,Chic,I Want Your Love,Nirious Remix,SONG_0136,Chic - I Want Your Love (Nirious Remix),high,"Corrected 26.09.2026: Transcription error: image reads 'Chic', not 'Cher'"
hanukkah_2019,Offer Nissim Dance Hanukkah,2019-12-21,"Expo Tel Aviv, Bitan 1",Tel Aviv,Israel,21:34,3:00,41,,Age of Love,The Age Of Love,Solomun Remix,SONG_0137,Age of Love - The Age Of Love (Solomun Remix),high,
hanukkah_2019,Offer Nissim Dance Hanukkah,2019-12-21,"Expo Tel Aviv, Bitan 1",Tel Aviv,Israel,21:34,3:00,42,,Celeda,The Underground,Peter Rauhofer's Original Underground Mix,SONG_0138,Celeda - The Underground - Peter Rauhofer's Original Underground Mix,high,
hanukkah_2019,Offer Nissim Dance Hanukkah,2019-12-21,"Expo Tel Aviv, Bitan 1",Tel Aviv,Israel,21:34,3:00,43,,Offer Nissim,A Relationship With A Man,,SONG_0082,Offer Nissim - A Relationship With A Man,high,
hanukkah_2019,Offer Nissim Dance Hanukkah,2019-12-21,"Expo Tel Aviv, Bitan 1",Tel Aviv,Israel,21:34,3:00,44,,Offer Nissim Feat. Maya Simantov,Hook Up,,SONG_0139,Offer Nissim Feat. Maya Simantov - Hook Up,high,
hanukkah_2019,Offer Nissim Dance Hanukkah,2019-12-21,"Expo Tel Aviv, Bitan 1",Tel Aviv,Israel,21:34,3:00,45,,Offer Nissim Feat. Maya Simantov,Wish You Were Here,,SONG_0072,Offer Nissim Feat. Maya - Wish You Were Here,high,Artist normalized: 'Offer Nissim Feat. Maya' -> 'Offer Nissim Feat. Maya Simantov'
hanukkah_2019,Offer Nissim Dance Hanukkah,2019-12-21,"Expo Tel Aviv, Bitan 1",Tel Aviv,Israel,21:34,3:00,46,,Offer Nissim Feat. Epiphony,Out Of My Skin,,SONG_0140,Offer Nissim Feat. Epiphony - Out Of My Skin,high,
hanukkah_2019,Offer Nissim Dance Hanukkah,2019-12-21,"Expo Tel Aviv, Bitan 1",Tel Aviv,Israel,21:34,3:00,47,,Chrissy Metz,I'm Standing With You,Offer Nissim Remix,SONG_0118,Chrissy Metz - I'm Standing With You - Offer Nissim Remix,high,
hanukkah_2019,Offer Nissim Dance Hanukkah,2019-12-21,"Expo Tel Aviv, Bitan 1",Tel Aviv,Israel,21:34,3:00,48,,Offer Nissim Feat. Meital De Razon & Riki Ben-Ari,Better Man,,SONG_0086,Offer Nissim Feat. Meital De Razon & Riki Ben-Ari - Better Man,high,
hanukkah_2019,Offer Nissim Dance Hanukkah,2019-12-21,"Expo Tel Aviv, Bitan 1",Tel Aviv,Israel,21:34,3:00,49,,Offer Nissim Presents The Bitches,Ain't No Mountain,,SONG_0064,Offer Nissim Presents: The Bitches - Ain't No Mountain,high,Artist normalized: 'Offer Nissim Presents: The Bitches' -> 'Offer Nissim Presents The Bitches'
hanukkah_2019,Offer Nissim Dance Hanukkah,2019-12-21,"Expo Tel Aviv, Bitan 1",Tel Aviv,Israel,21:34,3:00,50,,Anggun,The Good Is Back,Offer Nissim Remix,SONG_0089,Anggun - The Good Is Back - Offer Nissim Remix,high,
hanukkah_2019,Offer Nissim Dance Hanukkah,2019-12-21,"Expo Tel Aviv, Bitan 1",Tel Aviv,Israel,21:34,3:00,51,,Billie Ray Martin,The Glittering Gutter,Offer Nissim Remix,SONG_0051,Billie Ray Martin - The Glittering Gutter (Offer Nissim Remix),high,
hanukkah_2019,Offer Nissim Dance Hanukkah,2019-12-21,"Expo Tel Aviv, Bitan 1",Tel Aviv,Israel,21:34,3:00,52,,Offer Nissim Feat. Maya Simantov,Let Me Live,,SONG_0040,Offer Nissim Feat. Maya Simantov - Let Me Live,high,
hanukkah_2019,Offer Nissim Dance Hanukkah,2019-12-21,"Expo Tel Aviv, Bitan 1",Tel Aviv,Israel,21:34,3:00,53,,Offer Nissim Feat. Ilan Peled,Mushi Mushi,,SONG_0015,Offer Nissim Feat. Ilan Peled - Mushi Mushi,high,
hanukkah_2019,Offer Nissim Dance Hanukkah,2019-12-21,"Expo Tel Aviv, Bitan 1",Tel Aviv,Israel,21:34,3:00,54,,Offer Nissim Feat. Yael Poliakov And Ilan Peled,Sing From Your Pussy,,SONG_0014,Offer Nissim Feat. Yael Poliakov And Ilan Peled - Sing From Your Pussy,high,
hanukkah_2019,Offer Nissim Dance Hanukkah,2019-12-21,"Expo Tel Aviv, Bitan 1",Tel Aviv,Israel,21:34,3:00,55,,Offer Nissim,Completely Yourself,,SONG_0045,Offer Nissim - Completely Yourself,high,
white_party_bangkok_2020,White Party Bangkok - Main Event,2019-12-30,"GMM Live House, CentralWorld (8th floor)",Bangkok,Thailand,0:00,3:00,1,,Offer Nissim Feat. The Israeli Opera,Hymns To God,,SONG_0060,Offer Nissim Feat. The Israeli Opera - Hymns To God,high,
white_party_bangkok_2020,White Party Bangkok - Main Event,2019-12-30,"GMM Live House, CentralWorld (8th floor)",Bangkok,Thailand,0:00,3:00,2,,Madonna,I Don't Search I Find,Offer Nissim Remix,SONG_0122,Madonna - I Don't Search I Find - Offer Nissim Remix,high,
white_party_bangkok_2020,White Party Bangkok - Main Event,2019-12-30,"GMM Live House, CentralWorld (8th floor)",Bangkok,Thailand,0:00,3:00,3,,Offer Nissim,Esther,,SONG_0002,Offer Nissim - Esther,high,
white_party_bangkok_2020,White Party Bangkok - Main Event,2019-12-30,"GMM Live House, CentralWorld (8th floor)",Bangkok,Thailand,0:00,3:00,4,,Cher,Gimme! Gimme! Gimme! (A Man After Midnight),,SONG_0031,Cher - Gimme! Gimme! Gimme! (A Man After Midnight),high,No version stated in source.
white_party_bangkok_2020,White Party Bangkok - Main Event,2019-12-30,"GMM Live House, CentralWorld (8th floor)",Bangkok,Thailand,0:00,3:00,5,,The Trash Mermaids,Xperiel,Offer Nissim Remix,SONG_0018,The Trash Mermaids - Xperiel - Offer Nissim Remix,high,
white_party_bangkok_2020,White Party Bangkok - Main Event,2019-12-30,"GMM Live House, CentralWorld (8th floor)",Bangkok,Thailand,0:00,3:00,6,,Offer Nissim Feat. Riki Ben-Ari,Dance The Night,,SONG_0006,Offer Nissim Feat. Riki Ben-Ari - Dance The Night,high,
white_party_bangkok_2020,White Party Bangkok - Main Event,2019-12-30,"GMM Live House, CentralWorld (8th floor)",Bangkok,Thailand,0:00,3:00,7,,Amelia Lily,You Bring Me Joy,Offer Nissim Remix,SONG_0020,Amelia Lily - You Bring Me Joy - Offer Nissim Remix,high,
white_party_bangkok_2020,White Party Bangkok - Main Event,2019-12-30,"GMM Live House, CentralWorld (8th floor)",Bangkok,Thailand,0:00,3:00,8,,Offer Nissim Feat. Maya Simantov,I'm In Love,,SONG_0033,Offer Nissim Feat. Maya Simantov - I'm In Love,high,
white_party_bangkok_2020,White Party Bangkok - Main Event,2019-12-30,"GMM Live House, CentralWorld (8th floor)",Bangkok,Thailand,0:00,3:00,9,,Offer Nissim Feat. Maya Simantov,Let Me Live,,SONG_0040,Offer Nissim Feat. Maya Simantov - Let Me Live,high,
white_party_bangkok_2020,White Party Bangkok - Main Event,2019-12-30,"GMM Live House, CentralWorld (8th floor)",Bangkok,Thailand,0:00,3:00,10,,Offer Nissim Presents The Bitches,Ain't No Mountain,,SONG_0064,Offer Nissim Present: The Bitches - Ain't No Mountain,high,Artist normalized: 'Offer Nissim Present: The Bitches' -> 'Offer Nissim Presents The Bitches'
white_party_bangkok_2020,White Party Bangkok - Main Event,2019-12-30,"GMM Live House, CentralWorld (8th floor)",Bangkok,Thailand,0:00,3:00,11,,Michelle Obama All-Star Girl Power Anthem,This Is For My Girls,Offer Nissim Remix,SONG_0069,Michelle Obama All-Star Girl Power Anthem - This Is For My Girls - Offer Nissim Remix,high,
white_party_bangkok_2020,White Party Bangkok - Main Event,2019-12-30,"GMM Live House, CentralWorld (8th floor)",Bangkok,Thailand,0:00,3:00,12,,Offer Nissim,Up To The Top,,SONG_0113,Offer Nissim - Up To The Top,high,
white_party_bangkok_2020,White Party Bangkok - Main Event,2019-12-30,"GMM Live House, CentralWorld (8th floor)",Bangkok,Thailand,0:00,3:00,13,,Offer Nissim,Osa Osa,Original Mix,SONG_0078,Offer Nissim - Osa Osa (Original Mix),high,
white_party_bangkok_2020,White Party Bangkok - Main Event,2019-12-30,"GMM Live House, CentralWorld (8th floor)",Bangkok,Thailand,0:00,3:00,14,,Offer Nissim,Africa,,SONG_0077,Offer Nissim - Africa,high,
white_party_bangkok_2020,White Party Bangkok - Main Event,2019-12-30,"GMM Live House, CentralWorld (8th floor)",Bangkok,Thailand,0:00,3:00,15,,Offer Nissim,Cha Cha Cha,Peter Rauhofer NYC Edit,SONG_0023,Offer Nissim - Cha Cha Cha (Peter Rauhofer's NYC Edit),high,"Same track as 'Another Cha Cha' (Offer Nissim's production of Santa Esmeralda's song, Peter Rauhofer NYC Edit) - confirmed by archive owner 06.09.2026. | Corrected 03.10.2026: official title per Offer Nissim's release (Spotify / Beatport / Star 69 Records: 'Cha Cha Cha (Peter Rauhofer NYC Edit)')"
white_party_bangkok_2020,White Party Bangkok - Main Event,2019-12-30,"GMM Live House, CentralWorld (8th floor)",Bangkok,Thailand,0:00,3:00,16,,Shirley Bassey,La Passione,Offer Nissim Remix,SONG_0058,Shirley Bassey - La Passione - Offer Nissim Remix,high,
white_party_bangkok_2020,White Party Bangkok - Main Event,2019-12-30,"GMM Live House, CentralWorld (8th floor)",Bangkok,Thailand,0:00,3:00,17,,Suzanne Palmer,Free My Love,Offer Nissim Remix,SONG_0123,Suzanne Palmer - Free My Love - Offer Nissim Remix,high,
white_party_bangkok_2020,White Party Bangkok - Main Event,2019-12-30,"GMM Live House, CentralWorld (8th floor)",Bangkok,Thailand,0:00,3:00,18,,Offer Nissim,Lost In Music,,SONG_0120,Offer Nissim - Lost The Music,high,Title spelling normalized: 'Lost The Music' -> 'Lost In Music'
white_party_bangkok_2020,White Party Bangkok - Main Event,2019-12-30,"GMM Live House, CentralWorld (8th floor)",Bangkok,Thailand,0:00,3:00,19,,Offer Nissim,Movement - Let The Music Play | Shannon,,SONG_0115,Offer Nissim - Movement - Let The Music Play | Shannon,high,"Track name kept whole ('Movement', built on Shannon's 'Let The Music Play'); no version stated."
white_party_bangkok_2020,White Party Bangkok - Main Event,2019-12-30,"GMM Live House, CentralWorld (8th floor)",Bangkok,Thailand,0:00,3:00,20,,Offer Nissim Feat. Maya Simantov,Everybody Needs A Man,,SONG_0032,Offer Nissim Feat. Maya Simantov - Everybody Needs A Man,high,
white_party_bangkok_2020,White Party Bangkok - Main Event,2019-12-30,"GMM Live House, CentralWorld (8th floor)",Bangkok,Thailand,0:00,3:00,21,,Eartha Kitt,Where Is My Man,Offer Nissim Remix,SONG_0079,Eartha Kitt - Where Is My Man - Offer Nissim Remix,high,
white_party_bangkok_2020,White Party Bangkok - Main Event,2019-12-30,"GMM Live House, CentralWorld (8th floor)",Bangkok,Thailand,0:00,3:00,22,,Katy B,Crying For No Reason,Offer Nissim Remix,SONG_0128,Katy B - Crying For No Reason (Offer Nissim Remix),high,
white_party_bangkok_2020,White Party Bangkok - Main Event,2019-12-30,"GMM Live House, CentralWorld (8th floor)",Bangkok,Thailand,0:00,3:00,23,,Offer Nissim Feat. Epiphony,Out Of My Skin,,SONG_0140,Offer Nissim Feat. Epiphony - Out Of My Skin,high,
white_party_bangkok_2020,White Party Bangkok - Main Event,2019-12-30,"GMM Live House, CentralWorld (8th floor)",Bangkok,Thailand,0:00,3:00,24,,Anita Meyer,Why Tell Me Why,Offer Nissim Remix,SONG_0055,Anita Mayer - Why Tell Me Why (Offer Nissim Remix),high,Artist normalized: 'Anita Mayer' -> 'Anita Meyer'
white_party_bangkok_2020,White Party Bangkok - Main Event,2019-12-30,"GMM Live House, CentralWorld (8th floor)",Bangkok,Thailand,0:00,3:00,25,,Offer Nissim,Crazy Things At Night,,SONG_0001,Offer Nissim - Crazy Things At Night,high,
white_party_bangkok_2020,White Party Bangkok - Main Event,2019-12-30,"GMM Live House, CentralWorld (8th floor)",Bangkok,Thailand,0:00,3:00,26,,Suzanne Palmer,Fascinated,Offer Nissim Remix,SONG_0047,Suzanne Palmer - Fascinated (Offer Nissim Remix),high,
white_party_bangkok_2020,White Party Bangkok - Main Event,2019-12-30,"GMM Live House, CentralWorld (8th floor)",Bangkok,Thailand,0:00,3:00,27,,U2,Love Is Bigger Than Anything In Its Way,Offer Nissim Remix,SONG_0141,U2 – Love Is Bigger Than Anything In Its Way – Offer Nissim Remix,high,
white_party_bangkok_2020,White Party Bangkok - Main Event,2019-12-30,"GMM Live House, CentralWorld (8th floor)",Bangkok,Thailand,0:00,3:00,28,,Offer Nissim Feat. Maya Simantov,Perfect Love,,SONG_0041,Offer Nissim Feat. Maya Simantov - Perfect Love,high,
white_party_bangkok_2020,White Party Bangkok - Main Event,2019-12-30,"GMM Live House, CentralWorld (8th floor)",Bangkok,Thailand,0:00,3:00,29,,Madonna,I Rise,Offer Nissim Remix,SONG_0105,Madonna - I Rise - Offer Nissim Remix,high,
white_party_bangkok_2020,White Party Bangkok - Main Event,2019-12-30,"GMM Live House, CentralWorld (8th floor)",Bangkok,Thailand,0:00,3:00,30,,Offer Nissim,Completely Yourself,,SONG_0045,Offer Nissim - Completely Yourself,high,
pride_tel_aviv_2021,Offer Nissim Live Show - Prouder And Louder (Pride),2021-06-26,Ganei Yehoshua (Yarkon Park / Park Hayarkon),Tel Aviv,Israel,18:38,23:27,1,,Offer Nissim Feat. Maya Simantov,Like There Is No Tomorrow,INTRO,SONG_0142,Offer Nissim Feat. Maya Simantov - Like There Is No Tomorrow INTRO,high,INTRO' appended to title without separator; treated as version.
pride_tel_aviv_2021,Offer Nissim Live Show - Prouder And Louder (Pride),2021-06-26,Ganei Yehoshua (Yarkon Park / Park Hayarkon),Tel Aviv,Israel,18:38,23:27,2,,Offer Nissim,Studio 54,,SONG_0143,Offer Nissim - Studio 54,high,
pride_tel_aviv_2021,Offer Nissim Live Show - Prouder And Louder (Pride),2021-06-26,Ganei Yehoshua (Yarkon Park / Park Hayarkon),Tel Aviv,Israel,18:38,23:27,3,,Brothers In Rhythm,Such A Good Feeling,Offer Nissim Remix,SONG_0050,Brothers In Rhythm - Such a Good Feeling -  Offer Nissim Remix,high,
pride_tel_aviv_2021,Offer Nissim Live Show - Prouder And Louder (Pride),2021-06-26,Ganei Yehoshua (Yarkon Park / Park Hayarkon),Tel Aviv,Israel,18:38,23:27,4,,Amelia Lily,You Bring Me Joy,Offer Nissim Remix,SONG_0020,Amelia Lily - You Bring Me Joy - Offer Nissim Remix,high,
pride_tel_aviv_2021,Offer Nissim Live Show - Prouder And Louder (Pride),2021-06-26,Ganei Yehoshua (Yarkon Park / Park Hayarkon),Tel Aviv,Israel,18:38,23:27,5,,Offer Nissim Feat. Deborah Cox,Summer Of Love,,SONG_0144,Offer Nissim Feat. Deborah Cox - Summer Of Love,high,
pride_tel_aviv_2021,Offer Nissim Live Show - Prouder And Louder (Pride),2021-06-26,Ganei Yehoshua (Yarkon Park / Park Hayarkon),Tel Aviv,Israel,18:38,23:27,6,,Offer Nissim Feat. Ilan Peled,Pot Pot,,SONG_0116,Offer Nissim Feat. Ilan Peled - Pot Pot,high,
pride_tel_aviv_2021,Offer Nissim Live Show - Prouder And Louder (Pride),2021-06-26,Ganei Yehoshua (Yarkon Park / Park Hayarkon),Tel Aviv,Israel,18:38,23:27,7,,Cher,Gimme! Gimme! Gimme! (A Man After Midnight),Offer Nissim Needs A Man Remix,SONG_0031,Cher - Gimme! Gimme! Gimme! (Offer Nissim Needs A Man Remix),high,Title spelling normalized: 'Gimme! Gimme! Gimme!' -> 'Gimme! Gimme! Gimme! (A Man After Midnight)'
pride_tel_aviv_2021,Offer Nissim Live Show - Prouder And Louder (Pride),2021-06-26,Ganei Yehoshua (Yarkon Park / Park Hayarkon),Tel Aviv,Israel,18:38,23:27,8,,Mr. Black & Offer Nissim,Mucho Bien,Reconstruction Mix,SONG_0145,MR.BLACK & Offer Nissim - Mucho Bien - Reconstruction Mix,high,Artist normalized: 'MR.BLACK & Offer Nissim' -> 'Mr. Black & Offer Nissim'
pride_tel_aviv_2021,Offer Nissim Live Show - Prouder And Louder (Pride),2021-06-26,Ganei Yehoshua (Yarkon Park / Park Hayarkon),Tel Aviv,Israel,18:38,23:27,9,,Offer Nissim,Bombay,,SONG_0146,Offer Nissim - Bombay,high,
pride_tel_aviv_2021,Offer Nissim Live Show - Prouder And Louder (Pride),2021-06-26,Ganei Yehoshua (Yarkon Park / Park Hayarkon),Tel Aviv,Israel,18:38,23:27,10,,Lara Fabian,Growing Wings,Offer Nissim Remix,SONG_0005,Lara Fabian - Growing Wings - Offer Nissim Remix,high,
pride_tel_aviv_2021,Offer Nissim Live Show - Prouder And Louder (Pride),2021-06-26,Ganei Yehoshua (Yarkon Park / Park Hayarkon),Tel Aviv,Israel,18:38,23:27,11,,Offer Nissim,Shalom Aleychem,,SONG_0044,Offer Nissim - Shalom Aleychem,high,
pride_tel_aviv_2021,Offer Nissim Live Show - Prouder And Louder (Pride),2021-06-26,Ganei Yehoshua (Yarkon Park / Park Hayarkon),Tel Aviv,Israel,18:38,23:27,12,,Offer Nissim,La Talya,,SONG_0147,Offer Nissim - La Talya,high,
pride_tel_aviv_2021,Offer Nissim Live Show - Prouder And Louder (Pride),2021-06-26,Ganei Yehoshua (Yarkon Park / Park Hayarkon),Tel Aviv,Israel,18:38,23:27,13,,Offer Nissim,Bimbo,Original Mix,SONG_0129,Offer Nissim - Bimbo (Original Mix),high,
pride_tel_aviv_2021,Offer Nissim Live Show - Prouder And Louder (Pride),2021-06-26,Ganei Yehoshua (Yarkon Park / Park Hayarkon),Tel Aviv,Israel,18:38,23:27,14,,Offer Nissim Feat. Riki Ben-Ari,I Can't Sleep At Night,,SONG_0148,Offer Nissim Feat. Riki Ben Ari - I Can't Sleep At Night,high,Artist normalized: 'Offer Nissim Feat. Riki Ben Ari' -> 'Offer Nissim Feat. Riki Ben-Ari'
pride_tel_aviv_2021,Offer Nissim Live Show - Prouder And Louder (Pride),2021-06-26,Ganei Yehoshua (Yarkon Park / Park Hayarkon),Tel Aviv,Israel,18:38,23:27,15,,Offer Nissim Presents The Bitches,Ain't No Mountain,,SONG_0064,Offer Nissim Presents: The Bitches - Ain't No Mountain,high,Artist normalized: 'Offer Nissim Presents: The Bitches' -> 'Offer Nissim Presents The Bitches'
pride_tel_aviv_2021,Offer Nissim Live Show - Prouder And Louder (Pride),2021-06-26,Ganei Yehoshua (Yarkon Park / Park Hayarkon),Tel Aviv,Israel,18:38,23:27,16,,Michelle Obama All-Star Girl Power Anthem,This Is For My Girls,Offer Nissim Remix,SONG_0069,M.O. All-Star Girl Power Anthem - This Is For My Girls - Offer Nissim Remix,high,Artist normalized: 'M.O. All-Star Girl Power Anthem' -> 'Michelle Obama All-Star Girl Power Anthem'
pride_tel_aviv_2021,Offer Nissim Live Show - Prouder And Louder (Pride),2021-06-26,Ganei Yehoshua (Yarkon Park / Park Hayarkon),Tel Aviv,Israel,18:38,23:27,17,,Madonna,I Don't Search I Find,Offer Nissim Remix,SONG_0122,Madonna - I Don't Search I Find - Offer Nissim Remix,high,
pride_tel_aviv_2021,Offer Nissim Live Show - Prouder And Louder (Pride),2021-06-26,Ganei Yehoshua (Yarkon Park / Park Hayarkon),Tel Aviv,Israel,18:38,23:27,18,,Offer Nissim,Lost In Music,,SONG_0120,Offer Nissim - Lost The Music,high,Title spelling normalized: 'Lost The Music' -> 'Lost In Music'
pride_tel_aviv_2021,Offer Nissim Live Show - Prouder And Louder (Pride),2021-06-26,Ganei Yehoshua (Yarkon Park / Park Hayarkon),Tel Aviv,Israel,18:38,23:27,19,,Offer Nissim Feat. Maya Simantov,Open Up,,SONG_0061,Offer Nissim Feat. Maya Simantov - Open Up,high,
pride_tel_aviv_2021,Offer Nissim Live Show - Prouder And Louder (Pride),2021-06-26,Ganei Yehoshua (Yarkon Park / Park Hayarkon),Tel Aviv,Israel,18:38,23:27,20,,Offer Nissim Feat. Robin S.,Show Me Love,,SONG_0149,Offer Nissim Feat. Robin S. - Show Me Love,high,
pride_tel_aviv_2021,Offer Nissim Live Show - Prouder And Louder (Pride),2021-06-26,Ganei Yehoshua (Yarkon Park / Park Hayarkon),Tel Aviv,Israel,18:38,23:27,21,,Offer Nissim & Mr. Black,Show Me Love,Pride Version - Vox By SAILO,SONG_0149,Offer Nissim & Mr. Black - Show Me Love - Pride Version - Vox By SAILO,high,"A version of Show Me Love (Robin S.); same song, different version - confirmed by archive owner."
pride_tel_aviv_2021,Offer Nissim Live Show - Prouder And Louder (Pride),2021-06-26,Ganei Yehoshua (Yarkon Park / Park Hayarkon),Tel Aviv,Israel,18:38,23:27,22,,Offer Nissim Feat. The Israeli Opera,Hymns To God,,SONG_0060,Offer Nissim Feat. The Israeli Opera - Hymns To God,high,
pride_tel_aviv_2021,Offer Nissim Live Show - Prouder And Louder (Pride),2021-06-26,Ganei Yehoshua (Yarkon Park / Park Hayarkon),Tel Aviv,Israel,18:38,23:27,23,,Offer Nissim X Harel Skaat,Ahava Nafshi,Live Performance,SONG_0150,Offer Nissim X Harel Skaat - Ahava Nafshi (Live Performance),high,
pride_tel_aviv_2021,Offer Nissim Live Show - Prouder And Louder (Pride),2021-06-26,Ganei Yehoshua (Yarkon Park / Park Hayarkon),Tel Aviv,Israel,18:38,23:27,24,,Offer Nissim Feat. Ania Bukstein,Rokedet,,SONG_0034,Offer Nissim Feat. Ania Bukstein - ROKEDET,high,
pride_tel_aviv_2021,Offer Nissim Live Show - Prouder And Louder (Pride),2021-06-26,Ganei Yehoshua (Yarkon Park / Park Hayarkon),Tel Aviv,Israel,18:38,23:27,25,,Offer Nissim Feat. Maya Simantov,Everybody Needs A Man,,SONG_0032,Offer Nissim Feat. Maya Simantov - Everybody Needs A Man,high,
pride_tel_aviv_2021,Offer Nissim Live Show - Prouder And Louder (Pride),2021-06-26,Ganei Yehoshua (Yarkon Park / Park Hayarkon),Tel Aviv,Israel,18:38,23:27,26,,Love De-Luxe,Here Comes That Sound Again,Offer Nissim Remix,SONG_0095,Love De-Luxe - Here Comes That Sound - Offer Nissim Remix,high,Corrected 26.09.2026: Official title is 'Here Comes That Sound Again' (Discogs / Wikipedia)
pride_tel_aviv_2021,Offer Nissim Live Show - Prouder And Louder (Pride),2021-06-26,Ganei Yehoshua (Yarkon Park / Park Hayarkon),Tel Aviv,Israel,18:38,23:27,27,,Offer Nissim,Movement - Let The Music Play | Shannon,,SONG_0115,Offer Nissim - Movement - Let The Music Play | Shannon,high,"Track name kept whole ('Movement', built on Shannon's 'Let The Music Play'); no version stated."
pride_tel_aviv_2021,Offer Nissim Live Show - Prouder And Louder (Pride),2021-06-26,Ganei Yehoshua (Yarkon Park / Park Hayarkon),Tel Aviv,Israel,18:38,23:27,28,,MNEK,"At Night, I Think About You",Offer Nissim Remix,SONG_0151,"MNEK - At Night , I Think About You (Offer Nissim Remix)",high,
pride_tel_aviv_2021,Offer Nissim Live Show - Prouder And Louder (Pride),2021-06-26,Ganei Yehoshua (Yarkon Park / Park Hayarkon),Tel Aviv,Israel,18:38,23:27,29,,Madonna,Living For Love,Offer Nissim Living For Drums Vocal Remix,SONG_0152,Madonna - Living For Love (Offer Nissim Living For Drums Vocal Remix),high,
pride_tel_aviv_2021,Offer Nissim Live Show - Prouder And Louder (Pride),2021-06-26,Ganei Yehoshua (Yarkon Park / Park Hayarkon),Tel Aviv,Israel,18:38,23:27,30,,Offer Nissim Feat. Maya Simantov,First Time,,SONG_0153,Offer Nissim Feat. Maya Simantov – First Time,high,
pride_tel_aviv_2021,Offer Nissim Live Show - Prouder And Louder (Pride),2021-06-26,Ganei Yehoshua (Yarkon Park / Park Hayarkon),Tel Aviv,Israel,18:38,23:27,31,,Offer Nissim Feat. Maya Simantov,I'm In Love,,SONG_0033,Offer Nissim Feat. Maya Simantov - I'm In Love,high,
pride_tel_aviv_2021,Offer Nissim Live Show - Prouder And Louder (Pride),2021-06-26,Ganei Yehoshua (Yarkon Park / Park Hayarkon),Tel Aviv,Israel,18:38,23:27,32,,Offer Nissim Feat. Maya Simantov,Like A Woman,,SONG_0154,Offer Nissim Feat. Maya Simantov - Like A Woman,high,
pride_tel_aviv_2021,Offer Nissim Live Show - Prouder And Louder (Pride),2021-06-26,Ganei Yehoshua (Yarkon Park / Park Hayarkon),Tel Aviv,Israel,18:38,23:27,33,,Offer Nissim Feat. Nasrin Kadri,Hubby,,SONG_0155,Offer Nissim Feat. Nasrin Kadry - Hubby,high,Artist normalized: 'Offer Nissim Feat. Nasrin Kadry' -> 'Offer Nissim Feat. Nasrin Kadri'
pride_tel_aviv_2021,Offer Nissim Live Show - Prouder And Louder (Pride),2021-06-26,Ganei Yehoshua (Yarkon Park / Park Hayarkon),Tel Aviv,Israel,18:38,23:27,34,,Offer Nissim X Zehava Ben,Elai,Live Performance,SONG_0156,Offer Nissim X Zehava Ben - ELAI (Live Performance),high,
pride_tel_aviv_2021,Offer Nissim Live Show - Prouder And Louder (Pride),2021-06-26,Ganei Yehoshua (Yarkon Park / Park Hayarkon),Tel Aviv,Israel,18:38,23:27,35,,Offer Nissim Feat. Betty,Kol Doudi,,SONG_0157,Offer Nissim Feat. Betty - Kol Doudi,high,
pride_tel_aviv_2021,Offer Nissim Live Show - Prouder And Louder (Pride),2021-06-26,Ganei Yehoshua (Yarkon Park / Park Hayarkon),Tel Aviv,Israel,18:38,23:27,36,,Keren Peles,Mi Ani,Offer Nissim Remix,SONG_0103,Keren Peles // MI ANI - OFFER NISSIM REMIX,high,Unusual '//' separator and all-caps in source.
pride_tel_aviv_2021,Offer Nissim Live Show - Prouder And Louder (Pride),2021-06-26,Ganei Yehoshua (Yarkon Park / Park Hayarkon),Tel Aviv,Israel,18:38,23:27,37,,Miri Mesika,Mefahed Allay'ich,Offer Nissim Remix,SONG_0013,Miri Mesika - Mefahed Allay'ich - Offer Nissim Remix,high,
pride_tel_aviv_2021,Offer Nissim Live Show - Prouder And Louder (Pride),2021-06-26,Ganei Yehoshua (Yarkon Park / Park Hayarkon),Tel Aviv,Israel,18:38,23:27,38,,Dana International,Petra,Offer Nissim Reconstruction Mix,SONG_0099,Dana International - Petra - Offer Nissim Reconstruction Mix,high,
pride_tel_aviv_2021,Offer Nissim Live Show - Prouder And Louder (Pride),2021-06-26,Ganei Yehoshua (Yarkon Park / Park Hayarkon),Tel Aviv,Israel,18:38,23:27,39,,Offer Nissim Feat. Eyal Golan,Lo Mevina Ivrit,Pride Version (Live Performance),SONG_0027,Offer Nissim Feat E.G. - Lo Mevina Ivrit - Pride Version (Live Performance),high,E.G.' = Eyal Golan - confirmed by archive owner.
pride_tel_aviv_2021,Offer Nissim Live Show - Prouder And Louder (Pride),2021-06-26,Ganei Yehoshua (Yarkon Park / Park Hayarkon),Tel Aviv,Israel,18:38,23:27,40,,U2,Love Is Bigger Than Anything In Its Way,Offer Nissim Remix,SONG_0141,U2 – Love Is Bigger Than Anything In Its Way – Offer Nissim Remix,high,
pride_tel_aviv_2021,Offer Nissim Live Show - Prouder And Louder (Pride),2021-06-26,Ganei Yehoshua (Yarkon Park / Park Hayarkon),Tel Aviv,Israel,18:38,23:27,41,,Anggun,The Good Is Back,Offer Nissim Remix,SONG_0089,Anggun - The Good Is Back - Offer Nissim Remix,high,
pride_tel_aviv_2021,Offer Nissim Live Show - Prouder And Louder (Pride),2021-06-26,Ganei Yehoshua (Yarkon Park / Park Hayarkon),Tel Aviv,Israel,18:38,23:27,42,,Offer Nissim Feat. Epiphony,Out Of My Skin,,SONG_0140,Offer Nissim Feat. Epiphony - Out Of My Skin,high,
pride_tel_aviv_2021,Offer Nissim Live Show - Prouder And Louder (Pride),2021-06-26,Ganei Yehoshua (Yarkon Park / Park Hayarkon),Tel Aviv,Israel,18:38,23:27,43,,Angie Stone,Wish I Didn't Miss You,Offer Nissim Remix,SONG_0106,Angie Stone - Wish I Didn't Miss You - Offer Nissim Remix,high,
pride_tel_aviv_2021,Offer Nissim Live Show - Prouder And Louder (Pride),2021-06-26,Ganei Yehoshua (Yarkon Park / Park Hayarkon),Tel Aviv,Israel,18:38,23:27,44,,Suzanne Palmer,Free My Love,Offer Nissim Remix,SONG_0123,Suzanne Palmer - Free My Love - Offer Nissim Remix,high,
pride_tel_aviv_2021,Offer Nissim Live Show - Prouder And Louder (Pride),2021-06-26,Ganei Yehoshua (Yarkon Park / Park Hayarkon),Tel Aviv,Israel,18:38,23:27,45,,Offer Nissim Feat. Maya Simantov,Wish You Were Here,,SONG_0072,Offer Nissim Feat. Maya - Wish You Were Here,high,Artist normalized: 'Offer Nissim Feat. Maya' -> 'Offer Nissim Feat. Maya Simantov'
pride_tel_aviv_2021,Offer Nissim Live Show - Prouder And Louder (Pride),2021-06-26,Ganei Yehoshua (Yarkon Park / Park Hayarkon),Tel Aviv,Israel,18:38,23:27,46,,Offer Nissim Feat. Ilan Peled,Like A Mouse,Live Perfomance,SONG_0158,Offer Nissim Feat. Ilan Peled - Like A Mouse (Live Perfomance),high,
pride_tel_aviv_2021,Offer Nissim Live Show - Prouder And Louder (Pride),2021-06-26,Ganei Yehoshua (Yarkon Park / Park Hayarkon),Tel Aviv,Israel,18:38,23:27,47,,Offer Nissim Feat. Masaki Durian & Ilan Peled,Mayim,,SONG_0159,Offer Nissim Feat. Masaki Durian & Ilan Peled - Mayim,high,
pride_tel_aviv_2021,Offer Nissim Live Show - Prouder And Louder (Pride),2021-06-26,Ganei Yehoshua (Yarkon Park / Park Hayarkon),Tel Aviv,Israel,18:38,23:27,48,,Offer Nissim Feat. Maya Simantov,Tel Aviv,,SONG_0042,Offer Nissim Feat. Maya Simantov - Tel Aviv,high,
pride_tel_aviv_2021,Offer Nissim Live Show - Prouder And Louder (Pride),2021-06-26,Ganei Yehoshua (Yarkon Park / Park Hayarkon),Tel Aviv,Israel,18:38,23:27,49,,Offer Nissim Feat. Maya Simantov,Let Me Live,Live Performance,SONG_0040,Offer Nissim Feat. Maya Simantov - Let Me Live (Live Performance),high,
pride_tel_aviv_2021,Offer Nissim Live Show - Prouder And Louder (Pride),2021-06-26,Ganei Yehoshua (Yarkon Park / Park Hayarkon),Tel Aviv,Israel,18:38,23:27,50,,Offer Nissim,Completely Yourself,,SONG_0045,Offer Nissim - Completely Yourself,high,
purim_2022,Offer Nissim Purim T-Dance,2022-03-19,Ganei Yehoshua (Park Hayarkon),Tel Aviv,Israel,18:51,23:47,1,,Offer Nissim Feat. Meital De Razon,Like This Like That,,SONG_0160,Offer Nissim Feat. Meital De Razon - Like This Like That,high,
purim_2022,Offer Nissim Purim T-Dance,2022-03-19,Ganei Yehoshua (Park Hayarkon),Tel Aviv,Israel,18:51,23:47,2,,Offer Nissim,Esther,,SONG_0002,Offer Nissim - Esther,high,
purim_2022,Offer Nissim Purim T-Dance,2022-03-19,Ganei Yehoshua (Park Hayarkon),Tel Aviv,Israel,18:51,23:47,3,,Offer Nissim Feat. Maya Simantov,Zero Fucks,,SONG_0161,Offer Nissim Feat. Maya Simantov - Zero Fucks,high,
purim_2022,Offer Nissim Purim T-Dance,2022-03-19,Ganei Yehoshua (Park Hayarkon),Tel Aviv,Israel,18:51,23:47,4,,Offer Nissim,Studio 54,,SONG_0143,Offer Nissim - Studio 54,high,
purim_2022,Offer Nissim Purim T-Dance,2022-03-19,Ganei Yehoshua (Park Hayarkon),Tel Aviv,Israel,18:51,23:47,5,,Offer Nissim Feat. Maya Simantov,Illusion,,SONG_0162,Offer Nissim Feat. Maya Simantov - Illusion,high,
purim_2022,Offer Nissim Purim T-Dance,2022-03-19,Ganei Yehoshua (Park Hayarkon),Tel Aviv,Israel,18:51,23:47,6,,Offer Nissim Feat. Maya Simantov,I'm In Love,,SONG_0033,Offer Nissim Feat. Maya Simantov - I'm In Love,high,
purim_2022,Offer Nissim Purim T-Dance,2022-03-19,Ganei Yehoshua (Park Hayarkon),Tel Aviv,Israel,18:51,23:47,7,,Offer Nissim Feat. Ivana Lola,Kriminal Eye,,SONG_0019,Offer Nissim Feat. Ivana Lola - Kriminal Eye,high,
purim_2022,Offer Nissim Purim T-Dance,2022-03-19,Ganei Yehoshua (Park Hayarkon),Tel Aviv,Israel,18:51,23:47,8,,Offer Nissim Feat. Masaki Durian & Ilan Peled,Mayim,,SONG_0159,Offer Nissim Feat. Masaki Durian & Ilan Peled - Mayim,high,
purim_2022,Offer Nissim Purim T-Dance,2022-03-19,Ganei Yehoshua (Park Hayarkon),Tel Aviv,Israel,18:51,23:47,9,,Offer Nissim Feat. Ilan Peled,Viado Presidente,Live Performance,SONG_0163,Offer Nissim Feat. Ilan Peled - Viado Presidente (Live Performance),high,
purim_2022,Offer Nissim Purim T-Dance,2022-03-19,Ganei Yehoshua (Park Hayarkon),Tel Aviv,Israel,18:51,23:47,10,,Suzanne Palmer,Free My Love,Offer Nissim Remix,SONG_0123,Suzanne Palmer - Free My Love - Offer Nissim Remix,high,
purim_2022,Offer Nissim Purim T-Dance,2022-03-19,Ganei Yehoshua (Park Hayarkon),Tel Aviv,Israel,18:51,23:47,11,,Offer Nissim Feat. The Israeli Opera,Hymns To God,,SONG_0060,Offer Nissim Feat. The Israeli Opera - Hymns To God,high,
purim_2022,Offer Nissim Purim T-Dance,2022-03-19,Ganei Yehoshua (Park Hayarkon),Tel Aviv,Israel,18:51,23:47,12,,Offer Nissim Feat. Deborah Cox,Summer Of Love,,SONG_0144,Offer Nissim Feat. Deborah Cox - Summer Of Love,high,
purim_2022,Offer Nissim Purim T-Dance,2022-03-19,Ganei Yehoshua (Park Hayarkon),Tel Aviv,Israel,18:51,23:47,13,,Offer Nissim Feat. Riki Ben-Ari,Light My Fire,,SONG_0119,Offer Nissim Feat. Riki Ben-Ari - Light My Fire,high,
purim_2022,Offer Nissim Purim T-Dance,2022-03-19,Ganei Yehoshua (Park Hayarkon),Tel Aviv,Israel,18:51,23:47,14,,Kristine W.,The Wonder Of It All,Offer Nissim 2011 Remix,SONG_0164,Kristine W. - The Wonder Of It All - Offer Nissim 2011 Remix,high,
purim_2022,Offer Nissim Purim T-Dance,2022-03-19,Ganei Yehoshua (Park Hayarkon),Tel Aviv,Israel,18:51,23:47,15,,Offer Nissim Feat. Rivka Zohar,Shoshanat Yaakov,,SONG_0165,Offer Nissim Feat. Rivka Zohar - Shoshanat Yaakov,high,
purim_2022,Offer Nissim Purim T-Dance,2022-03-19,Ganei Yehoshua (Park Hayarkon),Tel Aviv,Israel,18:51,23:47,16,,Offer Nissim X Tair Haim,Laila,Live Performance,SONG_0166,Offer Nissim X Tair Haim - Laila (Live Performance),high,
purim_2022,Offer Nissim Purim T-Dance,2022-03-19,Ganei Yehoshua (Park Hayarkon),Tel Aviv,Israel,18:51,23:47,17,,Farid El Atrache,Banadi Aleik,Offer Nissim Remix,SONG_0067,Farid El Atrache - Banadi Aleik - Offer Nissim Remix,high,
purim_2022,Offer Nissim Purim T-Dance,2022-03-19,Ganei Yehoshua (Park Hayarkon),Tel Aviv,Israel,18:51,23:47,18,,Offer Nissim Feat. Nasrin Kadri,Hubby,,SONG_0155,Offer Nissim Feat. Nasrin Kadry - Hubby,high,Artist normalized: 'Offer Nissim Feat. Nasrin Kadry' -> 'Offer Nissim Feat. Nasrin Kadri'
purim_2022,Offer Nissim Purim T-Dance,2022-03-19,Ganei Yehoshua (Park Hayarkon),Tel Aviv,Israel,18:51,23:47,19,,Rita,Beegharar,Offer Nissim Remix,SONG_0026,Rita - Beegharar - Offer Nissim Remix,high,Corrected 26.09.2026: Title spelling per Offer Nissim's official release (Spotify: 'Beegharar - Offer Nissim Club Remix')
purim_2022,Offer Nissim Purim T-Dance,2022-03-19,Ganei Yehoshua (Park Hayarkon),Tel Aviv,Israel,18:51,23:47,20,,Eyal Golan Feat. Offer Nissim,Eshal,,SONG_0167,Eyal Golan Feat. Offer Nissim - Eshal,high,Artist order reversed compared with later listings; same song.
purim_2022,Offer Nissim Purim T-Dance,2022-03-19,Ganei Yehoshua (Park Hayarkon),Tel Aviv,Israel,18:51,23:47,21,,Offer Nissim Feat. Eyal Golan,Lo Mevina Ivrit,,SONG_0027,Offer Nissim Feat. Eyal Golan - Lo Mevina Ivrit,high,
purim_2022,Offer Nissim Purim T-Dance,2022-03-19,Ganei Yehoshua (Park Hayarkon),Tel Aviv,Israel,18:51,23:47,22,,Offer Nissim,Ahasuerus,,SONG_0003,Offer Nissim - Ahasuerus,high,
purim_2022,Offer Nissim Purim T-Dance,2022-03-19,Ganei Yehoshua (Park Hayarkon),Tel Aviv,Israel,18:51,23:47,23,,Miri Paskal Feat. Firkat Al Nour,Tigi Nesam El Amar,Offer Nissim Remix,SONG_0168,Miri Paskal Feat. Firkat Al Nour - Tigi Nesam El Amar - Offer Nissim Remix,high,
purim_2022,Offer Nissim Purim T-Dance,2022-03-19,Ganei Yehoshua (Park Hayarkon),Tel Aviv,Israel,18:51,23:47,24,,Offer Nissim Presents Linet & Ilan Peled,Falan Filan,,SONG_0169,Offer Nissim Present Linet & Ilan Peled - Falan Filan,high,Artist normalized: 'Offer Nissim Present Linet & Ilan Peled' -> 'Offer Nissim Presents Linet & Ilan Peled'
purim_2022,Offer Nissim Purim T-Dance,2022-03-19,Ganei Yehoshua (Park Hayarkon),Tel Aviv,Israel,18:51,23:47,25,,Offer Nissim,Shalom Aleychem,,SONG_0044,Offer Nissim - Shalom Aleychem,high,
purim_2022,Offer Nissim Purim T-Dance,2022-03-19,Ganei Yehoshua (Park Hayarkon),Tel Aviv,Israel,18:51,23:47,26,,Offer Nissim,Africa,,SONG_0077,Offer Nissim - Africa,high,
purim_2022,Offer Nissim Purim T-Dance,2022-03-19,Ganei Yehoshua (Park Hayarkon),Tel Aviv,Israel,18:51,23:47,27,,Offer Nissim Feat. Gila Goldstein,Feel It,,SONG_0010,Offer Nissim Feat. Gila Goldstein - Feel It,high,
purim_2022,Offer Nissim Purim T-Dance,2022-03-19,Ganei Yehoshua (Park Hayarkon),Tel Aviv,Israel,18:51,23:47,28,,Cher,Gimme! Gimme! Gimme! (A Man After Midnight),Offer Nissim Needs A Man Remix,SONG_0031,Cher - Gimme! Gimme! Gimme! - Offer Nissim Needs A Man Remix,high,Title spelling normalized: 'Gimme! Gimme! Gimme!' -> 'Gimme! Gimme! Gimme! (A Man After Midnight)'
purim_2022,Offer Nissim Purim T-Dance,2022-03-19,Ganei Yehoshua (Park Hayarkon),Tel Aviv,Israel,18:51,23:47,29,,Kristine W.,Be Alright,Offer Nissim Remix,SONG_0132,Kristine W. - Be Alright - Offer Nissim Remix,high,
purim_2022,Offer Nissim Purim T-Dance,2022-03-19,Ganei Yehoshua (Park Hayarkon),Tel Aviv,Israel,18:51,23:47,30,,Offer Nissim,Cha Cha Cha,Peter Rauhofer NYC Edit,SONG_0023,Offer Nissim - Another Cha Cha - Peter Rauhofer's NYC Edit,high,Corrected 03.10.2026: official title per Offer Nissim's release (Spotify / Beatport / Star 69 Records: 'Cha Cha Cha (Peter Rauhofer NYC Edit)')
purim_2022,Offer Nissim Purim T-Dance,2022-03-19,Ganei Yehoshua (Park Hayarkon),Tel Aviv,Israel,18:51,23:47,31,,Offer Nissim,Bimbo,,SONG_0129,Offer Nissim - Bimbo,high,
purim_2022,Offer Nissim Purim T-Dance,2022-03-19,Ganei Yehoshua (Park Hayarkon),Tel Aviv,Israel,18:51,23:47,32,,Offer Nissim Feat. Ania Bukstein,Rokedet,,SONG_0034,Offer Nissim Feat. Ania Bukstein - ROKEDET,high,
purim_2022,Offer Nissim Purim T-Dance,2022-03-19,Ganei Yehoshua (Park Hayarkon),Tel Aviv,Israel,18:51,23:47,33,,Mr. Black & Offer Nissim,Mucho Bien,Reconstruction Mix,SONG_0145,MR.BLACK & Offer Nissim - Mucho Bien - Reconstruction Mix,high,Artist normalized: 'MR.BLACK & Offer Nissim' -> 'Mr. Black & Offer Nissim'
purim_2022,Offer Nissim Purim T-Dance,2022-03-19,Ganei Yehoshua (Park Hayarkon),Tel Aviv,Israel,18:51,23:47,34,,Offer Nissim,Crazy Things At Night,,SONG_0001,Offer Nissim - Crazy Things At Night,high,
purim_2022,Offer Nissim Purim T-Dance,2022-03-19,Ganei Yehoshua (Park Hayarkon),Tel Aviv,Israel,18:51,23:47,35,,Eartha Kitt,Where Is My Man,Offer Nissim Remix,SONG_0079,Eartha Kitt - Where Is My Man - Offer Nissim Remix,high,
purim_2022,Offer Nissim Purim T-Dance,2022-03-19,Ganei Yehoshua (Park Hayarkon),Tel Aviv,Israel,18:51,23:47,36,,Offer Nissim Feat. Maya Simantov,Let Me Live,,SONG_0040,Offer Nissim Feat. Maya Simantov - Let Me Live,high,
purim_2022,Offer Nissim Purim T-Dance,2022-03-19,Ganei Yehoshua (Park Hayarkon),Tel Aviv,Israel,18:51,23:47,37,,Offer Nissim Feat. Maya Simantov,Happy People,,SONG_0124,Offer Nissim Feat. Maya Simantov - Happy People,high,
purim_2022,Offer Nissim Purim T-Dance,2022-03-19,Ganei Yehoshua (Park Hayarkon),Tel Aviv,Israel,18:51,23:47,38,,Aviv Geffen & Ella-Lee,Varod Mavrik,Offer Nissim Remix (Live Performance),SONG_0170,Aviv Geffen & Ella-Lee - Varod Mavrik - Offer Nissim Remix (Live Performance),high,
purim_2022,Offer Nissim Purim T-Dance,2022-03-19,Ganei Yehoshua (Park Hayarkon),Tel Aviv,Israel,18:51,23:47,39,,Offer Nissim Feat. Sailo,Forgive Me,,SONG_0049,Offer Nissim Feat Sailo - Forgive Me,high,Artist normalized: 'Offer Nissim Feat Sailo' -> 'Offer Nissim Feat. Sailo'
purim_2022,Offer Nissim Purim T-Dance,2022-03-19,Ganei Yehoshua (Park Hayarkon),Tel Aviv,Israel,18:51,23:47,40,,StoneBridge Feat. Therese,Put 'Em High,Elad Navon Remix,SONG_0171,Therese - Put 'Em High - Elad Navon Remix,high,Corrected 26.09.2026: Original is credited 'StoneBridge feat. Therese' (Discogs / Spotify)
purim_2022,Offer Nissim Purim T-Dance,2022-03-19,Ganei Yehoshua (Park Hayarkon),Tel Aviv,Israel,18:51,23:47,41,,Offer Nissim Feat. Maya Simantov,Perfect Love,,SONG_0041,Offer Nissim Feat. Maya Simantov - Perfect Love,high,
purim_2022,Offer Nissim Purim T-Dance,2022-03-19,Ganei Yehoshua (Park Hayarkon),Tel Aviv,Israel,18:51,23:47,42,,Offer Nissim Feat. Maya Simantov,Alone,,SONG_0172,Offer Nissim Feat. Maya Simantov - Alone,high,
purim_2022,Offer Nissim Purim T-Dance,2022-03-19,Ganei Yehoshua (Park Hayarkon),Tel Aviv,Israel,18:51,23:47,43,,Offer Nissim Feat. Epiphony,Out Of My Skin,,SONG_0140,Offer Nissim Feat. Epiphony - Out Of My Skin,high,
purim_2022,Offer Nissim Purim T-Dance,2022-03-19,Ganei Yehoshua (Park Hayarkon),Tel Aviv,Israel,18:51,23:47,44,,Deborah Cox,Easy As Life,Offer Nissim Remix,SONG_0083,Deborah Cox - Easy As Life - Offer Nissim Remix,high,
purim_2022,Offer Nissim Purim T-Dance,2022-03-19,Ganei Yehoshua (Park Hayarkon),Tel Aviv,Israel,18:51,23:47,45,,Offer Nissim Feat. Riki Ben-Ari,Dance The Night,,SONG_0006,Offer Nissim Feat. Riki Ben-Ari - Dance The Night,high,
purim_2022,Offer Nissim Purim T-Dance,2022-03-19,Ganei Yehoshua (Park Hayarkon),Tel Aviv,Israel,18:51,23:47,46,,Offer Nissim Feat. Riki Ben-Ari,I Can't Sleep At Night,,SONG_0148,Offer Nissim Feat. Riki Ben Ari - I Can't Sleep At Night,high,Artist normalized: 'Offer Nissim Feat. Riki Ben Ari' -> 'Offer Nissim Feat. Riki Ben-Ari'
purim_2022,Offer Nissim Purim T-Dance,2022-03-19,Ganei Yehoshua (Park Hayarkon),Tel Aviv,Israel,18:51,23:47,47,,Angie Stone,Wish I Didn't Miss You,Offer Nissim Remix,SONG_0106,Angie Stone - Wish I Didn't Miss You - Offer Nissim Remix,high,
purim_2022,Offer Nissim Purim T-Dance,2022-03-19,Ganei Yehoshua (Park Hayarkon),Tel Aviv,Israel,18:51,23:47,48,,Madonna,I Don't Search I Find,Offer Nissim Remix,SONG_0122,Madonna - I Don't Search I Find - Offer Nissim Remix,high,
purim_2022,Offer Nissim Purim T-Dance,2022-03-19,Ganei Yehoshua (Park Hayarkon),Tel Aviv,Israel,18:51,23:47,49,,Madonna,God Control,Offer Nissim's Rosh Hashana Remix,SONG_0093,Madonna - God Control - Offer Nissim's Rosh Hashana Remix,high,
purim_2022,Offer Nissim Purim T-Dance,2022-03-19,Ganei Yehoshua (Park Hayarkon),Tel Aviv,Israel,18:51,23:47,50,,Offer Nissim,Lost In Music,,SONG_0120,Offer Nissim - Lost The Music,high,Title spelling normalized: 'Lost The Music' -> 'Lost In Music'
purim_2022,Offer Nissim Purim T-Dance,2022-03-19,Ganei Yehoshua (Park Hayarkon),Tel Aviv,Israel,18:51,23:47,51,,Offer Nissim,Infected Love,,SONG_0173,Offer Nissim - Infected Love,high,
purim_2022,Offer Nissim Purim T-Dance,2022-03-19,Ganei Yehoshua (Park Hayarkon),Tel Aviv,Israel,18:51,23:47,52,,Offer Nissim Feat. Maya Simantov,Like There Is No Tomorrow,,SONG_0142,Offer Nissim Feat. Maya Simantov - Like There Is No Tomorrow,high,
purim_2022,Offer Nissim Purim T-Dance,2022-03-19,Ganei Yehoshua (Park Hayarkon),Tel Aviv,Israel,18:51,23:47,53,,Offer Nissim Feat. Maya Simantov,Everybody Needs A Man,,SONG_0032,Offer Nissim Feat. Maya Simantov  - Everybody Needs A Man,high,
purim_2022,Offer Nissim Purim T-Dance,2022-03-19,Ganei Yehoshua (Park Hayarkon),Tel Aviv,Israel,18:51,23:47,54,,Offer Nissim Feat. Maya Simantov,Searching,,SONG_0107,Offer Nissim Feat. Maya Simantov - Searching,high,
purim_2022,Offer Nissim Purim T-Dance,2022-03-19,Ganei Yehoshua (Park Hayarkon),Tel Aviv,Israel,18:51,23:47,55,,Offer Nissim Feat. Maya Simantov,Like A Woman,Live Performance,SONG_0154,Offer Nissim Feat. Maya Simantov - Like A Woman (Live Performance),high,
purim_2022,Offer Nissim Purim T-Dance,2022-03-19,Ganei Yehoshua (Park Hayarkon),Tel Aviv,Israel,18:51,23:47,56,,Offer Nissim,Completely Yourself,,SONG_0045,Offer Nissim - Completely Yourself,high,
pride_tel_aviv_2022,Offer Nissim Pride Tel Aviv,2022-06-11,Ganei Yehoshua (Park Hayarkon),Tel Aviv,Israel,18:31,22:53,1,,Offer Nissim,Move Your Body,,SONG_0174,Offer Nissim - Move Your Body,high,
pride_tel_aviv_2022,Offer Nissim Pride Tel Aviv,2022-06-11,Ganei Yehoshua (Park Hayarkon),Tel Aviv,Israel,18:31,22:53,2,,Silver Convention,Fly Robin Fly,Offer Nissim Remix,SONG_0175,Silver Convention - Fly Robin Fly - Offer Nissim Remix,high,
pride_tel_aviv_2022,Offer Nissim Pride Tel Aviv,2022-06-11,Ganei Yehoshua (Park Hayarkon),Tel Aviv,Israel,18:31,22:53,3,,Eliran Halevy,In My Heart,,SONG_0176,Eliran Halevy - In My Heart,high,
pride_tel_aviv_2022,Offer Nissim Pride Tel Aviv,2022-06-11,Ganei Yehoshua (Park Hayarkon),Tel Aviv,Israel,18:31,22:53,4,,Offer Nissim Feat. Epiphony,Heaven In Your Eyes,Avicii Tribute,SONG_0125,Offer Nissim Feat. Epiphony - Heaven In Your Eyes - Avicii Tribute,high,
pride_tel_aviv_2022,Offer Nissim Pride Tel Aviv,2022-06-11,Ganei Yehoshua (Park Hayarkon),Tel Aviv,Israel,18:31,22:53,5,,Offer Nissim Feat. Maya Simantov,Open Up,,SONG_0061,Offer Nissim Feat. Maya Simantov - Open Up,high,
pride_tel_aviv_2022,Offer Nissim Pride Tel Aviv,2022-06-11,Ganei Yehoshua (Park Hayarkon),Tel Aviv,Israel,18:31,22:53,6,,Offer Nissim Feat. Maya Simantov,Come Out,,SONG_0076,Offer Nissim Feat. Maya Simantov - Come Out,high,
pride_tel_aviv_2022,Offer Nissim Pride Tel Aviv,2022-06-11,Ganei Yehoshua (Park Hayarkon),Tel Aviv,Israel,18:31,22:53,7,,Beyoncé,Run The World (Girls),Itay Kalderon & Adi Perez Remix,SONG_0102,Beyonce – Run Da World - Itay Kalderon & Adi Perez Remix,high,Title spelling normalized: 'Run Da World' -> 'Run The World'; Corrected 26.09.2026: Official spelling: 'Beyonce - Run The World' -> 'Beyoncé - Run The World (Girls)'
pride_tel_aviv_2022,Offer Nissim Pride Tel Aviv,2022-06-11,Ganei Yehoshua (Park Hayarkon),Tel Aviv,Israel,18:31,22:53,8,,Offer Nissim Presents The Bitches,Ain't No Mountain,,SONG_0064,Offer Nissim Presents: The Bitches - Ain't No Mountain,high,Artist normalized: 'Offer Nissim Presents: The Bitches' -> 'Offer Nissim Presents The Bitches'
pride_tel_aviv_2022,Offer Nissim Pride Tel Aviv,2022-06-11,Ganei Yehoshua (Park Hayarkon),Tel Aviv,Israel,18:31,22:53,9,,Offer Nissim Feat. Riki Ben-Ari,Dance The Night,,SONG_0006,Offer Nissim Feat. Riki Ben-Ari - Dance The Night,high,
pride_tel_aviv_2022,Offer Nissim Pride Tel Aviv,2022-06-11,Ganei Yehoshua (Park Hayarkon),Tel Aviv,Israel,18:31,22:53,10,,Offer Nissim Feat. Maya Simantov,Like There Is No Tomorrow,Club Mix,SONG_0142,Offer Nissim Feat. Maya Simantov - Like There Is No Tomorrow - Club Mix,high,
pride_tel_aviv_2022,Offer Nissim Pride Tel Aviv,2022-06-11,Ganei Yehoshua (Park Hayarkon),Tel Aviv,Israel,18:31,22:53,11,,Offer Nissim,Infected Love,,SONG_0173,Offer Nissim - Infected Love,high,
pride_tel_aviv_2022,Offer Nissim Pride Tel Aviv,2022-06-11,Ganei Yehoshua (Park Hayarkon),Tel Aviv,Israel,18:31,22:53,12,,Offer Nissim Feat. Ilan Peled,Mesuchsechet,Live Performance,SONG_0177,Offer Nissim Feat. Ilan Peled - Mesuchsechet - Live Performance,high,
pride_tel_aviv_2022,Offer Nissim Pride Tel Aviv,2022-06-11,Ganei Yehoshua (Park Hayarkon),Tel Aviv,Israel,18:31,22:53,13,,Madonna,Turn Up The Radio,Offer Nissim Club Remix,SONG_0178,Madonna - Turn Up The Radio - Offer Nissim Club Remix,high,
pride_tel_aviv_2022,Offer Nissim Pride Tel Aviv,2022-06-11,Ganei Yehoshua (Park Hayarkon),Tel Aviv,Israel,18:31,22:53,14,,Black Box,Everybody Everybody,Offer Nissim Remix,SONG_0062,Black Box - Everybody Everybody - Offer Nissim Remix,high,
pride_tel_aviv_2022,Offer Nissim Pride Tel Aviv,2022-06-11,Ganei Yehoshua (Park Hayarkon),Tel Aviv,Israel,18:31,22:53,15,,Offer Nissim Feat. Maya Simantov,Let Me Live,,SONG_0040,Offer Nissim Feat. Maya Simantov - Let Me Live,high,
pride_tel_aviv_2022,Offer Nissim Pride Tel Aviv,2022-06-11,Ganei Yehoshua (Park Hayarkon),Tel Aviv,Israel,18:31,22:53,16,,Offer Nissim X Harel Skaat,Ahava Nafshi,,SONG_0150,Offer Nissim X Harel Skaat - Ahava Nafshi,high,
pride_tel_aviv_2022,Offer Nissim Pride Tel Aviv,2022-06-11,Ganei Yehoshua (Park Hayarkon),Tel Aviv,Israel,18:31,22:53,17,,Offer Nissim Feat. Meital De Razon,Like This Like That,,SONG_0160,Offer Nissim Feat. Meital De Razon - Like This Like That,high,
pride_tel_aviv_2022,Offer Nissim Pride Tel Aviv,2022-06-11,Ganei Yehoshua (Park Hayarkon),Tel Aviv,Israel,18:31,22:53,18,,Offer Nissim X Netta Barzilai,We Are Drunk,,SONG_0179,Offer Nissim X Netta Barzilai - We Are Drunk,high,
pride_tel_aviv_2022,Offer Nissim Pride Tel Aviv,2022-06-11,Ganei Yehoshua (Park Hayarkon),Tel Aviv,Israel,18:31,22:53,19,,Cher,Gimme! Gimme! Gimme! (A Man After Midnight),Offer Nissim Needs A Man Remix,SONG_0031,Cher - Gimme! Gimme! Gimme! - Offer Nissim Needs A Man Remix,high,Title spelling normalized: 'Gimme! Gimme! Gimme!' -> 'Gimme! Gimme! Gimme! (A Man After Midnight)'
pride_tel_aviv_2022,Offer Nissim Pride Tel Aviv,2022-06-11,Ganei Yehoshua (Park Hayarkon),Tel Aviv,Israel,18:31,22:53,20,,Offer Nissim Feat. Riki Ben-Ari,Light My Fire,,SONG_0119,Offer Nissim Feat. Riki Ben-Ari - Light My Fire,high,
pride_tel_aviv_2022,Offer Nissim Pride Tel Aviv,2022-06-11,Ganei Yehoshua (Park Hayarkon),Tel Aviv,Israel,18:31,22:53,21,,Aretha Franklin,Rolling In The Deep,Offer Nissim Remix,SONG_0087,Aretha Franklin - Rolling In The Deep - Offer Nissim Remix,high,
pride_tel_aviv_2022,Offer Nissim Pride Tel Aviv,2022-06-11,Ganei Yehoshua (Park Hayarkon),Tel Aviv,Israel,18:31,22:53,22,,Offer Nissim Feat. Robin S.,Show Me Love,,SONG_0149,Offer Nissim Feat. Robin S. - Show Me Love,high,
pride_tel_aviv_2022,Offer Nissim Pride Tel Aviv,2022-06-11,Ganei Yehoshua (Park Hayarkon),Tel Aviv,Israel,18:31,22:53,23,,Suzanne Palmer,Free My Love,Offer Nissim Remix,SONG_0123,Suzanne Palmer - Free My Love - Offer Nissim Remix,high,
pride_tel_aviv_2022,Offer Nissim Pride Tel Aviv,2022-06-11,Ganei Yehoshua (Park Hayarkon),Tel Aviv,Israel,18:31,22:53,24,,Suzanne Palmer,Fascinated,Offer Nissim Remix,SONG_0047,Suzanne Palmer - Fascinated  - Offer Nissim Remix,high,
pride_tel_aviv_2022,Offer Nissim Pride Tel Aviv,2022-06-11,Ganei Yehoshua (Park Hayarkon),Tel Aviv,Israel,18:31,22:53,25,,Deborah Cox,Everybody Dance,Offer Nissim Show Mix - Live Performance,SONG_0180,Deborah Cox - Everbody Dance - Offer Nissim Show Mix - Live Performance,high,Title spelling normalized: 'Everbody Dance' -> 'Everybody Dance'
pride_tel_aviv_2022,Offer Nissim Pride Tel Aviv,2022-06-11,Ganei Yehoshua (Park Hayarkon),Tel Aviv,Israel,18:31,22:53,26,,Deborah Cox,Easy As Life,Offer Nissim Show Mix - Live Performance,SONG_0083,Deborah Cox - Easy As Life - Offer Nissim Show Mix - Live Performance,high,
pride_tel_aviv_2022,Offer Nissim Pride Tel Aviv,2022-06-11,Ganei Yehoshua (Park Hayarkon),Tel Aviv,Israel,18:31,22:53,27,,Deborah Cox,Summer Of Love,Offer Nissim Show Mix - Live Performance,SONG_0144,Deborah Cox - Summer Of Love - Offer Nissim Show Mix - Live Performance,high,
pride_tel_aviv_2022,Offer Nissim Pride Tel Aviv,2022-06-11,Ganei Yehoshua (Park Hayarkon),Tel Aviv,Israel,18:31,22:53,28,,Michelle Obama All-Star Girl Power Anthem,This Is For My Girls,Offer Nissim Remix,SONG_0069,Michelle Obama All-Star Girl Power Anthem - This Is For My Girls - Offer Nissim Remix,high,
pride_tel_aviv_2022,Offer Nissim Pride Tel Aviv,2022-06-11,Ganei Yehoshua (Park Hayarkon),Tel Aviv,Israel,18:31,22:53,29,,Offer Nissim Feat. Maya Simantov,Everybody Needs A Man,,SONG_0032,Offer Nissim Feat. Maya Simantov - Everybody Needs A Man,high,
pride_tel_aviv_2022,Offer Nissim Pride Tel Aviv,2022-06-11,Ganei Yehoshua (Park Hayarkon),Tel Aviv,Israel,18:31,22:53,30,,Offer Nissim Feat. Dana International,We Can Make It,,SONG_0048,Offer Nissim Feat. Dana International - We Can Make It,high,
pride_tel_aviv_2022,Offer Nissim Pride Tel Aviv,2022-06-11,Ganei Yehoshua (Park Hayarkon),Tel Aviv,Israel,18:31,22:53,31,,Offer Nissim Feat. Eyal Golan,Lo Mevina Ivrit,,SONG_0027,Offer Nissim Feat. Eyal Golan - Lo Mevina Ivrit,high,
pride_tel_aviv_2022,Offer Nissim Pride Tel Aviv,2022-06-11,Ganei Yehoshua (Park Hayarkon),Tel Aviv,Israel,18:31,22:53,32,,Rita & ELK,Boom Boom Boom,Offer Nissim Show Mix - Live Performance,SONG_0181,Rita & ELK (DUENDE) - Boom Boom Boom - Offer Nissim Show Mix - Live Performance,high,(DUENDE)' is the duo name in source.
pride_tel_aviv_2022,Offer Nissim Pride Tel Aviv,2022-06-11,Ganei Yehoshua (Park Hayarkon),Tel Aviv,Israel,18:31,22:53,33,,Offer Nissim,Atencion Alegria,,SONG_0182,Offer Nissim - Atencion Alegria,high,
pride_tel_aviv_2022,Offer Nissim Pride Tel Aviv,2022-06-11,Ganei Yehoshua (Park Hayarkon),Tel Aviv,Israel,18:31,22:53,34,,Mr. Black & Offer Nissim,Mucho Bien,Reconstruction Mix,SONG_0145,MR.BLACK & Offer Nissim - Mucho Bien - Reconstruction Mix,high,Artist normalized: 'MR.BLACK & Offer Nissim' -> 'Mr. Black & Offer Nissim'
pride_tel_aviv_2022,Offer Nissim Pride Tel Aviv,2022-06-11,Ganei Yehoshua (Park Hayarkon),Tel Aviv,Israel,18:31,22:53,35,,Offer Nissim,La Talya,,SONG_0147,Offer Nissim - La Talya,high,
pride_tel_aviv_2022,Offer Nissim Pride Tel Aviv,2022-06-11,Ganei Yehoshua (Park Hayarkon),Tel Aviv,Israel,18:31,22:53,36,,Shirley Bassey,La Passione,Offer Nissim Remix,SONG_0058,Shirley Bassey - La Passione - Offer Nissim Remix,high,
pride_tel_aviv_2022,Offer Nissim Pride Tel Aviv,2022-06-11,Ganei Yehoshua (Park Hayarkon),Tel Aviv,Israel,18:31,22:53,37,,Donna Summer,Power Of Love,Offer Nissim Remix,SONG_0183,Donna Summer - Power Of Love - Offer Nissim Remix,high,
pride_tel_aviv_2022,Offer Nissim Pride Tel Aviv,2022-06-11,Ganei Yehoshua (Park Hayarkon),Tel Aviv,Israel,18:31,22:53,38,,Offer Nissim Feat. Maya Simantov,Wish You Were Here,,SONG_0072,Offer Nissim Feat. Maya Simantov - Wish You Were Here,high,
pride_tel_aviv_2022,Offer Nissim Pride Tel Aviv,2022-06-11,Ganei Yehoshua (Park Hayarkon),Tel Aviv,Israel,18:31,22:53,39,,Offer Nissim Feat. Ania Bukstein,Rokedet,,SONG_0034,Offer Nissim Feat. Ania Bukstein - ROKEDET,high,
pride_tel_aviv_2022,Offer Nissim Pride Tel Aviv,2022-06-11,Ganei Yehoshua (Park Hayarkon),Tel Aviv,Israel,18:31,22:53,40,,Offer Nissim X Tal Ramon,Lo Levad,Live Performance,SONG_0184,Offer Nissim X Tal Ramon - Lo Levad - Live Performance,high,
pride_tel_aviv_2022,Offer Nissim Pride Tel Aviv,2022-06-11,Ganei Yehoshua (Park Hayarkon),Tel Aviv,Israel,18:31,22:53,41,,Offer Nissim,Crazy Things At Night,,SONG_0001,Offer Nissim - Crazy Things At Night,high,
pride_tel_aviv_2022,Offer Nissim Pride Tel Aviv,2022-06-11,Ganei Yehoshua (Park Hayarkon),Tel Aviv,Israel,18:31,22:53,42,,Offer Nissim Feat. The Israeli Opera,Hymns To God,,SONG_0060,Offer Nissim Feat. The Israeli Opera - Hymns To God,high,
pride_tel_aviv_2022,Offer Nissim Pride Tel Aviv,2022-06-11,Ganei Yehoshua (Park Hayarkon),Tel Aviv,Israel,18:31,22:53,43,,Offer Nissim,Lost In Music,,SONG_0120,Offer Nissim - Lost The Music,high,Title spelling normalized: 'Lost The Music' -> 'Lost In Music'
pride_tel_aviv_2022,Offer Nissim Pride Tel Aviv,2022-06-11,Ganei Yehoshua (Park Hayarkon),Tel Aviv,Israel,18:31,22:53,44,,Mariah Carey Vs Maya,I'm That Chick,Offer Nissim Remix,SONG_0185,Mariah Carey Vs Maya - I'm That Chick - Offer Nissim Remix,high,
pride_tel_aviv_2022,Offer Nissim Pride Tel Aviv,2022-06-11,Ganei Yehoshua (Park Hayarkon),Tel Aviv,Israel,18:31,22:53,45,,Offer Nissim Feat. Maya Simantov,Boys,Live Performance,SONG_0186,Offer Nissim Feat. Maya Simantov - Boys - Live Performance,high,
pride_tel_aviv_2022,Offer Nissim Pride Tel Aviv,2022-06-11,Ganei Yehoshua (Park Hayarkon),Tel Aviv,Israel,18:31,22:53,46,,Offer Nissim,Completely Yourself,,SONG_0045,Offer Nissim - Completely Yourself,high,
rosh_hashana_2022,Offer Nissim Rosh Hashana White Party,2022-09-26,Park Hayarkon,Tel Aviv,Israel,18:38,22:59,1,,Madonna,Finally Enough Love,Offer Nissim Requiem Remix,SONG_0187,Madonna - Finally Enough Love - Offer Nissim Requiem Remix,high,
rosh_hashana_2022,Offer Nissim Rosh Hashana White Party,2022-09-26,Park Hayarkon,Tel Aviv,Israel,18:38,22:59,2,,Ivana Lola Feat. AC & GetFar,Don't You Hide (L.I.B.),Offer Nissim Remix,SONG_0121,Ivana Lola Feat. AC & GetFar - Don't You Hide (L.I.B.) - Offer Nissim Remix,high,
rosh_hashana_2022,Offer Nissim Rosh Hashana White Party,2022-09-26,Park Hayarkon,Tel Aviv,Israel,18:38,22:59,3,,Offer Nissim,Get What I Want,,SONG_0188,Offer Nissim - Get What I Want,high,
rosh_hashana_2022,Offer Nissim Rosh Hashana White Party,2022-09-26,Park Hayarkon,Tel Aviv,Israel,18:38,22:59,4,,Offer Nissim Feat. Maya Simantov,Bitch,,SONG_0189,Offer Nissim Feat. Maya Simantov - Bitch,high,
rosh_hashana_2022,Offer Nissim Rosh Hashana White Party,2022-09-26,Park Hayarkon,Tel Aviv,Israel,18:38,22:59,5,,Offer Nissim Feat. Maya Simantov,Like A Woman,,SONG_0154,Offer Nissim Feat. Maya Simantov - Like A Woman,high,
rosh_hashana_2022,Offer Nissim Rosh Hashana White Party,2022-09-26,Park Hayarkon,Tel Aviv,Israel,18:38,22:59,6,,Offer Nissim,I Want Muscles,,SONG_0190,Offer Nissim - I Want Muscles,high,
rosh_hashana_2022,Offer Nissim Rosh Hashana White Party,2022-09-26,Park Hayarkon,Tel Aviv,Israel,18:38,22:59,7,,Offer Nissim Feat. Maya Simantov,Like There Is No Tomorrow,Club Mix,SONG_0142,Offer Nissim Feat. Maya Simantov - Like There Is No Tomorrow - Club Mix,high,
rosh_hashana_2022,Offer Nissim Rosh Hashana White Party,2022-09-26,Park Hayarkon,Tel Aviv,Israel,18:38,22:59,8,,Extasia & Zach Adam Feat. Rony G,Light Beams,Offer Nissim Remix,SONG_0007,Extasia & Zach Adam feat Rony G - Light Beams - Offer Nissim Remix,high,Artist normalized: 'Extasia & Zach Adam feat Rony G' -> 'Extasia & Zach Adam Feat. Rony G'
rosh_hashana_2022,Offer Nissim Rosh Hashana White Party,2022-09-26,Park Hayarkon,Tel Aviv,Israel,18:38,22:59,9,,Offer Nissim,La Talya,,SONG_0147,Offer Nissim - La Talya,high,
rosh_hashana_2022,Offer Nissim Rosh Hashana White Party,2022-09-26,Park Hayarkon,Tel Aviv,Israel,18:38,22:59,10,,Offer Nissim,Cha Cha Cha,Peter Rauhofer NYC Edit,SONG_0023,Offer Nissim - Another Cha Cha - Peter Rauhofer's NYC Edit,high,Corrected 03.10.2026: official title per Offer Nissim's release (Spotify / Beatport / Star 69 Records: 'Cha Cha Cha (Peter Rauhofer NYC Edit)')
rosh_hashana_2022,Offer Nissim Rosh Hashana White Party,2022-09-26,Park Hayarkon,Tel Aviv,Israel,18:38,22:59,11,,Offer Nissim,Up To The Top,,SONG_0113,Offer Nissim - Up To The Top,high,
rosh_hashana_2022,Offer Nissim Rosh Hashana White Party,2022-09-26,Park Hayarkon,Tel Aviv,Israel,18:38,22:59,12,,Offer Nissim,Dancing,,SONG_0068,Offer Nissim - Dancing,high,
rosh_hashana_2022,Offer Nissim Rosh Hashana White Party,2022-09-26,Park Hayarkon,Tel Aviv,Israel,18:38,22:59,13,,Offer Nissim Feat. Meital De Razon,Like This Like That,,SONG_0160,Offer Nissim Feat. Meital De Razon - Like This Like That,high,
rosh_hashana_2022,Offer Nissim Rosh Hashana White Party,2022-09-26,Park Hayarkon,Tel Aviv,Israel,18:38,22:59,14,,Offer Nissim Feat. Shai Tsabari,Shalom Leah Dudi,,SONG_0191,Offer Nissim Feat. Shai Tsabari - Shalom Leah Dudi,high,
rosh_hashana_2022,Offer Nissim Rosh Hashana White Party,2022-09-26,Park Hayarkon,Tel Aviv,Israel,18:38,22:59,15,,Ilan Peled,Frachtnin,Offer Nissim Remix - Live Performance,SONG_0192,Ilan Peled - Frachtnin - Offer Nissim Remix  - Live Performance,high,
rosh_hashana_2022,Offer Nissim Rosh Hashana White Party,2022-09-26,Park Hayarkon,Tel Aviv,Israel,18:38,22:59,16,,Rita and ELK,Boom Boom Boom,Offer Nissim Remix,SONG_0181,Rita and ELK - Boom Boom Boom - Offer Nissim Remix,high,
rosh_hashana_2022,Offer Nissim Rosh Hashana White Party,2022-09-26,Park Hayarkon,Tel Aviv,Israel,18:38,22:59,17,,Offer Nissim,Atencion Alegria,,SONG_0182,Offer Nissim - Atencion Alegria,high,
rosh_hashana_2022,Offer Nissim Rosh Hashana White Party,2022-09-26,Park Hayarkon,Tel Aviv,Israel,18:38,22:59,18,,Meital De Razon & Asi Tal,Toda La Noche,Offer Nissim & Asi Tal Remix,SONG_0024,Meital De Razon & Asi Tal - Toda La Noche Offer Nissim & Asi Tal Remix,high,Remix credit written without separating dash.
rosh_hashana_2022,Offer Nissim Rosh Hashana White Party,2022-09-26,Park Hayarkon,Tel Aviv,Israel,18:38,22:59,19,,Offer Nissim Feat. Riki Ben-Ari,Light My Fire,,SONG_0119,Offer Nissim Feat. Riki Ben-Ari - Light My Fire,high,
rosh_hashana_2022,Offer Nissim Rosh Hashana White Party,2022-09-26,Park Hayarkon,Tel Aviv,Israel,18:38,22:59,20,,Aretha Franklin,Rolling In The Deep,Offer Nissim Remix,SONG_0087,Aretha Franklin - Rolling In The Deep - Offer Nissim Remix,high,
rosh_hashana_2022,Offer Nissim Rosh Hashana White Party,2022-09-26,Park Hayarkon,Tel Aviv,Israel,18:38,22:59,21,,Offer Nissim,Infected Love,,SONG_0173,Offer Nissim - Infected Love,high,
rosh_hashana_2022,Offer Nissim Rosh Hashana White Party,2022-09-26,Park Hayarkon,Tel Aviv,Israel,18:38,22:59,22,,Chava Alberstein,The Treasure,Offer Nissim Remix,SONG_0114,Chava Alberstein - The Treasure - Offer Nissim Remix,high,
rosh_hashana_2022,Offer Nissim Rosh Hashana White Party,2022-09-26,Park Hayarkon,Tel Aviv,Israel,18:38,22:59,23,,Aviv Geffen & Ella-Lee,Varod Mavrik,Offer Nissim Remix,SONG_0170,Aviv Geffen & Ella-Lee - Varod Mavrik - Offer Nissim Remix,high,
rosh_hashana_2022,Offer Nissim Rosh Hashana White Party,2022-09-26,Park Hayarkon,Tel Aviv,Israel,18:38,22:59,24,,Offer Nissim Feat. Maya Simantov,Cuando,,SONG_0193,Offer Nissim Feat. Maya Simantov - Cuando,high,
rosh_hashana_2022,Offer Nissim Rosh Hashana White Party,2022-09-26,Park Hayarkon,Tel Aviv,Israel,18:38,22:59,25,,Mr. Black & Offer Nissim,Mucho Bien,Reconstruction Mix,SONG_0145,MR.BLACK & Offer Nissim - Mucho Bien - Reconstruction Mix,high,Artist normalized: 'MR.BLACK & Offer Nissim' -> 'Mr. Black & Offer Nissim'
rosh_hashana_2022,Offer Nissim Rosh Hashana White Party,2022-09-26,Park Hayarkon,Tel Aviv,Israel,18:38,22:59,26,,Offer Nissim & Mr. Black,Show Me Love,,SONG_0149,Offer Nissim & Mr. Black - Show Me Love,high,Mr. Black version of Show Me Love (Robin S.); same song - confirmed by archive owner.
rosh_hashana_2022,Offer Nissim Rosh Hashana White Party,2022-09-26,Park Hayarkon,Tel Aviv,Israel,18:38,22:59,27,,Offer Nissim Feat. Maya Simantov,For Your Love,,SONG_0194,Offer Nissim Feat. Maya Simantov - For Your Love,high,
rosh_hashana_2022,Offer Nissim Rosh Hashana White Party,2022-09-26,Park Hayarkon,Tel Aviv,Israel,18:38,22:59,28,,Offer Nissim Feat. Symphony X,I Close My Eyes,,SONG_0195,Offer Nissim Feat. Symphony X - I Close My Eyes,high,
rosh_hashana_2022,Offer Nissim Rosh Hashana White Party,2022-09-26,Park Hayarkon,Tel Aviv,Israel,18:38,22:59,29,,Offer Nissim Feat. Epiphony,Believe In Me,,SONG_0043,Offer Nissim Feat. Epiphony - Believe In Me,high,
rosh_hashana_2022,Offer Nissim Rosh Hashana White Party,2022-09-26,Park Hayarkon,Tel Aviv,Israel,18:38,22:59,30,,Offer Nissim Feat. Maya Simantov,Love Me,,SONG_0196,Offer Nissim Feat. Maya Simantov - Love Me,high,
rosh_hashana_2022,Offer Nissim Rosh Hashana White Party,2022-09-26,Park Hayarkon,Tel Aviv,Israel,18:38,22:59,31,,Offer Nissim Feat. Maya Simantov,Be My Boyfriend,,SONG_0197,Offer Nissim Feat. Maya Simantov - Be My Boyfriend,high,
rosh_hashana_2022,Offer Nissim Rosh Hashana White Party,2022-09-26,Park Hayarkon,Tel Aviv,Israel,18:38,22:59,32,,Offer Nissim Feat. Maya Simantov,Boys,,SONG_0186,Offer Nissim Feat. Maya Simantov - Boys,high,
rosh_hashana_2022,Offer Nissim Rosh Hashana White Party,2022-09-26,Park Hayarkon,Tel Aviv,Israel,18:38,22:59,33,,Offer Nissim Feat. Ania Bukstein,Rokedet,,SONG_0034,Offer Nissim Feat. Ania Bukstein - ROKEDET,high,
rosh_hashana_2022,Offer Nissim Rosh Hashana White Party,2022-09-26,Park Hayarkon,Tel Aviv,Israel,18:38,22:59,34,,Cher,Gimme! Gimme! Gimme! (A Man After Midnight),Offer Nissim Needs A Man Remix,SONG_0031,Cher - Gimme! Gimme! Gimme! - Offer Nissim Needs A Man Remix,high,Title spelling normalized: 'Gimme! Gimme! Gimme!' -> 'Gimme! Gimme! Gimme! (A Man After Midnight)'
rosh_hashana_2022,Offer Nissim Rosh Hashana White Party,2022-09-26,Park Hayarkon,Tel Aviv,Israel,18:38,22:59,35,,Offer Nissim Feat. Ilan Peled,Mesuchsechet,,SONG_0177,Offer Nissim Feat. Ilan Peled - Mesuchsechet,high,
rosh_hashana_2022,Offer Nissim Rosh Hashana White Party,2022-09-26,Park Hayarkon,Tel Aviv,Israel,18:38,22:59,36,,Offer Nissim Presents Ilan Peled,Aprikose,,SONG_0198,Offer Nissim Presents. Ilan Peled - Aprikose,high,Artist normalized: 'Offer Nissim Presents. Ilan Peled' -> 'Offer Nissim Presents Ilan Peled'
rosh_hashana_2022,Offer Nissim Rosh Hashana White Party,2022-09-26,Park Hayarkon,Tel Aviv,Israel,18:38,22:59,37,,Offer Nissim,Move Your Body,Club Mix,SONG_0174,Offer Nissim - Move Your Body - Club Mix,high,
rosh_hashana_2022,Offer Nissim Rosh Hashana White Party,2022-09-26,Park Hayarkon,Tel Aviv,Israel,18:38,22:59,38,,The KLF,What Time Is Love,Offer Nissim Remix,SONG_0199,The KLF - What Time Is Love - Offer Nissim Remix,high,
rosh_hashana_2022,Offer Nissim Rosh Hashana White Party,2022-09-26,Park Hayarkon,Tel Aviv,Israel,18:38,22:59,39,,Pet Shop Boys,The Pop Kids,Offer Nissim Drama Remix,SONG_0200,Pet Shop Boys - The Pop Kids - Offer Nissim Drama Remix,high,
rosh_hashana_2022,Offer Nissim Rosh Hashana White Party,2022-09-26,Park Hayarkon,Tel Aviv,Israel,18:38,22:59,40,,Offer Nissim Feat. Robin S.,Show Me Love,,SONG_0149,Offer Nissim Feat. Robin S. - Show Me Love,high,
rosh_hashana_2022,Offer Nissim Rosh Hashana White Party,2022-09-26,Park Hayarkon,Tel Aviv,Israel,18:38,22:59,41,,Offer Nissim Feat. Maya Simantov,Let Me Live,,SONG_0040,Offer Nissim Feat. Maya Simantov - Let Me Live,high,
rosh_hashana_2022,Offer Nissim Rosh Hashana White Party,2022-09-26,Park Hayarkon,Tel Aviv,Israel,18:38,22:59,42,,Offer Nissim Feat. Maya Simantov,Everybody Needs A Man,,SONG_0032,Offer Nissim Feat. Maya Simantov - Everybody Needs A Man,high,
rosh_hashana_2022,Offer Nissim Rosh Hashana White Party,2022-09-26,Park Hayarkon,Tel Aviv,Israel,18:38,22:59,43,,Ran Danker,Malkat Harahava,Offer Nissim Remix - Live Performance,SONG_0201,Ran Danker - Malkat Harahava - Offer Nissim Remix  - Live Performance,high,
rosh_hashana_2022,Offer Nissim Rosh Hashana White Party,2022-09-26,Park Hayarkon,Tel Aviv,Israel,18:38,22:59,44,,Offer Nissim Feat. Maya Simantov,First Time,Cafe Del Mar,SONG_0153,Offer Nissim Feat. Maya Simantov - Cafe Del Mar First Time,high,A remix of First Time (Cafe Del Mar version) - confirmed by archive owner.
rosh_hashana_2022,Offer Nissim Rosh Hashana White Party,2022-09-26,Park Hayarkon,Tel Aviv,Israel,18:38,22:59,45,,Offer Nissim Presents Amir Haddad,Désenchantée,,SONG_0202,Offer Nissim Presents: Amir Haddad - Désenchantée,high,Artist normalized: 'Offer Nissim Presents: Amir Haddad' -> 'Offer Nissim Presents Amir Haddad'
rosh_hashana_2022,Offer Nissim Rosh Hashana White Party,2022-09-26,Park Hayarkon,Tel Aviv,Israel,18:38,22:59,46,,Offer Nissim Feat. Maya Simantov,You'll Never Know,,SONG_0203,Offer Nissim Feat. Maya Simantov - You'll Never Know,high,
rosh_hashana_2022,Offer Nissim Rosh Hashana White Party,2022-09-26,Park Hayarkon,Tel Aviv,Israel,18:38,22:59,47,,Eliran Halevy,In My Heart,,SONG_0176,Eliran Halevy - In My Heart,high,
rosh_hashana_2022,Offer Nissim Rosh Hashana White Party,2022-09-26,Park Hayarkon,Tel Aviv,Israel,18:38,22:59,48,,Offer Nissim,High In Bed,,SONG_0204,Offer Nissim - High In Bed,high,
rosh_hashana_2022,Offer Nissim Rosh Hashana White Party,2022-09-26,Park Hayarkon,Tel Aviv,Israel,18:38,22:59,49,,Celeda,The Underground,Peter Rauhofer's Original Underground Mix,SONG_0138,Celeda - The Underground - Peter Rauhofer's Original Underground Mix,high,
rosh_hashana_2022,Offer Nissim Rosh Hashana White Party,2022-09-26,Park Hayarkon,Tel Aviv,Israel,18:38,22:59,50,,Ivri Lider & Rita,Cinderella Rockefella,Offer Nissim 2005 The Chin Reconstruction Mix,SONG_0205,Ivri Lider & Rita - Cinderella Rockefella - Offer Nissim 2005 The Chin Reconstruction Mix,high,
rosh_hashana_2022,Offer Nissim Rosh Hashana White Party,2022-09-26,Park Hayarkon,Tel Aviv,Israel,18:38,22:59,51,,Offer Nissim Feat. Dana International,Ani Lo Yechola Biladecha,Rosh Hashana Version,SONG_0206,Offer Nissim Feat. Dana International -  Ani Lo Yechola Biladecha - Rosh Hashana Version,high,
rosh_hashana_2022,Offer Nissim Rosh Hashana White Party,2022-09-26,Park Hayarkon,Tel Aviv,Israel,18:38,22:59,52,,Offer Nissim,Completely Yourself,,SONG_0045,Offer Nissim - Completely Yourself,high,
hanukkah_2022,Offer Nissim Hanukkah Concert,2022-12-24,"Expo Tel Aviv, Pavilion (Bitan) 1",Tel Aviv,Israel,20:31,1:41,1,,Offer Nissim X Tamir Grinberg,Our Love,,SONG_0207,Offer Nissim X Tamir Grinberg - Our Love,high,
hanukkah_2022,Offer Nissim Hanukkah Concert,2022-12-24,"Expo Tel Aviv, Pavilion (Bitan) 1",Tel Aviv,Israel,20:31,1:41,2,,Rita & ELK,Bailador,Offer Nissim Remix,SONG_0208,Rita And Elk - BAILADOR - Offer Nissim Remix,high,Artist normalized: 'Rita And Elk' -> 'Rita & ELK'
hanukkah_2022,Offer Nissim Hanukkah Concert,2022-12-24,"Expo Tel Aviv, Pavilion (Bitan) 1",Tel Aviv,Israel,20:31,1:41,3,,Offer Nissim,Umpatampa,,SONG_0004,Offer Nissim - Umpatampa,high,
hanukkah_2022,Offer Nissim Hanukkah Concert,2022-12-24,"Expo Tel Aviv, Pavilion (Bitan) 1",Tel Aviv,Israel,20:31,1:41,4,,Offer Nissim,Underground,,SONG_0209,Offer Nissim - Underground,high,
hanukkah_2022,Offer Nissim Hanukkah Concert,2022-12-24,"Expo Tel Aviv, Pavilion (Bitan) 1",Tel Aviv,Israel,20:31,1:41,5,,Offer Nissim,Get What I Want,,SONG_0188,Offer Nissim - Get What I Want,high,
hanukkah_2022,Offer Nissim Hanukkah Concert,2022-12-24,"Expo Tel Aviv, Pavilion (Bitan) 1",Tel Aviv,Israel,20:31,1:41,6,,Eartha Kitt,Where Is My Man,Offer Nissim Remix,SONG_0079,Eartha Kitt – Where Is My Man - Offer Nissim Remix,high,
hanukkah_2022,Offer Nissim Hanukkah Concert,2022-12-24,"Expo Tel Aviv, Pavilion (Bitan) 1",Tel Aviv,Israel,20:31,1:41,7,,Offer Nissim Feat. Maya Simantov,Miracle,Part B,SONG_0130,Offer Nissim Feat. Maya Simantov - Miracle - Part B,high,
hanukkah_2022,Offer Nissim Hanukkah Concert,2022-12-24,"Expo Tel Aviv, Pavilion (Bitan) 1",Tel Aviv,Israel,20:31,1:41,8,,The Trash Mermaids,Cryptic Love,Offer Nissim Remix,SONG_0210,The Trash Mermaids - Cryptic Love - Offer Nissim Remix,high,
hanukkah_2022,Offer Nissim Hanukkah Concert,2022-12-24,"Expo Tel Aviv, Pavilion (Bitan) 1",Tel Aviv,Israel,20:31,1:41,9,,Suzanne Palmer,Free My Love,Offer Nissim Remix,SONG_0123,Suzanne Palmer - Free My Love - Offer Nissim Remix,high,
hanukkah_2022,Offer Nissim Hanukkah Concert,2022-12-24,"Expo Tel Aviv, Pavilion (Bitan) 1",Tel Aviv,Israel,20:31,1:41,10,,Offer Nissim Feat. Maya Simantov,Boys,,SONG_0186,Offer Nissim Feat. Maya Simantov - Boys,high,
hanukkah_2022,Offer Nissim Hanukkah Concert,2022-12-24,"Expo Tel Aviv, Pavilion (Bitan) 1",Tel Aviv,Israel,20:31,1:41,11,,Offer Nissim Feat. Maya Simantov,Zero Fucks,,SONG_0161,Offer Nissim Feat. Maya Simantov - Zero Fucks,high,
hanukkah_2022,Offer Nissim Hanukkah Concert,2022-12-24,"Expo Tel Aviv, Pavilion (Bitan) 1",Tel Aviv,Israel,20:31,1:41,12,,Amelia Lily,You Bring Me Joy,Offer Nissim Remix,SONG_0020,Amelia Lily - You Bring Me Joy - Offer Nissim Remix,high,
hanukkah_2022,Offer Nissim Hanukkah Concert,2022-12-24,"Expo Tel Aviv, Pavilion (Bitan) 1",Tel Aviv,Israel,20:31,1:41,13,,Offer Nissim,Theater Club,,SONG_0094,Offer Nissim - Theater Club,high,
hanukkah_2022,Offer Nissim Hanukkah Concert,2022-12-24,"Expo Tel Aviv, Pavilion (Bitan) 1",Tel Aviv,Israel,20:31,1:41,14,,Offer Nissim Feat. Riki Ben-Ari,Dance The Night,,SONG_0006,Offer Nissim Feat. Riki Ben-Ari - Dance The Night,high,
hanukkah_2022,Offer Nissim Hanukkah Concert,2022-12-24,"Expo Tel Aviv, Pavilion (Bitan) 1",Tel Aviv,Israel,20:31,1:41,15,,Offer Nissim,I Want Muscles,,SONG_0190,Offer Nissim - I Want Muscles,high,
hanukkah_2022,Offer Nissim Hanukkah Concert,2022-12-24,"Expo Tel Aviv, Pavilion (Bitan) 1",Tel Aviv,Israel,20:31,1:41,16,,Cher,Gimme! Gimme! Gimme! (A Man After Midnight),Offer Nissim Needs A Man Remix,SONG_0031,Cher - Gimme! Gimme! Gimme! - Offer Nissim Needs A Man Remix,high,Title spelling normalized: 'Gimme! Gimme! Gimme!' -> 'Gimme! Gimme! Gimme! (A Man After Midnight)'
hanukkah_2022,Offer Nissim Hanukkah Concert,2022-12-24,"Expo Tel Aviv, Pavilion (Bitan) 1",Tel Aviv,Israel,20:31,1:41,17,,Steps,Scared Of The Dark,Offer Nissim Remix,SONG_0025,Steps - Scared Of The Dark (Offer Nissim Remix),high,
hanukkah_2022,Offer Nissim Hanukkah Concert,2022-12-24,"Expo Tel Aviv, Pavilion (Bitan) 1",Tel Aviv,Israel,20:31,1:41,18,,Offer Nissim,High In Bed,,SONG_0204,Offer Nissim - High In Bed,high,
hanukkah_2022,Offer Nissim Hanukkah Concert,2022-12-24,"Expo Tel Aviv, Pavilion (Bitan) 1",Tel Aviv,Israel,20:31,1:41,19,,Offer Nissim Feat. Meital De Razon,Like This Like That,,SONG_0160,Offer Nissim Feat. Meital De Razon - Like This Like That,high,
hanukkah_2022,Offer Nissim Hanukkah Concert,2022-12-24,"Expo Tel Aviv, Pavilion (Bitan) 1",Tel Aviv,Israel,20:31,1:41,20,,Offer Nissim X Harel Skaat,Ahava Nafshi,,SONG_0150,Offer Nissim X Harel Skaat - Ahava Nafsh,high,Title spelling normalized: 'Ahava Nafsh' -> 'Ahava Nafshi'
hanukkah_2022,Offer Nissim Hanukkah Concert,2022-12-24,"Expo Tel Aviv, Pavilion (Bitan) 1",Tel Aviv,Israel,20:31,1:41,21,,Offer Nissim X Tair Haim,Laila,,SONG_0166,Offer Nissim X Tair Haim - Laila,high,
hanukkah_2022,Offer Nissim Hanukkah Concert,2022-12-24,"Expo Tel Aviv, Pavilion (Bitan) 1",Tel Aviv,Israel,20:31,1:41,22,,Offer Nissim,Bombay,,SONG_0146,Offer Nissim - Bombay,high,
hanukkah_2022,Offer Nissim Hanukkah Concert,2022-12-24,"Expo Tel Aviv, Pavilion (Bitan) 1",Tel Aviv,Israel,20:31,1:41,23,,Dana International,Maganuna,Offer Nissim Reconstruction,SONG_0211,Dana International - Maganuna - Offer Nissim Reconstruction,high,
hanukkah_2022,Offer Nissim Hanukkah Concert,2022-12-24,"Expo Tel Aviv, Pavilion (Bitan) 1",Tel Aviv,Israel,20:31,1:41,24,,Offer Nissim X ODEYA,Baleylot,,SONG_0212,Offer Nissim X ODEYA - Baleylot,high,
hanukkah_2022,Offer Nissim Hanukkah Concert,2022-12-24,"Expo Tel Aviv, Pavilion (Bitan) 1",Tel Aviv,Israel,20:31,1:41,25,,Whitney Houston,I Didn't Know My Own Strength,Offer Nissim Remix,SONG_0213,Whitney Houston - I Didn't Know My Own Strength - Offer Nissim Remix,high,
hanukkah_2022,Offer Nissim Hanukkah Concert,2022-12-24,"Expo Tel Aviv, Pavilion (Bitan) 1",Tel Aviv,Israel,20:31,1:41,26,,Offer Nissim,Atencion Alegria,,SONG_0182,Offer Nissim - Atencion Alegria,high,
hanukkah_2022,Offer Nissim Hanukkah Concert,2022-12-24,"Expo Tel Aviv, Pavilion (Bitan) 1",Tel Aviv,Israel,20:31,1:41,27,,Mr. Black & Offer Nissim,Mucho Bien,Reconstruction Mix,SONG_0145,MR.BLACK & Offer Nissim - Mucho Bien - Reconstruction Mix,high,Artist normalized: 'MR.BLACK & Offer Nissim' -> 'Mr. Black & Offer Nissim'
hanukkah_2022,Offer Nissim Hanukkah Concert,2022-12-24,"Expo Tel Aviv, Pavilion (Bitan) 1",Tel Aviv,Israel,20:31,1:41,28,,Offer Nissim,Cha Cha Cha,Peter Rauhofer NYC Edit,SONG_0023,Offer Nissim - Cha Cha Cha - Peter Rauhofer Nyc Edit,high,Same track as 'Another Cha Cha' - confirmed by archive owner. | Corrected 03.10.2026: official title per Offer Nissim's release (Spotify / Beatport / Star 69 Records: 'Cha Cha Cha (Peter Rauhofer NYC Edit)')
hanukkah_2022,Offer Nissim Hanukkah Concert,2022-12-24,"Expo Tel Aviv, Pavilion (Bitan) 1",Tel Aviv,Israel,20:31,1:41,29,,Offer Nissim Feat. Ania Bukstein,Rokedet,,SONG_0034,Offer Nissim Feat. Ania Bukstein - ROKEDET,high,
hanukkah_2022,Offer Nissim Hanukkah Concert,2022-12-24,"Expo Tel Aviv, Pavilion (Bitan) 1",Tel Aviv,Israel,20:31,1:41,30,,Offer Nissim Feat. Maya Simantov,Let Me Live,,SONG_0040,Offer Nissim Feat. Maya Simantov - Let Me Live,high,
hanukkah_2022,Offer Nissim Hanukkah Concert,2022-12-24,"Expo Tel Aviv, Pavilion (Bitan) 1",Tel Aviv,Israel,20:31,1:41,31,,Deborah Cox,Easy As Life,Offer Nissim Remix,SONG_0083,Deborah Cox - Easy As Life - Offer Nissim Remix,high,
hanukkah_2022,Offer Nissim Hanukkah Concert,2022-12-24,"Expo Tel Aviv, Pavilion (Bitan) 1",Tel Aviv,Israel,20:31,1:41,32,,Angie Stone,Wish I Didn't Miss You,Offer Nissim Remix,SONG_0106,Angie Stone - Wish I Didn't Miss You - Offer Nissim Remix,high,
hanukkah_2022,Offer Nissim Hanukkah Concert,2022-12-24,"Expo Tel Aviv, Pavilion (Bitan) 1",Tel Aviv,Israel,20:31,1:41,33,,Offer Nissim Feat. Maya Simantov,Like There Is No Tomorrow,Club Mix,SONG_0142,Offer Nissim Feat. Maya Simantov - Like There Is No Tomorrow - Club Mix,high,
hanukkah_2022,Offer Nissim Hanukkah Concert,2022-12-24,"Expo Tel Aviv, Pavilion (Bitan) 1",Tel Aviv,Israel,20:31,1:41,34,,Offer Nissim,Infected Love,,SONG_0173,Offer Nissim - Infected Love,high,
hanukkah_2022,Offer Nissim Hanukkah Concert,2022-12-24,"Expo Tel Aviv, Pavilion (Bitan) 1",Tel Aviv,Israel,20:31,1:41,35,,Eliran Halevy,Entourage,,SONG_0214,Eliran Halevy - Entourage,high,
hanukkah_2022,Offer Nissim Hanukkah Concert,2022-12-24,"Expo Tel Aviv, Pavilion (Bitan) 1",Tel Aviv,Israel,20:31,1:41,36,,Offer Nissim Presents Dynasty Season,The Children,,SONG_0215,Offer Nissim Pres. Dynasty Season - The Children,high,Artist normalized: 'Offer Nissim Pres. Dynasty Season' -> 'Offer Nissim Presents Dynasty Season'
hanukkah_2022,Offer Nissim Hanukkah Concert,2022-12-24,"Expo Tel Aviv, Pavilion (Bitan) 1",Tel Aviv,Israel,20:31,1:41,37,,Offer Nissim Feat. Ilan Peled,Hypno Dance,,SONG_0216,Offer Nissim Feat. Ilan Peled - Hypno Dance,high,
hanukkah_2022,Offer Nissim Hanukkah Concert,2022-12-24,"Expo Tel Aviv, Pavilion (Bitan) 1",Tel Aviv,Israel,20:31,1:41,38,,Ran Danker,Malkat Harahava,Offer Nissim Remix,SONG_0201,Ran Danker -Malkat Harahva - Offer Nissim Remix,high,Title spelling normalized: 'Malkat Harahva' -> 'Malkat Harahava'
hanukkah_2022,Offer Nissim Hanukkah Concert,2022-12-24,"Expo Tel Aviv, Pavilion (Bitan) 1",Tel Aviv,Israel,20:31,1:41,39,,Madonna,God Control,Offer Nissim Remix,SONG_0093,Madonna - God Control - Offer Nissim Remix,high,
hanukkah_2022,Offer Nissim Hanukkah Concert,2022-12-24,"Expo Tel Aviv, Pavilion (Bitan) 1",Tel Aviv,Israel,20:31,1:41,40,,Vali,Pluto,Offer Nissim Remix,SONG_0030,Vali - Pluto - Offer Nissim Remix,high,
hanukkah_2022,Offer Nissim Hanukkah Concert,2022-12-24,"Expo Tel Aviv, Pavilion (Bitan) 1",Tel Aviv,Israel,20:31,1:41,41,,Offer Nissim Feat. Meital De Razon,Saved Me,,SONG_0217,Offer Nissim Feat. Meital De Razon - Saved Me,high,
hanukkah_2022,Offer Nissim Hanukkah Concert,2022-12-24,"Expo Tel Aviv, Pavilion (Bitan) 1",Tel Aviv,Israel,20:31,1:41,42,,Offer Nissim Feat. Betty Pablo,Poison (Ra'al),,SONG_0081,Offer Nissim Feat. Betty Pablo - Poison (Ra'al),high,Same song as 'Offer Nisim ft. Betty - Poison' (2019 spelling).
hanukkah_2022,Offer Nissim Hanukkah Concert,2022-12-24,"Expo Tel Aviv, Pavilion (Bitan) 1",Tel Aviv,Israel,20:31,1:41,43,,Offer Nissim Feat. Maya Simantov,Anything,,SONG_0218,Offer Nissim Feat. Maya Simantov - Anything,high,
hanukkah_2022,Offer Nissim Hanukkah Concert,2022-12-24,"Expo Tel Aviv, Pavilion (Bitan) 1",Tel Aviv,Israel,20:31,1:41,44,,Offer Nissim Feat. Maya Simantov,Tel Aviv,,SONG_0042,Offer Nissim Feat. Maya Simantov - Tel Aviv,high,
hanukkah_2022,Offer Nissim Hanukkah Concert,2022-12-24,"Expo Tel Aviv, Pavilion (Bitan) 1",Tel Aviv,Israel,20:31,1:41,45,,Anggun,The Good Is Back,Offer Nissim Remix,SONG_0089,Anggun - The Good Is Back - Offer Nissim Remix,high,
hanukkah_2022,Offer Nissim Hanukkah Concert,2022-12-24,"Expo Tel Aviv, Pavilion (Bitan) 1",Tel Aviv,Israel,20:31,1:41,46,,Offer Nissim Feat. The Israeli Opera,Hymns To God,,SONG_0060,Offer Nissim Feat. The Israeli Opera - Hymns To God,high,
hanukkah_2022,Offer Nissim Hanukkah Concert,2022-12-24,"Expo Tel Aviv, Pavilion (Bitan) 1",Tel Aviv,Israel,20:31,1:41,47,,Offer Nissim,Lost In Music,,SONG_0120,Offer Nissim - Lost The Music,high,Title spelling normalized: 'Lost The Music' -> 'Lost In Music'
hanukkah_2022,Offer Nissim Hanukkah Concert,2022-12-24,"Expo Tel Aviv, Pavilion (Bitan) 1",Tel Aviv,Israel,20:31,1:41,48,,Donna Summer & Barbra Streisand,Enough Is Enough,2017 (Offer Nissim Remix),SONG_0084,Donna Summer & Barbra Streisand - Enough is Enough 2017 (Offer Nissim Remix),high,2017' belongs to the remix label.
hanukkah_2022,Offer Nissim Hanukkah Concert,2022-12-24,"Expo Tel Aviv, Pavilion (Bitan) 1",Tel Aviv,Israel,20:31,1:41,49,,Billie Ray Martin,The Glittering Gutter,Offer Nissim Remix,SONG_0051,Billie Ray Martin - The Glittering Gutter (Offer Nissim Remix),high,
hanukkah_2022,Offer Nissim Hanukkah Concert,2022-12-24,"Expo Tel Aviv, Pavilion (Bitan) 1",Tel Aviv,Israel,20:31,1:41,50,,Anita Meyer,Why Tell Me Why,Offer Nissim Remix,SONG_0055,Anita Mayer - Why Tell Me Why (Offer Nissim Remix),high,Artist normalized: 'Anita Mayer' -> 'Anita Meyer'
hanukkah_2022,Offer Nissim Hanukkah Concert,2022-12-24,"Expo Tel Aviv, Pavilion (Bitan) 1",Tel Aviv,Israel,20:31,1:41,51,,Lana Del Rey,Young And Beautiful,Offer Nissim Remix,SONG_0219,Lana Del Rey - Young And Beautiful (Offer Nissim Remix),high,
hanukkah_2022,Offer Nissim Hanukkah Concert,2022-12-24,"Expo Tel Aviv, Pavilion (Bitan) 1",Tel Aviv,Israel,20:31,1:41,52,,Katy B,Crying For No Reason,Offer Nissim Remix,SONG_0128,Katy B - Crying For No Reason (Offer Nissim Remix),high,
hanukkah_2022,Offer Nissim Hanukkah Concert,2022-12-24,"Expo Tel Aviv, Pavilion (Bitan) 1",Tel Aviv,Israel,20:31,1:41,53,,Offer Nissim Feat. Maya Simantov,Searching,,SONG_0107,Offer Nissim Feat. Maya Simantov - Searching,high,
hanukkah_2022,Offer Nissim Hanukkah Concert,2022-12-24,"Expo Tel Aviv, Pavilion (Bitan) 1",Tel Aviv,Israel,20:31,1:41,54,,Offer Nissim Feat. Maya Simantov,Everybody Needs A Man,,SONG_0032,Offer Nissim Feat. Maya Simantov - Everybody Needs A Man,high,
hanukkah_2022,Offer Nissim Hanukkah Concert,2022-12-24,"Expo Tel Aviv, Pavilion (Bitan) 1",Tel Aviv,Israel,20:31,1:41,55,,Offer Nissim Feat. Maya Simantov,Let God,LIVE SHOW,SONG_0220,Offer Nissim Feat. Maya Simantov - Let God (LIVE SHOW),high,
hanukkah_2022,Offer Nissim Hanukkah Concert,2022-12-24,"Expo Tel Aviv, Pavilion (Bitan) 1",Tel Aviv,Israel,20:31,1:41,56,,Offer Nissim,Completely Yourself,,SONG_0045,Offer Nissim - Completely Yourself,high,
purim_2023,Offer Nissim Purim Concert,2023-03-11,"Expo Tel Aviv, Pavilion (Bitan) 2",Tel Aviv,Israel,20:32,1:31,1,,Offer Nissim,Welcome,,SONG_0221,Offer Nissim - Welcome,high,
purim_2023,Offer Nissim Purim Concert,2023-03-11,"Expo Tel Aviv, Pavilion (Bitan) 2",Tel Aviv,Israel,20:32,1:31,2,,Offer Nissim,Celebration,,SONG_0222,Offer Nissim  - Celebration,high,
purim_2023,Offer Nissim Purim Concert,2023-03-11,"Expo Tel Aviv, Pavilion (Bitan) 2",Tel Aviv,Israel,20:32,1:31,3,,Kristine W.,Everything That I Got,Offer Nissim Tel Aviv Mix,SONG_0223,Kristine W - Everything That I Got - Offer Nissim Tel Aviv Mix,high,Artist normalized: 'Kristine W' -> 'Kristine W.'
purim_2023,Offer Nissim Purim Concert,2023-03-11,"Expo Tel Aviv, Pavilion (Bitan) 2",Tel Aviv,Israel,20:32,1:31,4,,Offer Nissim Feat. Ivana Lola,Kriminal Eye,,SONG_0019,Offer Nissim Feat. Ivana Lola - Kriminal Eye,high,
purim_2023,Offer Nissim Purim Concert,2023-03-11,"Expo Tel Aviv, Pavilion (Bitan) 2",Tel Aviv,Israel,20:32,1:31,5,,Offer Nissim Feat. Maya Simantov,Bitch,,SONG_0189,Offer Nissim Feat. Maya Simantov - Bitch,high,
purim_2023,Offer Nissim Purim Concert,2023-03-11,"Expo Tel Aviv, Pavilion (Bitan) 2",Tel Aviv,Israel,20:32,1:31,6,,Offer Nissim Feat. Epiphony,Mr Charming,,SONG_0224,Offer Nissim Feat. Epiphony - Mr Charming,high,
purim_2023,Offer Nissim Purim Concert,2023-03-11,"Expo Tel Aviv, Pavilion (Bitan) 2",Tel Aviv,Israel,20:32,1:31,7,,Offer Nissim,I Want Muscles,,SONG_0190,Offer Nissim - I Want Muscles,high,
purim_2023,Offer Nissim Purim Concert,2023-03-11,"Expo Tel Aviv, Pavilion (Bitan) 2",Tel Aviv,Israel,20:32,1:31,8,,Offer Nissim Feat. Zach Adam,You Need My Love,,SONG_0098,Offer Nissim Feat. Zach Adam - You Need My Love,high,
purim_2023,Offer Nissim Purim Concert,2023-03-11,"Expo Tel Aviv, Pavilion (Bitan) 2",Tel Aviv,Israel,20:32,1:31,9,,Kim Wilde,Loved,Offer Nissim Remix,SONG_0059,Kim Wilde - Loved -Offer Nissim Remix,high,
purim_2023,Offer Nissim Purim Concert,2023-03-11,"Expo Tel Aviv, Pavilion (Bitan) 2",Tel Aviv,Israel,20:32,1:31,10,,Lara Fabian,Growing Wings,Offer Nissim Remix,SONG_0005,Lara Fabian - Growing Wings - Offer Nissim Remix,high,
purim_2023,Offer Nissim Purim Concert,2023-03-11,"Expo Tel Aviv, Pavilion (Bitan) 2",Tel Aviv,Israel,20:32,1:31,11,,Offer Nissim Feat. Ilan Peled and Nasrin Kadri,Liberté,,SONG_0225,Offer Nissim Feat. Ilan Peled and Nasrin Kadri - LIBERTÉ,high,
purim_2023,Offer Nissim Purim Concert,2023-03-11,"Expo Tel Aviv, Pavilion (Bitan) 2",Tel Aviv,Israel,20:32,1:31,12,,Jean-Jacques Goldman,La Vie Par Procuration,Offer Nissim '08 Reconstruction,SONG_0133,JJ Goldman - La Vie Par Procuration - Offer Nissim '08 Reconstruction,high,Artist normalized: 'JJ Goldman' -> 'Jean-Jacques Goldman'
purim_2023,Offer Nissim Purim Concert,2023-03-11,"Expo Tel Aviv, Pavilion (Bitan) 2",Tel Aviv,Israel,20:32,1:31,13,,Ran Danker,Malkat Harahava,Offer Nissim Show Mix,SONG_0201,Ran Danker - Malkat Harahava - Offer Nissim Show Mix,high,
purim_2023,Offer Nissim Purim Concert,2023-03-11,"Expo Tel Aviv, Pavilion (Bitan) 2",Tel Aviv,Israel,20:32,1:31,14,,The Young Professionals,Be With You Tonight,Offer Nissim Remix,SONG_0131,TYP - Be With You Tonight - Offer Nissim Remix,high,Artist normalized: 'TYP' -> 'The Young Professionals'
purim_2023,Offer Nissim Purim Concert,2023-03-11,"Expo Tel Aviv, Pavilion (Bitan) 2",Tel Aviv,Israel,20:32,1:31,15,,Offer Nissim X Tamir Grinberg,Our Love,,SONG_0207,Offer Nissim X Tamir Grinberg - Our Love,high,
purim_2023,Offer Nissim Purim Concert,2023-03-11,"Expo Tel Aviv, Pavilion (Bitan) 2",Tel Aviv,Israel,20:32,1:31,16,,Offer Nissim Feat. Riki Ben-Ari,Light My Fire,,SONG_0119,Offer Nissim Feat. Riki Ben-Ari - Light My Fire,high,
purim_2023,Offer Nissim Purim Concert,2023-03-11,"Expo Tel Aviv, Pavilion (Bitan) 2",Tel Aviv,Israel,20:32,1:31,17,,Offer Nissim Feat. Rivka Zohar,Shoshanat Yaakov,,SONG_0165,Offer Nissim Feat. Rivka Zohar - Shoshanat Yaakov,high,
purim_2023,Offer Nissim Purim Concert,2023-03-11,"Expo Tel Aviv, Pavilion (Bitan) 2",Tel Aviv,Israel,20:32,1:31,18,,Offer Nissim Feat. Meital De Razon,Like This Like That,,SONG_0160,Offer Nissim Feat. Meital De Razon - Like This Like That,high,
purim_2023,Offer Nissim Purim Concert,2023-03-11,"Expo Tel Aviv, Pavilion (Bitan) 2",Tel Aviv,Israel,20:32,1:31,19,,Offer Nissim,La Talya,,SONG_0147,Offer Nissim - La Talya,high,
purim_2023,Offer Nissim Purim Concert,2023-03-11,"Expo Tel Aviv, Pavilion (Bitan) 2",Tel Aviv,Israel,20:32,1:31,20,,Offer Nissim Feat. Gila Goldstein,Feel It,,SONG_0010,Offer Nissim Feat. Gila Goldstein - Feel It,high,
purim_2023,Offer Nissim Purim Concert,2023-03-11,"Expo Tel Aviv, Pavilion (Bitan) 2",Tel Aviv,Israel,20:32,1:31,21,,Rita & ELK,Bailador,Offer Nissim Remix,SONG_0208,Rita And Elk - BAILADOR - Offer Nissim Remix,high,Artist normalized: 'Rita And Elk' -> 'Rita & ELK'
purim_2023,Offer Nissim Purim Concert,2023-03-11,"Expo Tel Aviv, Pavilion (Bitan) 2",Tel Aviv,Israel,20:32,1:31,22,,Offer Nissim Feat. Betty,Kol Doudi,,SONG_0157,Offer Nissim Feat. Betty - Kol Doudi,high,
purim_2023,Offer Nissim Purim Concert,2023-03-11,"Expo Tel Aviv, Pavilion (Bitan) 2",Tel Aviv,Israel,20:32,1:31,23,,Aviv Geffen & Ella-Lee,Varod Mavrik,Offer Nissim Remix,SONG_0170,Aviv Geffen & Ella-Lee - Varod Mavrik - Offer Nissim Remix,high,
purim_2023,Offer Nissim Purim Concert,2023-03-11,"Expo Tel Aviv, Pavilion (Bitan) 2",Tel Aviv,Israel,20:32,1:31,24,,Offer Nissim Feat. Maya Simantov,Like There Is No Tomorrow,,SONG_0142,Offer Nissim Feat. Maya Simantov - Like There Is No Tomorrow,high,
purim_2023,Offer Nissim Purim Concert,2023-03-11,"Expo Tel Aviv, Pavilion (Bitan) 2",Tel Aviv,Israel,20:32,1:31,25,,Offer Nissim Feat. Maya Simantov,I'm In Love,,SONG_0033,Offer Nissim Feat. Maya Simantov - I'm In Love,high,
purim_2023,Offer Nissim Purim Concert,2023-03-11,"Expo Tel Aviv, Pavilion (Bitan) 2",Tel Aviv,Israel,20:32,1:31,26,,Offer Nissim Feat. Epiphony,Out Of My Skin,,SONG_0140,Offer Nissim Feat. Epiphony - Out Of My Skin,high,
purim_2023,Offer Nissim Purim Concert,2023-03-11,"Expo Tel Aviv, Pavilion (Bitan) 2",Tel Aviv,Israel,20:32,1:31,27,,Amelia Lily,You Bring Me Joy,Offer Nissim Remix,SONG_0020,Amelia Lily - You Bring Me Joy - Offer Nissim Remix,high,
purim_2023,Offer Nissim Purim Concert,2023-03-11,"Expo Tel Aviv, Pavilion (Bitan) 2",Tel Aviv,Israel,20:32,1:31,28,,Vali,Ain't No Friend Of Mine,Offer Nissim Remix,SONG_0029,Vali - Ain't No Friend of Mine - Offer Nissim Remix,high,
purim_2023,Offer Nissim Purim Concert,2023-03-11,"Expo Tel Aviv, Pavilion (Bitan) 2",Tel Aviv,Israel,20:32,1:31,29,,Offer Nissim,Underground,,SONG_0209,Offer Nissim - Underground,high,
purim_2023,Offer Nissim Purim Concert,2023-03-11,"Expo Tel Aviv, Pavilion (Bitan) 2",Tel Aviv,Israel,20:32,1:31,30,,Offer Nissim Feat. Nasrin Kadri,Lusi,,SONG_0226,Offer Nissim Feat. Nasrin Kadri - Lusi,high,
purim_2023,Offer Nissim Purim Concert,2023-03-11,"Expo Tel Aviv, Pavilion (Bitan) 2",Tel Aviv,Israel,20:32,1:31,31,,Offer Nissim Feat. Nasrin Kadri,Hubby,Show Mix,SONG_0155,Offer Nissim Feat. Nasrin Kadri - Hubby - Show Mix,high,
purim_2023,Offer Nissim Purim Concert,2023-03-11,"Expo Tel Aviv, Pavilion (Bitan) 2",Tel Aviv,Israel,20:32,1:31,32,,Offer Nissim Feat. Eyal Golan,Eshal,,SONG_0167,Offer Nissim Feat. Eyal Golan - ESHAL,high,
purim_2023,Offer Nissim Purim Concert,2023-03-11,"Expo Tel Aviv, Pavilion (Bitan) 2",Tel Aviv,Israel,20:32,1:31,33,,Offer Nissim Feat. Eyal Golan,Lo Mevina Ivrit,,SONG_0027,Offer Nissim Feat. Eyal Golan - Lo Mevina Ivrit,high,
purim_2023,Offer Nissim Purim Concert,2023-03-11,"Expo Tel Aviv, Pavilion (Bitan) 2",Tel Aviv,Israel,20:32,1:31,34,,Offer Nissim Feat. Maya Simantov,Everybody Needs A Man,,SONG_0032,Offer Nissim Feat. Maya Simantov - Everybody Needs A Man,high,
purim_2023,Offer Nissim Purim Concert,2023-03-11,"Expo Tel Aviv, Pavilion (Bitan) 2",Tel Aviv,Israel,20:32,1:31,35,,Offer Nissim Feat. Maya Simantov,Let Me Live,,SONG_0040,Offer Nissim Feat. Maya Simantov - Let Me Live,high,
purim_2023,Offer Nissim Purim Concert,2023-03-11,"Expo Tel Aviv, Pavilion (Bitan) 2",Tel Aviv,Israel,20:32,1:31,36,,Offer Nissim,Ahasuerus,,SONG_0003,Offer Nissim - Ahasuerus,high,
purim_2023,Offer Nissim Purim Concert,2023-03-11,"Expo Tel Aviv, Pavilion (Bitan) 2",Tel Aviv,Israel,20:32,1:31,37,,Offer Nissim,Esther,,SONG_0002,Offer Nissim - Esther,high,
purim_2023,Offer Nissim Purim Concert,2023-03-11,"Expo Tel Aviv, Pavilion (Bitan) 2",Tel Aviv,Israel,20:32,1:31,38,,Offer Nissim,Get What I Want,,SONG_0188,Offer Nissim - Get What I Want,high,
purim_2023,Offer Nissim Purim Concert,2023-03-11,"Expo Tel Aviv, Pavilion (Bitan) 2",Tel Aviv,Israel,20:32,1:31,39,,Offer Nissim,Infected Love,,SONG_0173,Offer Nissim - Infected Love,high,
purim_2023,Offer Nissim Purim Concert,2023-03-11,"Expo Tel Aviv, Pavilion (Bitan) 2",Tel Aviv,Israel,20:32,1:31,40,,Eliran Halevy,Can You Feel It,,SONG_0227,Eliran Halevy - Can You Feel It,high,
purim_2023,Offer Nissim Purim Concert,2023-03-11,"Expo Tel Aviv, Pavilion (Bitan) 2",Tel Aviv,Israel,20:32,1:31,41,,I Promised Mom & ANGST vor GRETA,My Sweet Stranger,Adam Ten & Mita Gami Remix,SONG_0228,I Promised Mom & ANGST vor GRETA - My Sweet Stranger - Adam Ten & Mita Gami Remix,high,
purim_2023,Offer Nissim Purim Concert,2023-03-11,"Expo Tel Aviv, Pavilion (Bitan) 2",Tel Aviv,Israel,20:32,1:31,42,,"Thayana Valle, Botteon, Out_Ctrl",Justify,Original Mix,SONG_0229,"Thayana Valle, Botteon, Out_Ctrl - Justify - Original Mix",high,
purim_2023,Offer Nissim Purim Concert,2023-03-11,"Expo Tel Aviv, Pavilion (Bitan) 2",Tel Aviv,Israel,20:32,1:31,43,,Offer Nissim Feat. Ilan Peled,Hypno Dance,,SONG_0216,Offer Nissim Feat. Ilan Peled - Hypno Dance,high,
purim_2023,Offer Nissim Purim Concert,2023-03-11,"Expo Tel Aviv, Pavilion (Bitan) 2",Tel Aviv,Israel,20:32,1:31,44,,Offer Nissim X Dana International,Dana Kama,,SONG_0230,Offer Nissim X Dana International - Dana Kama,high,
purim_2023,Offer Nissim Purim Concert,2023-03-11,"Expo Tel Aviv, Pavilion (Bitan) 2",Tel Aviv,Israel,20:32,1:31,45,,Offer Nissim Feat. Maya Simantov,We Can Make It,Show Mix,SONG_0048,Offer Nissim Feat. Maya Simantov - We Can Make It - Show Mix,high,
purim_2023,Offer Nissim Purim Concert,2023-03-11,"Expo Tel Aviv, Pavilion (Bitan) 2",Tel Aviv,Israel,20:32,1:31,46,,Offer Nissim,Shalom Aleychem,,SONG_0044,Offer Nissim - Shalom Aleychem,high,
purim_2023,Offer Nissim Purim Concert,2023-03-11,"Expo Tel Aviv, Pavilion (Bitan) 2",Tel Aviv,Israel,20:32,1:31,47,,Offer Nissim Feat. Ania Bukstein,Rokedet,,SONG_0034,Offer Nissim Feat. Ania Bukstein - ROKEDET,high,
purim_2023,Offer Nissim Purim Concert,2023-03-11,"Expo Tel Aviv, Pavilion (Bitan) 2",Tel Aviv,Israel,20:32,1:31,48,,Offer Nissim Feat. Riki Ben-Ari,Fame,,SONG_0021,Offer Nissim Feat. Riki Ben-Ari - Fame,high,
purim_2023,Offer Nissim Purim Concert,2023-03-11,"Expo Tel Aviv, Pavilion (Bitan) 2",Tel Aviv,Israel,20:32,1:31,49,,Cher,Gimme! Gimme! Gimme! (A Man After Midnight),Offer Nissim Needs A Man Remix,SONG_0031,Cher - Gimme! Gimme! Gimme! - Offer Nissim Needs A Man Remix,high,Title spelling normalized: 'Gimme! Gimme! Gimme!' -> 'Gimme! Gimme! Gimme! (A Man After Midnight)'
purim_2023,Offer Nissim Purim Concert,2023-03-11,"Expo Tel Aviv, Pavilion (Bitan) 2",Tel Aviv,Israel,20:32,1:31,50,,Suzanne Palmer,Home,Offer Nissim Remix - Part 1,SONG_0231,Suzanne Palmer - Home - Offer Nissim Remix - Part 1,high,
purim_2023,Offer Nissim Purim Concert,2023-03-11,"Expo Tel Aviv, Pavilion (Bitan) 2",Tel Aviv,Israel,20:32,1:31,51,,Offer Nissim Feat. Maya Simantov,Alone,,SONG_0172,Offer Nissim Feat. Maya Simantov - Alone,high,
purim_2023,Offer Nissim Purim Concert,2023-03-11,"Expo Tel Aviv, Pavilion (Bitan) 2",Tel Aviv,Israel,20:32,1:31,52,,Offer Nissim X ODEYA,Baleylot,,SONG_0212,Offer Nissim X ODEYA - Baleylot,high,
purim_2023,Offer Nissim Purim Concert,2023-03-11,"Expo Tel Aviv, Pavilion (Bitan) 2",Tel Aviv,Israel,20:32,1:31,53,,Offer Nissim X Arik Einstein,Ma Shehaya Haya,,SONG_0232,Offer Nissim X Arik Einstein - Ma Shehaya Haya,high,
purim_2023,Offer Nissim Purim Concert,2023-03-11,"Expo Tel Aviv, Pavilion (Bitan) 2",Tel Aviv,Israel,20:32,1:31,54,,Mono,Life In Mono,Offer Nissim Remix,SONG_0233,Mono - Life in Mono - Offer Nissim Remix,high,
purim_2023,Offer Nissim Purim Concert,2023-03-11,"Expo Tel Aviv, Pavilion (Bitan) 2",Tel Aviv,Israel,20:32,1:31,55,,Offer Nissim Feat. Ilan Peled and Nasrin Kadri,Liberté,,SONG_0225,Offer Nissim Feat. Ilan Peled and Nasrin Kadri - LIBERTÉ,high,
purim_2023,Offer Nissim Purim Concert,2023-03-11,"Expo Tel Aviv, Pavilion (Bitan) 2",Tel Aviv,Israel,20:32,1:31,56,,Offer Nissim,Completely Yourself,,SONG_0045,Offer Nissim - Completely Yourself,high,
pride_tel_aviv_2023,Offer Nissim Pride Tel Aviv - This Is Pride,2023-06-10,Park Hayarkon,Tel Aviv,Israel,18:44,23:00,1,,Offer Nissim,Don't Know What To Do,,SONG_0234,Offer Nissim - Don't Know What To Do,high,
pride_tel_aviv_2023,Offer Nissim Pride Tel Aviv - This Is Pride,2023-06-10,Park Hayarkon,Tel Aviv,Israel,18:44,23:00,2,,Amanda Lear,Follow Me,Offer Nissim Remix,SONG_0235,Amanda Lear - Follow Me - Offer Nissim Remix,high,
pride_tel_aviv_2023,Offer Nissim Pride Tel Aviv - This Is Pride,2023-06-10,Park Hayarkon,Tel Aviv,Israel,18:44,23:00,3,,Nina Hagen,New York New York,Offer Nissim Remix,SONG_0236,Nina Hagen - New York New York - Offer Nissim Remix,high,
pride_tel_aviv_2023,Offer Nissim Pride Tel Aviv - This Is Pride,2023-06-10,Park Hayarkon,Tel Aviv,Israel,18:44,23:00,4,,Offer Nissim Feat. Maya Simantov,First Time,Show Mix,SONG_0153,Offer Nissim Feat. Maya Simantov - First Time - Show Mix,high,
pride_tel_aviv_2023,Offer Nissim Pride Tel Aviv - This Is Pride,2023-06-10,Park Hayarkon,Tel Aviv,Israel,18:44,23:00,5,,Offer Nissim Feat. Maya Simantov,Happy People,Show Mix,SONG_0124,Offer Nissim Feat. Maya Simantov - Happy People - Show Mix,high,
pride_tel_aviv_2023,Offer Nissim Pride Tel Aviv - This Is Pride,2023-06-10,Park Hayarkon,Tel Aviv,Israel,18:44,23:00,6,,Offer Nissim Feat. Deborah Cox,Summer Of Love,,SONG_0144,Offer Nissim Feat. Deborah Cox - Summer Of Love,high,
pride_tel_aviv_2023,Offer Nissim Pride Tel Aviv - This Is Pride,2023-06-10,Park Hayarkon,Tel Aviv,Israel,18:44,23:00,7,,Offer Nissim,Studio 54,,SONG_0143,Offer Nissim - Studio 54,high,
pride_tel_aviv_2023,Offer Nissim Pride Tel Aviv - This Is Pride,2023-06-10,Park Hayarkon,Tel Aviv,Israel,18:44,23:00,8,,Offer Nissim,Celebration,,SONG_0222,Offer Nissim  - Celebration,high,
pride_tel_aviv_2023,Offer Nissim Pride Tel Aviv - This Is Pride,2023-06-10,Park Hayarkon,Tel Aviv,Israel,18:44,23:00,9,,Offer Nissim Feat. Riki Ben-Ari,Dance The Night,,SONG_0006,Offer Nissim Feat. Riki Ben Ari - Dance The Night,high,Artist normalized: 'Offer Nissim Feat. Riki Ben Ari' -> 'Offer Nissim Feat. Riki Ben-Ari'
pride_tel_aviv_2023,Offer Nissim Pride Tel Aviv - This Is Pride,2023-06-10,Park Hayarkon,Tel Aviv,Israel,18:44,23:00,10,,Offer Nissim,I Want Muscles,,SONG_0190,Offer Nissim - I Want Muscles,high,
pride_tel_aviv_2023,Offer Nissim Pride Tel Aviv - This Is Pride,2023-06-10,Park Hayarkon,Tel Aviv,Israel,18:44,23:00,11,,Offer Nissim,Atencion Alegria,,SONG_0182,Offer Nissim - Atencion Alegria,high,
pride_tel_aviv_2023,Offer Nissim Pride Tel Aviv - This Is Pride,2023-06-10,Park Hayarkon,Tel Aviv,Israel,18:44,23:00,12,,Offer Nissim Feat. Shirley Bassey,La Passione,,SONG_0058,Offer Nissim Feat. Shirley Bassey - La Passione,high,
pride_tel_aviv_2023,Offer Nissim Pride Tel Aviv - This Is Pride,2023-06-10,Park Hayarkon,Tel Aviv,Israel,18:44,23:00,13,,Offer Nissim,Osa Osa,,SONG_0078,Offer Nissim - Osa Osa,high,
pride_tel_aviv_2023,Offer Nissim Pride Tel Aviv - This Is Pride,2023-06-10,Park Hayarkon,Tel Aviv,Israel,18:44,23:00,14,,Offer Nissim Feat. Ilan Peled,Mesuchsechet,,SONG_0177,Offer Nissim Feat. Ilan Peled - Mesuchsechet,high,
pride_tel_aviv_2023,Offer Nissim Pride Tel Aviv - This Is Pride,2023-06-10,Park Hayarkon,Tel Aviv,Israel,18:44,23:00,15,,Offer Nissim Feat. Ilan Peled,Free To Change,,SONG_0237,Offer Nissim Feat. Ilan Peled - Free To Change,high,
pride_tel_aviv_2023,Offer Nissim Pride Tel Aviv - This Is Pride,2023-06-10,Park Hayarkon,Tel Aviv,Israel,18:44,23:00,16,,Offer Nissim,Up To The Top,,SONG_0113,Offer Nissim - Up To The Top,high,
pride_tel_aviv_2023,Offer Nissim Pride Tel Aviv - This Is Pride,2023-06-10,Park Hayarkon,Tel Aviv,Israel,18:44,23:00,17,,Offer Nissim,Get What I Want,,SONG_0188,Offer Nissim - Get What I Want,high,
pride_tel_aviv_2023,Offer Nissim Pride Tel Aviv - This Is Pride,2023-06-10,Park Hayarkon,Tel Aviv,Israel,18:44,23:00,18,,Offer Nissim,Lost In Music,,SONG_0120,Offer Nissim - Lost In Music,high,
pride_tel_aviv_2023,Offer Nissim Pride Tel Aviv - This Is Pride,2023-06-10,Park Hayarkon,Tel Aviv,Israel,18:44,23:00,19,,Cher,Gimme! Gimme! Gimme! (A Man After Midnight),Offer Nissim Needs A Man Remix,SONG_0031,Cher - Gimme! Gimme! Gimme! - Offer Nissim Needs A Man Remix,high,Title spelling normalized: 'Gimme! Gimme! Gimme!' -> 'Gimme! Gimme! Gimme! (A Man After Midnight)'
pride_tel_aviv_2023,Offer Nissim Pride Tel Aviv - This Is Pride,2023-06-10,Park Hayarkon,Tel Aviv,Israel,18:44,23:00,20,,Offer Nissim Feat. Robin S.,Show Me Love,,SONG_0149,Offer Nissim Feat. Robin S. - Show Me Love,high,
pride_tel_aviv_2023,Offer Nissim Pride Tel Aviv - This Is Pride,2023-06-10,Park Hayarkon,Tel Aviv,Israel,18:44,23:00,21,,Offer Nissim Presents The Bitches,Ain't No Mountain,,SONG_0064,Offer Nissim Presents: The Bitches - Ain't No Mountain,high,Artist normalized: 'Offer Nissim Presents: The Bitches' -> 'Offer Nissim Presents The Bitches'
pride_tel_aviv_2023,Offer Nissim Pride Tel Aviv - This Is Pride,2023-06-10,Park Hayarkon,Tel Aviv,Israel,18:44,23:00,22,,Offer Nissim Feat. Meital De Razon,Like This Like That,,SONG_0160,Offer Nissim Feat. Meital De Razon - Like This Like That,high,
pride_tel_aviv_2023,Offer Nissim Pride Tel Aviv - This Is Pride,2023-06-10,Park Hayarkon,Tel Aviv,Israel,18:44,23:00,23,,Offer Nissim X Harel Skaat,Ahava Nafshi,,SONG_0150,Offer Nissim X Harel Skaat - Ahava Nafshi,high,
pride_tel_aviv_2023,Offer Nissim Pride Tel Aviv - This Is Pride,2023-06-10,Park Hayarkon,Tel Aviv,Israel,18:44,23:00,24,,Offer Nissim,Bimbo,,SONG_0129,Offer Nissim - Bimbo,high,
pride_tel_aviv_2023,Offer Nissim Pride Tel Aviv - This Is Pride,2023-06-10,Park Hayarkon,Tel Aviv,Israel,18:44,23:00,25,,Offer Nissim Feat. Epiphony,Boxing Ring,,SONG_0238,Offer Nissim Feat. Epiphony - Boxing Ring,high,
pride_tel_aviv_2023,Offer Nissim Pride Tel Aviv - This Is Pride,2023-06-10,Park Hayarkon,Tel Aviv,Israel,18:44,23:00,26,,Offer Nissim,Crazy Things At Night,,SONG_0001,Offer Nissim - Crazy Things At Night,high,
pride_tel_aviv_2023,Offer Nissim Pride Tel Aviv - This Is Pride,2023-06-10,Park Hayarkon,Tel Aviv,Israel,18:44,23:00,27,,Offer Nissim Feat. Maya Simantov,Like There Is No Tomorrow,,SONG_0142,Offer Nissim Feat. Maya Simantov - Like There Is No Tomorrow,high,
pride_tel_aviv_2023,Offer Nissim Pride Tel Aviv - This Is Pride,2023-06-10,Park Hayarkon,Tel Aviv,Israel,18:44,23:00,28,,Offer Nissim,Bombay,,SONG_0146,Offer Nissim - Bombay,high,
pride_tel_aviv_2023,Offer Nissim Pride Tel Aviv - This Is Pride,2023-06-10,Park Hayarkon,Tel Aviv,Israel,18:44,23:00,29,,Offer Nissim Feat. Ania Bukstein,Rokedet,,SONG_0034,Offer Nissim Feat. Ania Bukstein - ROKEDET,high,
pride_tel_aviv_2023,Offer Nissim Pride Tel Aviv - This Is Pride,2023-06-10,Park Hayarkon,Tel Aviv,Israel,18:44,23:00,30,,Sarit Hadad,Ze She'shomer Alay,Offer Nissim Vs Yinon Yahel Club Mix,SONG_0011,Sarit Hadad - Ze She'shomer Alay - Offer Nissim Vs Yinon Yahel Club Mix,high,
pride_tel_aviv_2023,Offer Nissim Pride Tel Aviv - This Is Pride,2023-06-10,Park Hayarkon,Tel Aviv,Israel,18:44,23:00,31,,Offer Nissim X Dana International,Layla Tov Eropa,Show Mix,SONG_0091,Offer Nissim X Dana International - Good Night Europe - Show Mix,high,English title of Layla Tov Eropa; same song - confirmed by archive owner (probable).
pride_tel_aviv_2023,Offer Nissim Pride Tel Aviv - This Is Pride,2023-06-10,Park Hayarkon,Tel Aviv,Israel,18:44,23:00,32,,Offer Nissim Feat. Dana International,Power,Show Mix,SONG_0239,Offer Nissim Feat. Dana International - Power - Show Mix,high,
pride_tel_aviv_2023,Offer Nissim Pride Tel Aviv - This Is Pride,2023-06-10,Park Hayarkon,Tel Aviv,Israel,18:44,23:00,33,,Dana International,Ahlah Gever,Offer Nissim Show Mix,SONG_0240,Dana International - Ahlah Gever - Offer Nissim Show Mix,high,
pride_tel_aviv_2023,Offer Nissim Pride Tel Aviv - This Is Pride,2023-06-10,Park Hayarkon,Tel Aviv,Israel,18:44,23:00,34,,Offer Nissim Feat. Dana International,Ani Lo Yechola Biladecha,Rosh Hashana Version,SONG_0206,Offer Nissim Feat. Dana International - Ani Lo Yechola Biladecha (Rosh Hashana Version),high,
pride_tel_aviv_2023,Offer Nissim Pride Tel Aviv - This Is Pride,2023-06-10,Park Hayarkon,Tel Aviv,Israel,18:44,23:00,35,,Offer Nissim X Dana International,Down On Me,,SONG_0241,Offer Nissim X Dana International - Down On Me,high,
pride_tel_aviv_2023,Offer Nissim Pride Tel Aviv - This Is Pride,2023-06-10,Park Hayarkon,Tel Aviv,Israel,18:44,23:00,36,,Ran Danker,Malkat Harahava,Offer Nissim Show Mix,SONG_0201,Ran Danker - Malkat Harahava - Offer Nissim Show Mix,high,
pride_tel_aviv_2023,Offer Nissim Pride Tel Aviv - This Is Pride,2023-06-10,Park Hayarkon,Tel Aviv,Israel,18:44,23:00,37,,Elad Navon,Flow,,SONG_0242,Elad Navon - Flow,high,
pride_tel_aviv_2023,Offer Nissim Pride Tel Aviv - This Is Pride,2023-06-10,Park Hayarkon,Tel Aviv,Israel,18:44,23:00,38,,Amuka vs Shakedown,Appreciate Me At Night,Offer Nissim Mash Up,SONG_0243,Amuka vs Shakedown - Appreciate Me At Night - Offer Nissim Mash Up,high,
pride_tel_aviv_2023,Offer Nissim Pride Tel Aviv - This Is Pride,2023-06-10,Park Hayarkon,Tel Aviv,Israel,18:44,23:00,39,,Offer Nissim,Infected Love,,SONG_0173,Offer Nissim - Infected Love,high,
pride_tel_aviv_2023,Offer Nissim Pride Tel Aviv - This Is Pride,2023-06-10,Park Hayarkon,Tel Aviv,Israel,18:44,23:00,40,,Yello,Vicious Games,Eliran Halevy Remix,SONG_0244,Eliran Halevy - Vicious Games,high,Printed as an Eliran Halevy original; it is Eliran Halevy's remix of Yello's Vicious Games (same track as the NYC Pride 2023 line) - confirmed by archive owner 06.09.2026.
pride_tel_aviv_2023,Offer Nissim Pride Tel Aviv - This Is Pride,2023-06-10,Park Hayarkon,Tel Aviv,Israel,18:44,23:00,41,,Eliran Halevy,In My Heart,,SONG_0176,Eliran Halevy - In My Heart,high,
pride_tel_aviv_2023,Offer Nissim Pride Tel Aviv - This Is Pride,2023-06-10,Park Hayarkon,Tel Aviv,Israel,18:44,23:00,42,,David Bowie,Wild Is The Wind,Eliran Halevy Remix,SONG_0245,David Bowie - Wild Is The Wind - Eliran Halevy Remix,high,
pride_tel_aviv_2023,Offer Nissim Pride Tel Aviv - This Is Pride,2023-06-10,Park Hayarkon,Tel Aviv,Israel,18:44,23:00,43,,Madonna,I Don't Search I Find,Offer Nissim Remix,SONG_0122,Madonna - I Don't Search I Find - Offer Nissim Remix,high,
pride_tel_aviv_2023,Offer Nissim Pride Tel Aviv - This Is Pride,2023-06-10,Park Hayarkon,Tel Aviv,Israel,18:44,23:00,44,,Offer Nissim Feat. Maya Simantov,Let Me Live,,SONG_0040,Offer Nissim Feat. Maya Simantov - Let Me Live,high,
pride_tel_aviv_2023,Offer Nissim Pride Tel Aviv - This Is Pride,2023-06-10,Park Hayarkon,Tel Aviv,Israel,18:44,23:00,45,,Michelle Obama All-Star Girl Power Anthem,This Is For My Girls,Offer Nissim Remix,SONG_0069,Michelle Obama All-Star Girl Power Anthem - This Is For My Girls - Offer Nissim Remix,high,
pride_tel_aviv_2023,Offer Nissim Pride Tel Aviv - This Is Pride,2023-06-10,Park Hayarkon,Tel Aviv,Israel,18:44,23:00,46,,Yehuda Poliker X Offer Nissim,Aphrodite,Show Mix,SONG_0246,Yehuda Poliker X Offer Nissim - Aphrodite - Show Mix,high,
pride_tel_aviv_2023,Offer Nissim Pride Tel Aviv - This Is Pride,2023-06-10,Park Hayarkon,Tel Aviv,Israel,18:44,23:00,47,,Rita & ELK,Boom Boom Boom,Offer Nissim Remix,SONG_0181,Rita & ELK (Duende) - Boom Boom Boom - Offer Nissim Remix,high,
pride_tel_aviv_2023,Offer Nissim Pride Tel Aviv - This Is Pride,2023-06-10,Park Hayarkon,Tel Aviv,Israel,18:44,23:00,48,,Offer Nissim Feat. Masaki Durian & Ilan Peled,Mayim,,SONG_0159,Offer Nissim Feat. Masaki Durian & Ilan Peled - Mayim,high,
pride_tel_aviv_2023,Offer Nissim Pride Tel Aviv - This Is Pride,2023-06-10,Park Hayarkon,Tel Aviv,Israel,18:44,23:00,49,,The KLF,What Time Is Love,Offer Nissim Remix,SONG_0199,The KLF - What Time Is Love - Offer Nissim Remix,high,
pride_tel_aviv_2023,Offer Nissim Pride Tel Aviv - This Is Pride,2023-06-10,Park Hayarkon,Tel Aviv,Israel,18:44,23:00,50,,Offer Nissim,Move Your Body,,SONG_0174,Offer Nissim - Move Your Body,high,
pride_tel_aviv_2023,Offer Nissim Pride Tel Aviv - This Is Pride,2023-06-10,Park Hayarkon,Tel Aviv,Israel,18:44,23:00,51,,Offer Nissim Feat. Maya Simantov,Tel Aviv,,SONG_0042,Offer Nissim Feat. Maya Simantov - Tel Aviv,high,
pride_tel_aviv_2023,Offer Nissim Pride Tel Aviv - This Is Pride,2023-06-10,Park Hayarkon,Tel Aviv,Israel,18:44,23:00,52,,Offer Nissim,Completely Yourself,,SONG_0045,Offer Nissim - Completely Yourself,high,
nyc_pride_2023,NYC Pride XXL - Main Event (Nissim & Cox),2023-06-24,"Terminal 5, 610 West 56th Street",New York,USA,2:38,6:00,0,,Deborah Cox,Everybody Dance / Easy As Life / Summer Of Love (opening-act medley),Offer Nissim Show Mix,SONG_0247,"Deborah Cox Opening act  - Everybody Dance, Easy As, Summer Of Love - Offer Nissim Show Mix",high,"OPENING ACT (02:30), not part of Offer Nissim's set proper; included per archive owner's instruction. Medley of three Deborah Cox songs; given its own canonical id. Component songs: Everybody Dance, Easy As Life, Summer Of Love.; OPENING ACT (Deborah Cox, 02:30), not part of Offer Nissim's own set"
nyc_pride_2023,NYC Pride XXL - Main Event (Nissim & Cox),2023-06-24,"Terminal 5, 610 West 56th Street",New York,USA,2:38,6:00,1,,Offer Nissim,Don't Know What To Do,,SONG_0234,Offer Nissim - Don't Know What To Do,high,
nyc_pride_2023,NYC Pride XXL - Main Event (Nissim & Cox),2023-06-24,"Terminal 5, 610 West 56th Street",New York,USA,2:38,6:00,2,,Offer Nissim Feat. The Israeli Opera,Hymns To God,,SONG_0060,Offer Nissim Feat. The Israeli Opera - Hymns To God,high,
nyc_pride_2023,NYC Pride XXL - Main Event (Nissim & Cox),2023-06-24,"Terminal 5, 610 West 56th Street",New York,USA,2:38,6:00,3,,Madonna,Celebration,Offer Nissim dub Remix,SONG_0222,Madonna - Celebration - Offer Nissim dub Remix,high,
nyc_pride_2023,NYC Pride XXL - Main Event (Nissim & Cox),2023-06-24,"Terminal 5, 610 West 56th Street",New York,USA,2:38,6:00,4,,Offer Nissim Feat. Maya Simantov,Zero Fucks,,SONG_0161,Offer Nissim Feat. Maya Simantov - Zero Fucks,high,
nyc_pride_2023,NYC Pride XXL - Main Event (Nissim & Cox),2023-06-24,"Terminal 5, 610 West 56th Street",New York,USA,2:38,6:00,5,,Amelia Lily,You Bring Me Joy,Offer Nissim Remix,SONG_0020,Amelia Lily - You Bring Me Joy - Offer Nissim Remix,high,
nyc_pride_2023,NYC Pride XXL - Main Event (Nissim & Cox),2023-06-24,"Terminal 5, 610 West 56th Street",New York,USA,2:38,6:00,6,,Offer Nissim,Studio 54,,SONG_0143,Offer Nissim - Studio 54,high,
nyc_pride_2023,NYC Pride XXL - Main Event (Nissim & Cox),2023-06-24,"Terminal 5, 610 West 56th Street",New York,USA,2:38,6:00,7,,Offer Nissim,Get What I Want,,SONG_0188,Offer Nissim - Get What I Want,high,
nyc_pride_2023,NYC Pride XXL - Main Event (Nissim & Cox),2023-06-24,"Terminal 5, 610 West 56th Street",New York,USA,2:38,6:00,8,,Vali,Ain't No Friend Of Mine,Offer Nissim Remix,SONG_0029,Vali - Ain't No Friend of Mine - Offer Nissim Remix,high,
nyc_pride_2023,NYC Pride XXL - Main Event (Nissim & Cox),2023-06-24,"Terminal 5, 610 West 56th Street",New York,USA,2:38,6:00,9,,Offer Nissim Presents The Bitches,Ain't No Mountain,,SONG_0064,Offer Nissim Present: The Bitches - Ain't No Mountain,high,Artist normalized: 'Offer Nissim Present: The Bitches' -> 'Offer Nissim Presents The Bitches'
nyc_pride_2023,NYC Pride XXL - Main Event (Nissim & Cox),2023-06-24,"Terminal 5, 610 West 56th Street",New York,USA,2:38,6:00,10,,Offer Nissim,I Want Muscles,,SONG_0190,Offer Nissim - I Want Muscles,high,
nyc_pride_2023,NYC Pride XXL - Main Event (Nissim & Cox),2023-06-24,"Terminal 5, 610 West 56th Street",New York,USA,2:38,6:00,11,,Michelle Obama All-Star Girl Power Anthem,This Is For My Girls,Offer Nissim Remix,SONG_0069,Michelle Obama Power Anthem - This Is For My Girls - Offer Nissim Remix,high,Artist normalized: 'Michelle Obama Power Anthem' -> 'Michelle Obama All-Star Girl Power Anthem'
nyc_pride_2023,NYC Pride XXL - Main Event (Nissim & Cox),2023-06-24,"Terminal 5, 610 West 56th Street",New York,USA,2:38,6:00,12,,Offer Nissim Feat. Maya Simantov,Let Me Live,,SONG_0040,Offer Nissim Feat. Maya Simantov - Let Me Live,high,
nyc_pride_2023,NYC Pride XXL - Main Event (Nissim & Cox),2023-06-24,"Terminal 5, 610 West 56th Street",New York,USA,2:38,6:00,13,,Mr. Black & Offer Nissim,Mucho Bien,Reconstruction Mix,SONG_0145,MR.BLACK & Offer Nissim - Mucho Bien - Reconstruction Mix,high,Artist normalized: 'MR.BLACK & Offer Nissim' -> 'Mr. Black & Offer Nissim'
nyc_pride_2023,NYC Pride XXL - Main Event (Nissim & Cox),2023-06-24,"Terminal 5, 610 West 56th Street",New York,USA,2:38,6:00,14,,Offer Nissim,Cha Cha Cha,Peter Rauhofer NYC Edit,SONG_0023,Offer Nissim - Cha Cha Cha - Peter Rauhofer's NYC Edit,high,Same track as 'Another Cha Cha' - confirmed by archive owner. | Corrected 03.10.2026: official title per Offer Nissim's release (Spotify / Beatport / Star 69 Records: 'Cha Cha Cha (Peter Rauhofer NYC Edit)')
nyc_pride_2023,NYC Pride XXL - Main Event (Nissim & Cox),2023-06-24,"Terminal 5, 610 West 56th Street",New York,USA,2:38,6:00,15,,Nina Hagen,New York New York,Offer Nissim Remix,SONG_0236,Nina Hagen - New York New York - Offer Nissim Remix,high,
nyc_pride_2023,NYC Pride XXL - Main Event (Nissim & Cox),2023-06-24,"Terminal 5, 610 West 56th Street",New York,USA,2:38,6:00,16,,Offer Nissim Feat. Maya Simantov,First Time,Show Mix,SONG_0153,Offer Nissim Feat. Maya Simantov - First Time - Show Mix,high,
nyc_pride_2023,NYC Pride XXL - Main Event (Nissim & Cox),2023-06-24,"Terminal 5, 610 West 56th Street",New York,USA,2:38,6:00,17,,Offer Nissim Feat. Maya Simantov,I'm In Love,,SONG_0033,Offer Nissim Feat. Maya Simantov - I'm In Love,high,
nyc_pride_2023,NYC Pride XXL - Main Event (Nissim & Cox),2023-06-24,"Terminal 5, 610 West 56th Street",New York,USA,2:38,6:00,18,,Suzanne Palmer,Free My Love,Offer Nissim Remix,SONG_0123,Suzanne Palmer - Free My Love - Offer Nissim Remix,high,
nyc_pride_2023,NYC Pride XXL - Main Event (Nissim & Cox),2023-06-24,"Terminal 5, 610 West 56th Street",New York,USA,2:38,6:00,19,,Offer Nissim Feat. Riki Ben-Ari,Light My Fire,,SONG_0119,Offer Nissim Feat. Riki Ben-Ari - Light My Fire,high,
nyc_pride_2023,NYC Pride XXL - Main Event (Nissim & Cox),2023-06-24,"Terminal 5, 610 West 56th Street",New York,USA,2:38,6:00,20,,Aretha Franklin,Rolling In The Deep,Offer Nissim Remix,SONG_0087,Aretha Franklin - Rolling In The Deep - Offer Nissim Remix,high,
nyc_pride_2023,NYC Pride XXL - Main Event (Nissim & Cox),2023-06-24,"Terminal 5, 610 West 56th Street",New York,USA,2:38,6:00,21,,Scissor Sisters,Fire With Fire,Peter Rauhofer Reconstruction Mix,SONG_0248,Scissor Sisters - Fire With Fire - Peter Rauhofer Reconstruction Mix,high,
nyc_pride_2023,NYC Pride XXL - Main Event (Nissim & Cox),2023-06-24,"Terminal 5, 610 West 56th Street",New York,USA,2:38,6:00,22,,Offer Nissim Feat. Dana International,Power,,SONG_0239,Offer Nissim Feat. Dana International - Power,high,
nyc_pride_2023,NYC Pride XXL - Main Event (Nissim & Cox),2023-06-24,"Terminal 5, 610 West 56th Street",New York,USA,2:38,6:00,23,,Offer Nissim Feat. Meital De Razon,Like This Like That,,SONG_0160,Offer Nissim Feat. Meital De Razon - Like This Like That,high,
nyc_pride_2023,NYC Pride XXL - Main Event (Nissim & Cox),2023-06-24,"Terminal 5, 610 West 56th Street",New York,USA,2:38,6:00,24,,Offer Nissim,Lost In Music,,SONG_0120,Offer Nissim - Lost In Music,high,
nyc_pride_2023,NYC Pride XXL - Main Event (Nissim & Cox),2023-06-24,"Terminal 5, 610 West 56th Street",New York,USA,2:38,6:00,25,,Cher,Gimme! Gimme! Gimme! (A Man After Midnight),Offer Nissim Needs A Man Remix,SONG_0031,Cher - Gimme! Gimme! Gimme! - Offer Nissim Needs A Man Remix,high,Title spelling normalized: 'Gimme! Gimme! Gimme!' -> 'Gimme! Gimme! Gimme! (A Man After Midnight)'
nyc_pride_2023,NYC Pride XXL - Main Event (Nissim & Cox),2023-06-24,"Terminal 5, 610 West 56th Street",New York,USA,2:38,6:00,26,,Offer Nissim Feat. Maya Simantov,Everybody Needs A Man,,SONG_0032,Offer Nissim Feat. Maya Simantov - Everybody Needs A Man,high,
nyc_pride_2023,NYC Pride XXL - Main Event (Nissim & Cox),2023-06-24,"Terminal 5, 610 West 56th Street",New York,USA,2:38,6:00,27,,Offer Nissim Feat. Maya Simantov,Like There Is No Tomorrow,,SONG_0142,Offer Nissim Feat. Maya Simantov - Like There Is No Tomorrow,high,
nyc_pride_2023,NYC Pride XXL - Main Event (Nissim & Cox),2023-06-24,"Terminal 5, 610 West 56th Street",New York,USA,2:38,6:00,28,,Offer Nissim,Infected Love,,SONG_0173,Offer Nissim - Infected Love,high,
nyc_pride_2023,NYC Pride XXL - Main Event (Nissim & Cox),2023-06-24,"Terminal 5, 610 West 56th Street",New York,USA,2:38,6:00,29,,Yello,Vicious Games,Eliran Halevy Remix,SONG_0244,Yello - Vicious Games - Eliran Halevy Remix(?),high,Source has '(?)' after the remix credit; archive owner confirmed on 06.09.2026 that it is the Eliran Halevy Remix.
nyc_pride_2023,NYC Pride XXL - Main Event (Nissim & Cox),2023-06-24,"Terminal 5, 610 West 56th Street",New York,USA,2:38,6:00,30,,David Bowie,Wild Is The Wind,Eliran Halevy Remix,SONG_0245,David Bowie - Wild Is The Wind - Eliran Halevy Remix,high,
nyc_pride_2023,NYC Pride XXL - Main Event (Nissim & Cox),2023-06-24,"Terminal 5, 610 West 56th Street",New York,USA,2:38,6:00,31,,Madonna,I Don't Search I Find,Offer Nissim Remix,SONG_0122,Madonna - I Don't Search I Find - Offer Nissim Remix,high,
nyc_pride_2023,NYC Pride XXL - Main Event (Nissim & Cox),2023-06-24,"Terminal 5, 610 West 56th Street",New York,USA,2:38,6:00,32,,MNEK,"At Night, I Think About You",Offer Nissim Remix,SONG_0151,"MNEK - At Night , I Think About You - Offer Nissim Remix",high,
nyc_pride_2023,NYC Pride XXL - Main Event (Nissim & Cox),2023-06-24,"Terminal 5, 610 West 56th Street",New York,USA,2:38,6:00,33,,Suzanne Palmer,Fascinated,Offer Nissim Remix,SONG_0047,Suzanne Palmer - Fascinated - Offer Nissim Remix,high,
nyc_pride_2023,NYC Pride XXL - Main Event (Nissim & Cox),2023-06-24,"Terminal 5, 610 West 56th Street",New York,USA,2:38,6:00,34,,Offer Nissim Feat. Maya Simantov,Searching,,SONG_0107,Offer Nissim Feat. Maya Simantov - Searching,high,
nyc_pride_2023,NYC Pride XXL - Main Event (Nissim & Cox),2023-06-24,"Terminal 5, 610 West 56th Street",New York,USA,2:38,6:00,35,,The KLF,What Time Is Love,Offer Nissim Remix,SONG_0199,The KLF - What Time Is Love - Offer Nissim Remix,high,
nyc_pride_2023,NYC Pride XXL - Main Event (Nissim & Cox),2023-06-24,"Terminal 5, 610 West 56th Street",New York,USA,2:38,6:00,36,,Offer Nissim Feat. Omri Mizrahi,Don't Stop The Dance,,SONG_0110,Offer Nissim Feat. Omri Mizrahi - Don't Stop The Dance,high,
nyc_pride_2023,NYC Pride XXL - Main Event (Nissim & Cox),2023-06-24,"Terminal 5, 610 West 56th Street",New York,USA,2:38,6:00,37,,Offer Nissim,Completely Yourself,,SONG_0045,Offer Nissim - Completely Yourself,high,
sukkot_2023,Offer Nissim Sukkot Concert,2023-09-30,Park Hayarkon,Tel Aviv,Israel,18:31,22:54,1,,Offer Nissim Feat. Ilan Peled,One Minute Before We All Die,Intro Mix,SONG_0249,Offer Nissim Feat. Ilan Peled - One Minute Before We All Die - Intro Mix,high,
sukkot_2023,Offer Nissim Sukkot Concert,2023-09-30,Park Hayarkon,Tel Aviv,Israel,18:31,22:54,2,,Offer Nissim,Keep On Dancing,,SONG_0250,Offer Nissim - Keep On Dancing,high,
sukkot_2023,Offer Nissim Sukkot Concert,2023-09-30,Park Hayarkon,Tel Aviv,Israel,18:31,22:54,3,,Offer Nissim,Feel Free,,SONG_0251,Offer Nissim - Feel Free,high,
sukkot_2023,Offer Nissim Sukkot Concert,2023-09-30,Park Hayarkon,Tel Aviv,Israel,18:31,22:54,4,,Black Box,Everybody Everybody,Offer Nissim Remix,SONG_0062,Black Box - Everybody Everybody - Offer Nissim Remix,high,
sukkot_2023,Offer Nissim Sukkot Concert,2023-09-30,Park Hayarkon,Tel Aviv,Israel,18:31,22:54,5,,Offer Nissim Feat. Robin S.,Show Me Love,,SONG_0149,Offer Nissim Feat. Robin S. - Show Me Love,high,
sukkot_2023,Offer Nissim Sukkot Concert,2023-09-30,Park Hayarkon,Tel Aviv,Israel,18:31,22:54,6,,Offer Nissim,Move Your Body,,SONG_0174,Offer Nissim - Move Your Body,high,
sukkot_2023,Offer Nissim Sukkot Concert,2023-09-30,Park Hayarkon,Tel Aviv,Israel,18:31,22:54,7,,Offer Nissim,Welcome,,SONG_0221,Offer Nissim - Welcome,high,
sukkot_2023,Offer Nissim Sukkot Concert,2023-09-30,Park Hayarkon,Tel Aviv,Israel,18:31,22:54,8,,Madonna,God Control,Offer Nissim Rosh Hashana Remix,SONG_0093,Madonna - God Control - Offer Nissim Rosh Hashana Remix,high,
sukkot_2023,Offer Nissim Sukkot Concert,2023-09-30,Park Hayarkon,Tel Aviv,Israel,18:31,22:54,9,,Offer Nissim Feat. Maya Simantov,Lie,,SONG_0097,Offer Nissim Feat. Maya Simantov - LIE,high,
sukkot_2023,Offer Nissim Sukkot Concert,2023-09-30,Park Hayarkon,Tel Aviv,Israel,18:31,22:54,10,,Extasia & Zach Adam Feat. Rony G,Light Beams,Offer Nissim Remix,SONG_0007,Extasia & Zach Adam feat Rony G - Light Beams - Offer Nissim Remix,high,Artist normalized: 'Extasia & Zach Adam feat Rony G' -> 'Extasia & Zach Adam Feat. Rony G'
sukkot_2023,Offer Nissim Sukkot Concert,2023-09-30,Park Hayarkon,Tel Aviv,Israel,18:31,22:54,11,,Offer Nissim,Bombay,,SONG_0146,Offer Nissim - Bombay,high,
sukkot_2023,Offer Nissim Sukkot Concert,2023-09-30,Park Hayarkon,Tel Aviv,Israel,18:31,22:54,12,,Brothers In Rhythm,Such A Good Feeling,Offer Nissim Remix,SONG_0050,Brothers In Rhythm - Such a Good Feeling -  Offer Nissim Remix,high,
sukkot_2023,Offer Nissim Sukkot Concert,2023-09-30,Park Hayarkon,Tel Aviv,Israel,18:31,22:54,13,,Offer Nissim Feat. The Israeli Opera,Hymns To God,,SONG_0060,Offer Nissim Feat. The Israeli Opera - Hymns To God,high,
sukkot_2023,Offer Nissim Sukkot Concert,2023-09-30,Park Hayarkon,Tel Aviv,Israel,18:31,22:54,14,,Aretha Franklin,Rolling In The Deep,Offer Nissim Remix,SONG_0087,Aretha Franklin - Rolling In The Deep - Offer Nissim Remix,high,
sukkot_2023,Offer Nissim Sukkot Concert,2023-09-30,Park Hayarkon,Tel Aviv,Israel,18:31,22:54,15,,Offer Nissim Feat. Riki Ben-Ari,I Can't Sleep At Night,,SONG_0148,Offer Nissim Feat. Riki Ben Ari - I Can't Sleep At Night,high,Artist normalized: 'Offer Nissim Feat. Riki Ben Ari' -> 'Offer Nissim Feat. Riki Ben-Ari'
sukkot_2023,Offer Nissim Sukkot Concert,2023-09-30,Park Hayarkon,Tel Aviv,Israel,18:31,22:54,16,,Offer Nissim Feat. Maya Simantov,Tel Aviv,,SONG_0042,Offer Nissim Feat. Maya Simantov - Tel Aviv,high,
sukkot_2023,Offer Nissim Sukkot Concert,2023-09-30,Park Hayarkon,Tel Aviv,Israel,18:31,22:54,17,,MNEK,"At Night, I Think About You",Offer Nissim Remix,SONG_0151,"MNEK - At Night , I Think About You - Offer Nissim Remix",high,
sukkot_2023,Offer Nissim Sukkot Concert,2023-09-30,Park Hayarkon,Tel Aviv,Israel,18:31,22:54,18,,Kristine W.,Be Alright,Offer Nissim Remix,SONG_0132,Kristine W. - Be Alright - Offer Nissim Remix,high,
sukkot_2023,Offer Nissim Sukkot Concert,2023-09-30,Park Hayarkon,Tel Aviv,Israel,18:31,22:54,19,,Donna Summer & Barbra Streisand,Enough Is Enough,2017 - Offer Nissim Remix,SONG_0084,Donna Summer & Barbra Streisand - Enough is Enough 2017 - Offer Nissim Remix,high,2017' belongs to the remix label.
sukkot_2023,Offer Nissim Sukkot Concert,2023-09-30,Park Hayarkon,Tel Aviv,Israel,18:31,22:54,20,,Cher,Gimme! Gimme! Gimme! (A Man After Midnight),Offer Nissim Needs A Man Remix,SONG_0031,Cher - Gimme! Gimme! Gimme! - Offer Nissim Needs A Man Remix,high,Title spelling normalized: 'Gimme! Gimme! Gimme!' -> 'Gimme! Gimme! Gimme! (A Man After Midnight)'
sukkot_2023,Offer Nissim Sukkot Concert,2023-09-30,Park Hayarkon,Tel Aviv,Israel,18:31,22:54,21,,Nina Hagen,New York New York,Offer Nissim Remix,SONG_0236,Nina Hagen - New York New York - Offer Nissim Remix,high,
sukkot_2023,Offer Nissim Sukkot Concert,2023-09-30,Park Hayarkon,Tel Aviv,Israel,18:31,22:54,22,,Offer Nissim Feat. Maya Simantov,Everybody Needs A Man,,SONG_0032,Offer Nissim Feat. Maya Simantov - Everybody Needs A Man,high,
sukkot_2023,Offer Nissim Sukkot Concert,2023-09-30,Park Hayarkon,Tel Aviv,Israel,18:31,22:54,23,,Offer Nissim Feat. Maya Simantov,Zero Fucks,,SONG_0161,Offer Nissim Feat. Maya Simantov - Zero Fucks,high,
sukkot_2023,Offer Nissim Sukkot Concert,2023-09-30,Park Hayarkon,Tel Aviv,Israel,18:31,22:54,24,,Offer Nissim,Get What I Want,,SONG_0188,Offer Nissim - Get What I Want,high,
sukkot_2023,Offer Nissim Sukkot Concert,2023-09-30,Park Hayarkon,Tel Aviv,Israel,18:31,22:54,25,,Rihanna,Disturbia,Offer Nissim Remix,SONG_0252,Rihanna - Disturbia - Offer Nissim Remix,high,
sukkot_2023,Offer Nissim Sukkot Concert,2023-09-30,Park Hayarkon,Tel Aviv,Israel,18:31,22:54,26,,Alain Chamfort,Manureva 07,Offer Nissim Remix - OMG!,SONG_0253,Alain Chamfort - Manureva 07 - Offer Nissim Remix - OMG!,high,"OMG!' is a comment in the source, kept in version field."
sukkot_2023,Offer Nissim Sukkot Concert,2023-09-30,Park Hayarkon,Tel Aviv,Israel,18:31,22:54,27,,Rita,Beegharar,Offer Nissim Remix,SONG_0026,Rita - Beegharar - Offer Nissim Remix,high,Corrected 26.09.2026: Title spelling per Offer Nissim's official release (Spotify: 'Beegharar - Offer Nissim Club Remix')
sukkot_2023,Offer Nissim Sukkot Concert,2023-09-30,Park Hayarkon,Tel Aviv,Israel,18:31,22:54,28,,Offer Nissim X ODEYA,Baleylot,,SONG_0212,Offer Nissim X ODEYA - Baleylot,high,
sukkot_2023,Offer Nissim Sukkot Concert,2023-09-30,Park Hayarkon,Tel Aviv,Israel,18:31,22:54,29,,Offer Nissim,Celebration,,SONG_0222,Offer Nissim  - Celebration,high,
sukkot_2023,Offer Nissim Sukkot Concert,2023-09-30,Park Hayarkon,Tel Aviv,Israel,18:31,22:54,30,,Offer Nissim X Netta,Turn Up The Heat,Live Performance,SONG_0254,Offer Nissim X Netta - Turn Up The Heat - Live Performance,high,
sukkot_2023,Offer Nissim Sukkot Concert,2023-09-30,Park Hayarkon,Tel Aviv,Israel,18:31,22:54,31,,Offer Nissim Feat. Meital De Razon,Like This Like That,,SONG_0160,Offer Nissim Feat. Meital De Razon - Like This Like That,high,
sukkot_2023,Offer Nissim Sukkot Concert,2023-09-30,Park Hayarkon,Tel Aviv,Israel,18:31,22:54,32,,Offer Nissim Feat. Meital De Razon,My Pride,,SONG_0063,Offer Nissim Feat. Meital De Razon - My Pride,high,
sukkot_2023,Offer Nissim Sukkot Concert,2023-09-30,Park Hayarkon,Tel Aviv,Israel,18:31,22:54,33,,Offer Nissim X Tair Haim,Laila,,SONG_0166,Offer Nissim X Tair Haim - Laila,high,
sukkot_2023,Offer Nissim Sukkot Concert,2023-09-30,Park Hayarkon,Tel Aviv,Israel,18:31,22:54,34,,Offer Nissim Feat. Betty,Kol Doudi,,SONG_0157,Offer Nissim Feat. Betty - Kol Doudi,high,
sukkot_2023,Offer Nissim Sukkot Concert,2023-09-30,Park Hayarkon,Tel Aviv,Israel,18:31,22:54,35,,Deborah Cox,Everybody Dance,Offer Nissim Show Mix,SONG_0180,Deborah Cox - Everbody Dance - Offer Nissim Show Mix,high,Title spelling normalized: 'Everbody Dance' -> 'Everybody Dance'
sukkot_2023,Offer Nissim Sukkot Concert,2023-09-30,Park Hayarkon,Tel Aviv,Israel,18:31,22:54,36,,Deborah Cox,Easy As Life,Offer Nissim Show Mix,SONG_0083,Deborah Cox - Easy As Life - Offer Nissim Show Mix,high,
sukkot_2023,Offer Nissim Sukkot Concert,2023-09-30,Park Hayarkon,Tel Aviv,Israel,18:31,22:54,37,,Offer Nissim Feat. Maya Simantov,Like There Is No Tomorrow,,SONG_0142,Offer Nissim Feat. Maya Simantov - Like There Is No Tomorrow,high,
sukkot_2023,Offer Nissim Sukkot Concert,2023-09-30,Park Hayarkon,Tel Aviv,Israel,18:31,22:54,38,,Beyoncé,Run The World (Girls),Itay Kalderon & Adi Perez Remix,SONG_0102,Beyonce – Run Da World - Itay Kalderon & Adi Perez Remix,high,Title spelling normalized: 'Run Da World' -> 'Run The World'; Corrected 26.09.2026: Official spelling: 'Beyonce - Run The World' -> 'Beyoncé - Run The World (Girls)'
sukkot_2023,Offer Nissim Sukkot Concert,2023-09-30,Park Hayarkon,Tel Aviv,Israel,18:31,22:54,39,,Britney Spears,Till The World Ends,Offer Nissim & Itay Kalderon Remix,SONG_0101,Britney Spears - Till The World Ends - Offer Nissim & Itay Kalderon Remix,high,
sukkot_2023,Offer Nissim Sukkot Concert,2023-09-30,Park Hayarkon,Tel Aviv,Israel,18:31,22:54,40,,Offer Nissim Feat. Dana International,Power,,SONG_0239,Offer Nissim Feat. Dana International - Power,high,
sukkot_2023,Offer Nissim Sukkot Concert,2023-09-30,Park Hayarkon,Tel Aviv,Israel,18:31,22:54,41,,Shoshana Damari,Adaa'in Kan,Offer Nissim Remix,SONG_0255,Shoshana Damari - Adaa'in Kan - Offer Nissim Remix,high,
sukkot_2023,Offer Nissim Sukkot Concert,2023-09-30,Park Hayarkon,Tel Aviv,Israel,18:31,22:54,42,,Offer Nissim & Firqat Alnoor X Benaia Barabi,Adon Haselichot,Live Performance,SONG_0256,Offer Nissim & Firqat Alnoor X Benaia Barabi - Adon Haselichot - Live Performance,high,
sukkot_2023,Offer Nissim Sukkot Concert,2023-09-30,Park Hayarkon,Tel Aviv,Israel,18:31,22:54,43,,Offer Nissim & Firqat Alnoor X Eden Ben Zaken,Nisbata Aemonim,Live Performance,SONG_0257,Offer Nissim & Firqat Alnoor X Eden Ben Zaken - Nisbata Aemonim - Live Performance,high,
sukkot_2023,Offer Nissim Sukkot Concert,2023-09-30,Park Hayarkon,Tel Aviv,Israel,18:31,22:54,44,,Offer Nissim Feat. Eyal Golan,Lo Mevina Ivrit,,SONG_0027,Offer Nissim Feat. Eyal Golan - Lo Mevina Ivrit,high,
sukkot_2023,Offer Nissim Sukkot Concert,2023-09-30,Park Hayarkon,Tel Aviv,Israel,18:31,22:54,45,,Offer Nissim Feat. Maya Simantov,All The Love,,SONG_0258,Offer Nissim Feat. Maya Simantov - All The Love,high,
sukkot_2023,Offer Nissim Sukkot Concert,2023-09-30,Park Hayarkon,Tel Aviv,Israel,18:31,22:54,46,,Offer Nissim Feat. Maya Simantov,I'm In Love,,SONG_0033,Offer Nissim Feat. Maya Simantov - I'm In Love,high,
sukkot_2023,Offer Nissim Sukkot Concert,2023-09-30,Park Hayarkon,Tel Aviv,Israel,18:31,22:54,47,,Offer Nissim Feat. Maya Simantov,Alone,,SONG_0172,Offer Nissim Feat. Maya Simantov - Alone,high,
sukkot_2023,Offer Nissim Sukkot Concert,2023-09-30,Park Hayarkon,Tel Aviv,Israel,18:31,22:54,48,,The KLF,What Time Is Love,Offer Nissim Remix,SONG_0199,The KLF - What Time Is Love - Offer Nissim Remix,high,
sukkot_2023,Offer Nissim Sukkot Concert,2023-09-30,Park Hayarkon,Tel Aviv,Israel,18:31,22:54,49,,Eliran Halevy,Open The Door,,SONG_0259,Eliran Halevy - Open The Door,high,
sukkot_2023,Offer Nissim Sukkot Concert,2023-09-30,Park Hayarkon,Tel Aviv,Israel,18:31,22:54,50,,Offer Nissim Feat. Maya Simantov,Heart Attack,Live Performance,SONG_0260,Offer Nissim Feat. Maya Simantov - Heart Attack - Live Performance,high,
sukkot_2023,Offer Nissim Sukkot Concert,2023-09-30,Park Hayarkon,Tel Aviv,Israel,18:31,22:54,51,,Offer Nissim,Completely Yourself,,SONG_0045,Offer Nissim - Completely Yourself,high,
pride_tel_aviv_2024,Offer Nissim Pride Concert,2024-06-08,Park Hayarkon (Ganei Yehoshua),Tel Aviv,Israel,18:32,22:59,1,,Offer Nissim X Ofra Haza,Adagio,,SONG_0261,Offer Nissim X Ofra Haza - Adagio,high,
pride_tel_aviv_2024,Offer Nissim Pride Concert,2024-06-08,Park Hayarkon (Ganei Yehoshua),Tel Aviv,Israel,18:32,22:59,2,,Offer Nissim,Toro,,SONG_0262,Offer Nissim - Toro,high,
pride_tel_aviv_2024,Offer Nissim Pride Concert,2024-06-08,Park Hayarkon (Ganei Yehoshua),Tel Aviv,Israel,18:32,22:59,3,,Offer Nissim,How Deep Is Your Love,,SONG_0263,Offer Nissim - How Deep Is Your Love,high,
pride_tel_aviv_2024,Offer Nissim Pride Concert,2024-06-08,Park Hayarkon (Ganei Yehoshua),Tel Aviv,Israel,18:32,22:59,4,,Offer Nissim,When I Come Alive,,SONG_0264,Offer Nissim - When I Come Alive,high,
pride_tel_aviv_2024,Offer Nissim Pride Concert,2024-06-08,Park Hayarkon (Ganei Yehoshua),Tel Aviv,Israel,18:32,22:59,5,,Offer Nissim,Can You Feel It,,SONG_0265,Offer Nissim - Can You Feel It,high,
pride_tel_aviv_2024,Offer Nissim Pride Concert,2024-06-08,Park Hayarkon (Ganei Yehoshua),Tel Aviv,Israel,18:32,22:59,6,,Offer Nissim Feat. Meital De Razon,My Pride,,SONG_0063,Offer Nissim Feat. Meital De Razon - My Pride,high,
pride_tel_aviv_2024,Offer Nissim Pride Concert,2024-06-08,Park Hayarkon (Ganei Yehoshua),Tel Aviv,Israel,18:32,22:59,7,,Offer Nissim Feat. Meital De Razon,Like This Like That,,SONG_0160,Offer Nissim Feat. Meital De Razon - Like This Like That,high,
pride_tel_aviv_2024,Offer Nissim Pride Concert,2024-06-08,Park Hayarkon (Ganei Yehoshua),Tel Aviv,Israel,18:32,22:59,8,,Offer Nissim,I Want Muscles,,SONG_0190,Offer Nissim - I Want Muscles,high,
pride_tel_aviv_2024,Offer Nissim Pride Concert,2024-06-08,Park Hayarkon (Ganei Yehoshua),Tel Aviv,Israel,18:32,22:59,9,,Offer Nissim Presents The Bitches,Ain't No Mountain,,SONG_0064,Offer Nissim Present: The Bitches - Ain't No Mountain,high,Artist normalized: 'Offer Nissim Present: The Bitches' -> 'Offer Nissim Presents The Bitches'
pride_tel_aviv_2024,Offer Nissim Pride Concert,2024-06-08,Park Hayarkon (Ganei Yehoshua),Tel Aviv,Israel,18:32,22:59,10,,Offer Nissim Feat. Maya Simantov,Come Back Home,Live Performance,SONG_0266,Offer Nissim Feat. Maya Simantov - Come Back Home - Live Performance,high,
pride_tel_aviv_2024,Offer Nissim Pride Concert,2024-06-08,Park Hayarkon (Ganei Yehoshua),Tel Aviv,Israel,18:32,22:59,11,,Offer Nissim Feat. Maya Simantov,Goddess,Live Performance,SONG_0267,Offer Nissim Feat. Maya Simantov - Goddess - Live Performance,high,
pride_tel_aviv_2024,Offer Nissim Pride Concert,2024-06-08,Park Hayarkon (Ganei Yehoshua),Tel Aviv,Israel,18:32,22:59,12,,Offer Nissim Feat. Deborah Cox,Summer Of Love,,SONG_0144,Offer Nissim Feat. Deborah Cox - Summer Of Love,high,
pride_tel_aviv_2024,Offer Nissim Pride Concert,2024-06-08,Park Hayarkon (Ganei Yehoshua),Tel Aviv,Israel,18:32,22:59,13,,Madonna,Living For Love,Offer Nissim Remix,SONG_0152,Madonna - Living For Love - Offer Nissim Remix,high,
pride_tel_aviv_2024,Offer Nissim Pride Concert,2024-06-08,Park Hayarkon (Ganei Yehoshua),Tel Aviv,Israel,18:32,22:59,14,,Offer Nissim X Netta,Turn Up The Heat,,SONG_0254,Offer Nissim X Netta - Turn Up The Heat,high,
pride_tel_aviv_2024,Offer Nissim Pride Concert,2024-06-08,Park Hayarkon (Ganei Yehoshua),Tel Aviv,Israel,18:32,22:59,15,,Offer Nissim,Umpatampa,,SONG_0004,Offer Nissim - Umpatampa,high,
pride_tel_aviv_2024,Offer Nissim Pride Concert,2024-06-08,Park Hayarkon (Ganei Yehoshua),Tel Aviv,Israel,18:32,22:59,16,,Offer Nissim Feat. Eyal Golan,Eshal,Show Mix,SONG_0167,Offer Nissim Feat. Eyal Golan - ESHAL - Show Mix,high,
pride_tel_aviv_2024,Offer Nissim Pride Concert,2024-06-08,Park Hayarkon (Ganei Yehoshua),Tel Aviv,Israel,18:32,22:59,17,,Offer Nissim,Shalom Aleychem,,SONG_0044,Offer Nissim - Shalom Aleychem,high,
pride_tel_aviv_2024,Offer Nissim Pride Concert,2024-06-08,Park Hayarkon (Ganei Yehoshua),Tel Aviv,Israel,18:32,22:59,18,,Jessica Sanchez,Stronger Together,Offer Nissim Remix,SONG_0268,Jessica Sanchez - Stronger Together - Offer Nissim Remix,high,
pride_tel_aviv_2024,Offer Nissim Pride Concert,2024-06-08,Park Hayarkon (Ganei Yehoshua),Tel Aviv,Israel,18:32,22:59,19,,Offer Nissim Feat. Cim W,I Want To Be With You,,SONG_0269,Offer Nissim Feat. Cim W - I Want To Be With You,high,
pride_tel_aviv_2024,Offer Nissim Pride Concert,2024-06-08,Park Hayarkon (Ganei Yehoshua),Tel Aviv,Israel,18:32,22:59,20,,Offer Nissim X Ania Bukstein,Nesika,Live Performance,SONG_0270,Offer Nissim  X Ania Bukstein - Nesika - Live Performance,high,Artist normalized: 'Offer Nissim  X Ania Bukstein' -> 'Offer Nissim X Ania Bukstein'
pride_tel_aviv_2024,Offer Nissim Pride Concert,2024-06-08,Park Hayarkon (Ganei Yehoshua),Tel Aviv,Israel,18:32,22:59,21,,Offer Nissim Feat. Ania Bukstein,Rokedet,2024 - Live Performance,SONG_0034,Offer Nissim Feat. Ania Bukstein - ROKEDET 2024 - Live Performance,high,2024' treated as version label of Rokedet.
pride_tel_aviv_2024,Offer Nissim Pride Concert,2024-06-08,Park Hayarkon (Ganei Yehoshua),Tel Aviv,Israel,18:32,22:59,22,,Offer Nissim Feat. Riki Ben-Ari,Dance The Night,,SONG_0006,Offer Nissim Feat. Riki Ben-Ari - Dance The Night,high,
pride_tel_aviv_2024,Offer Nissim Pride Concert,2024-06-08,Park Hayarkon (Ganei Yehoshua),Tel Aviv,Israel,18:32,22:59,23,,Amelia Lily,You Bring Me Joy,We Will Dance Again - Offer Nissim Remix,SONG_0020,Amelia Lily - You Bring Me Joy - We Will Dance Again - Offer Nissim Remix,high,
pride_tel_aviv_2024,Offer Nissim Pride Concert,2024-06-08,Park Hayarkon (Ganei Yehoshua),Tel Aviv,Israel,18:32,22:59,24,,Katy B,Crying For No Reason,Offer Nissim Remix,SONG_0128,Katy B - Crying For No Reason - Offer Nissim Remix,high,
pride_tel_aviv_2024,Offer Nissim Pride Concert,2024-06-08,Park Hayarkon (Ganei Yehoshua),Tel Aviv,Israel,18:32,22:59,25,,Offer Nissim Feat. Maya Simantov,Like There Is No Tomorrow,,SONG_0142,Offer Nissim Feat. Maya Simantov - Like There Is No Tomorrow,high,
pride_tel_aviv_2024,Offer Nissim Pride Concert,2024-06-08,Park Hayarkon (Ganei Yehoshua),Tel Aviv,Israel,18:32,22:59,26,,Amanda Lear,Follow Me,Offer Nissim Remix,SONG_0235,Amanda Lear - Follow Me - Offer Nissim Remix,high,
pride_tel_aviv_2024,Offer Nissim Pride Concert,2024-06-08,Park Hayarkon (Ganei Yehoshua),Tel Aviv,Israel,18:32,22:59,27,,Frank Sinatra,The World We Knew,Offer Nissim Remix,SONG_0271,Frank Sinatra - The World We Knew - Offer Nissim Remix,high,
pride_tel_aviv_2024,Offer Nissim Pride Concert,2024-06-08,Park Hayarkon (Ganei Yehoshua),Tel Aviv,Israel,18:32,22:59,28,,Nina Hagen,New York New York,Offer Nissim Remix,SONG_0236,Nina Hagen - New York New York - Offer Nissim Remix,high,
pride_tel_aviv_2024,Offer Nissim Pride Concert,2024-06-08,Park Hayarkon (Ganei Yehoshua),Tel Aviv,Israel,18:32,22:59,29,,Britney Spears,Till The World Ends,Offer Nissim & Itay Kalderon Remix,SONG_0101,Britney Spears - Till The World Ends - Offer Nissim & Itay Kalderon Remix,high,
pride_tel_aviv_2024,Offer Nissim Pride Concert,2024-06-08,Park Hayarkon (Ganei Yehoshua),Tel Aviv,Israel,18:32,22:59,30,,Offer Nissim Feat. Maya Simantov,Everybody Needs A Man,,SONG_0032,Offer Nissim Feat. Maya Simantov - Everybody Needs A Man,high,
pride_tel_aviv_2024,Offer Nissim Pride Concert,2024-06-08,Park Hayarkon (Ganei Yehoshua),Tel Aviv,Israel,18:32,22:59,31,,Offer Nissim Feat. Dana International,We Can Make It,,SONG_0048,Offer Nissim Feat. Dana International - We Can Make It,high,
pride_tel_aviv_2024,Offer Nissim Pride Concert,2024-06-08,Park Hayarkon (Ganei Yehoshua),Tel Aviv,Israel,18:32,22:59,32,,Offer Nissim Feat. Boruch Sholom & Ilan Peled,Shuva,Live Performance,SONG_0272,Offer Nissim Feat. Boruch Sholom & Ilan Peled - SHUVA - Live Performance,high,
pride_tel_aviv_2024,Offer Nissim Pride Concert,2024-06-08,Park Hayarkon (Ganei Yehoshua),Tel Aviv,Israel,18:32,22:59,33,,Madonna,Girls Gone Wild,Offer Nissim Remix,SONG_0046,Madonna - Girls Gone Wild - Offer Nissim Remix,high,
pride_tel_aviv_2024,Offer Nissim Pride Concert,2024-06-08,Park Hayarkon (Ganei Yehoshua),Tel Aviv,Israel,18:32,22:59,34,,Deborah Cox,Easy As Life,Offer Nissim Show Mix,SONG_0083,Deborah Cox - Easy As Life - Offer Nissim Show Mix,high,
pride_tel_aviv_2024,Offer Nissim Pride Concert,2024-06-08,Park Hayarkon (Ganei Yehoshua),Tel Aviv,Israel,18:32,22:59,35,,Angie Stone,Wish I Didn't Miss You,Offer Nissim Remix,SONG_0106,Angie Stone - Wish I Didn't Miss You - Offer Nissim Remix,high,
pride_tel_aviv_2024,Offer Nissim Pride Concert,2024-06-08,Park Hayarkon (Ganei Yehoshua),Tel Aviv,Israel,18:32,22:59,36,,Offer Nissim Feat. Maya Simantov,First Time,,SONG_0153,Offer Nissim Feat. Maya Simantov - First Time,high,
pride_tel_aviv_2024,Offer Nissim Pride Concert,2024-06-08,Park Hayarkon (Ganei Yehoshua),Tel Aviv,Israel,18:32,22:59,37,,Offer Nissim,Underground,,SONG_0209,Offer Nissim - Underground,high,
pride_tel_aviv_2024,Offer Nissim Pride Concert,2024-06-08,Park Hayarkon (Ganei Yehoshua),Tel Aviv,Israel,18:32,22:59,38,,Eliran Halevy Feat. Ivana Lola,Egoeista,Live Performance,SONG_0273,Eliran Halevy Feat. Ivana Lola - Egoeista - Live Performance,high,
pride_tel_aviv_2024,Offer Nissim Pride Concert,2024-06-08,Park Hayarkon (Ganei Yehoshua),Tel Aviv,Israel,18:32,22:59,39,,Eliran Halevy,Romeo And Juliet,,SONG_0274,Eliran Halevy - Romeo And Juliet,high,
pride_tel_aviv_2024,Offer Nissim Pride Concert,2024-06-08,Park Hayarkon (Ganei Yehoshua),Tel Aviv,Israel,18:32,22:59,40,,Offer Nissim,Saturday Night,,SONG_0275,Offer Nissim - Saturday Night,high,
pride_tel_aviv_2024,Offer Nissim Pride Concert,2024-06-08,Park Hayarkon (Ganei Yehoshua),Tel Aviv,Israel,18:32,22:59,41,,Offer Nissim,Infected Love,,SONG_0173,Offer Nissim - Infected Love,high,
pride_tel_aviv_2024,Offer Nissim Pride Concert,2024-06-08,Park Hayarkon (Ganei Yehoshua),Tel Aviv,Israel,18:32,22:59,42,,Offer Nissim & 2050,Reach Out,,SONG_0276,Offer Nissim & 2050 - Reach Out,high,
pride_tel_aviv_2024,Offer Nissim Pride Concert,2024-06-08,Park Hayarkon (Ganei Yehoshua),Tel Aviv,Israel,18:32,22:59,43,,Offer Nissim X Noa Kirel,Doctor,Live Performance,SONG_0277,Offer Nissim x Noa Kirel - Doctor - Live Performance,high,Artist normalized: 'Offer Nissim x Noa Kirel' -> 'Offer Nissim X Noa Kirel'
pride_tel_aviv_2024,Offer Nissim Pride Concert,2024-06-08,Park Hayarkon (Ganei Yehoshua),Tel Aviv,Israel,18:32,22:59,44,,Offer Nissim Feat. Omri Mizrahi,Don't Stop The Dance,,SONG_0110,Offer Nissim Feat. Omri Mizrahi - Don't Stop The Dance,high,
pride_tel_aviv_2024,Offer Nissim Pride Concert,2024-06-08,Park Hayarkon (Ganei Yehoshua),Tel Aviv,Israel,18:32,22:59,45,,Rockers Revenge,Walking On Sunshine,Offer Nissim Remix,SONG_0278,Rockers Revenge - Walking On Sunshine - Offer Nissim Remix,high,
pride_tel_aviv_2024,Offer Nissim Pride Concert,2024-06-08,Park Hayarkon (Ganei Yehoshua),Tel Aviv,Israel,18:32,22:59,46,,Offer Nissim Feat. Maya Simantov,Let Me Live,,SONG_0040,Offer Nissim Feat. Maya Simantov - Let Me Live,high,
pride_tel_aviv_2024,Offer Nissim Pride Concert,2024-06-08,Park Hayarkon (Ganei Yehoshua),Tel Aviv,Israel,18:32,22:59,47,,Offer Nissim X Sasson Shaulov,Sipur Acher,Live Performance,SONG_0279,Offer Nissim x Sasson Shaulov - Sipur Acher - Live Performance,high,Artist normalized: 'Offer Nissim x Sasson Shaulov' -> 'Offer Nissim X Sasson Shaulov'
pride_tel_aviv_2024,Offer Nissim Pride Concert,2024-06-08,Park Hayarkon (Ganei Yehoshua),Tel Aviv,Israel,18:32,22:59,48,,Suzanne Palmer,Eye Can See U,Offer Nissim Remix,SONG_0280,Suzanne Palmer - Eye Can See You - Offer Nissim Remix,high,Corrected 26.09.2026: Official title is 'Eye Can See U' (Discogs); earlier normalization to 'Eye Can See You' reversed
pride_tel_aviv_2024,Offer Nissim Pride Concert,2024-06-08,Park Hayarkon (Ganei Yehoshua),Tel Aviv,Israel,18:32,22:59,49,,Offer Nissim Feat. Maya Simantov,Wish You Were Here,,SONG_0072,Offer Nissim Feat. Maya Simantov - Wish You Were Here,high,
pride_tel_aviv_2024,Offer Nissim Pride Concert,2024-06-08,Park Hayarkon (Ganei Yehoshua),Tel Aviv,Israel,18:32,22:59,50,,Offer Nissim Feat. Ivana Lola,Kissed By You,Show Mix - Live Performance,SONG_0281,Offer Nissim Feat. Ivana Lola - Kissed By You - Show Mix - Live Performance,high,
pride_tel_aviv_2024,Offer Nissim Pride Concert,2024-06-08,Park Hayarkon (Ganei Yehoshua),Tel Aviv,Israel,18:32,22:59,51,,Offer Nissim,Completely Yourself,,SONG_0045,Offer Nissim - Completely Yourself,high,
hanukkah_2024,Offer Nissim Hanukkah Concert,2024-12-28,"Expo Tel Aviv, Pavilion (Bitan) 1",Tel Aviv,Israel,21:51,3:03,1,,Offer Nissim,Everything Is Meaningless,,SONG_0282,Offer Nissim - Everything Is Meaningless,high,
hanukkah_2024,Offer Nissim Hanukkah Concert,2024-12-28,"Expo Tel Aviv, Pavilion (Bitan) 1",Tel Aviv,Israel,21:51,3:03,2,,Offer Nissim Feat. Maya Simantov,Hysterical,Live Performance,SONG_0283,Offer Nissim Feat. Maya Simantov - Hysterical (Live Performance),high,
hanukkah_2024,Offer Nissim Hanukkah Concert,2024-12-28,"Expo Tel Aviv, Pavilion (Bitan) 1",Tel Aviv,Israel,21:51,3:03,3,,Offer Nissim,Rose,,SONG_0284,Offer Nissim - Rose,high,
hanukkah_2024,Offer Nissim Hanukkah Concert,2024-12-28,"Expo Tel Aviv, Pavilion (Bitan) 1",Tel Aviv,Israel,21:51,3:03,4,,Offer Nissim,How Deep Is Your Love,,SONG_0263,Offer Nissim - How Deep Is Your Love,high,
hanukkah_2024,Offer Nissim Hanukkah Concert,2024-12-28,"Expo Tel Aviv, Pavilion (Bitan) 1",Tel Aviv,Israel,21:51,3:03,5,,Offer Nissim & 2050,Reach Out,,SONG_0276,Offer Nissim & 2050 - Reach Out,high,
hanukkah_2024,Offer Nissim Hanukkah Concert,2024-12-28,"Expo Tel Aviv, Pavilion (Bitan) 1",Tel Aviv,Israel,21:51,3:03,6,,Offer Nissim,Rainbow,,SONG_0070,Offer Nissim - Rainbow,high,
hanukkah_2024,Offer Nissim Hanukkah Concert,2024-12-28,"Expo Tel Aviv, Pavilion (Bitan) 1",Tel Aviv,Israel,21:51,3:03,7,,Offer Nissim Feat. Ivana Lola,Kriminal Eye,,SONG_0019,Offer Nissim Feat. Ivana Lola - Kriminal Eye,high,
hanukkah_2024,Offer Nissim Hanukkah Concert,2024-12-28,"Expo Tel Aviv, Pavilion (Bitan) 1",Tel Aviv,Israel,21:51,3:03,8,,Offer Nissim,Celebration,,SONG_0222,Offer Nissim - Celebration,high,
hanukkah_2024,Offer Nissim Hanukkah Concert,2024-12-28,"Expo Tel Aviv, Pavilion (Bitan) 1",Tel Aviv,Israel,21:51,3:03,9,,The Trash Mermaids,Cryptic Love,Offer Nissim Remix,SONG_0210,The Trash Mermaids - Cryptic Love - Offer Nissim Remix,high,
hanukkah_2024,Offer Nissim Hanukkah Concert,2024-12-28,"Expo Tel Aviv, Pavilion (Bitan) 1",Tel Aviv,Israel,21:51,3:03,10,,Offer Nissim Feat. Riki Ben-Ari,Light My Fire,,SONG_0119,Offer Nissim Feat. Riki Ben-Ari - Light My Fire,high,
hanukkah_2024,Offer Nissim Hanukkah Concert,2024-12-28,"Expo Tel Aviv, Pavilion (Bitan) 1",Tel Aviv,Israel,21:51,3:03,11,,Cher,Gimme! Gimme! Gimme! (A Man After Midnight),Offer Nissim Remix,SONG_0031,Cher - Gimme! Gimme! Gimme! - Offer Nissim Remix,high,Title spelling normalized: 'Gimme! Gimme! Gimme!' -> 'Gimme! Gimme! Gimme! (A Man After Midnight)'
hanukkah_2024,Offer Nissim Hanukkah Concert,2024-12-28,"Expo Tel Aviv, Pavilion (Bitan) 1",Tel Aviv,Israel,21:51,3:03,12,,Offer Nissim,Can You Feel It,,SONG_0265,Offer Nissim - Can You Feel It,high,
hanukkah_2024,Offer Nissim Hanukkah Concert,2024-12-28,"Expo Tel Aviv, Pavilion (Bitan) 1",Tel Aviv,Israel,21:51,3:03,13,,Offer Nissim Feat. Meital De Razon,Like This Like That,,SONG_0160,"Offer Nissim Feat. Meital De Razon - Like This, Like That",high,
hanukkah_2024,Offer Nissim Hanukkah Concert,2024-12-28,"Expo Tel Aviv, Pavilion (Bitan) 1",Tel Aviv,Israel,21:51,3:03,14,,Offer Nissim X Margol & Or Ben David,Pgisha,Live Performance,SONG_0285,Offer Nissim x Margol & Or Ben David - Pgisha (Live Performance),high,Artist normalized: 'Offer Nissim x Margol & Or Ben David' -> 'Offer Nissim X Margol & Or Ben David'
hanukkah_2024,Offer Nissim Hanukkah Concert,2024-12-28,"Expo Tel Aviv, Pavilion (Bitan) 1",Tel Aviv,Israel,21:51,3:03,15,,Offer Nissim Feat. Eyal Golan,Lo Mevina Ivrit,,SONG_0027,Offer Nissim Feat. Eyal Golan - Lo Mevina Ivrit,high,
hanukkah_2024,Offer Nissim Hanukkah Concert,2024-12-28,"Expo Tel Aviv, Pavilion (Bitan) 1",Tel Aviv,Israel,21:51,3:03,16,,Offer Nissim,Movement - Let The Music Play | Shannon,,SONG_0115,Offer Nissim - Movement - Let The Music Play | Shannon,high,"Track name kept whole ('Movement', built on Shannon's 'Let The Music Play'); no version stated."
hanukkah_2024,Offer Nissim Hanukkah Concert,2024-12-28,"Expo Tel Aviv, Pavilion (Bitan) 1",Tel Aviv,Israel,21:51,3:03,17,,Offer Nissim,Crazy Things At Night,,SONG_0001,Offer Nissim - Crazy Things At Night,high,
hanukkah_2024,Offer Nissim Hanukkah Concert,2024-12-28,"Expo Tel Aviv, Pavilion (Bitan) 1",Tel Aviv,Israel,21:51,3:03,18,,Amanda Lear,Follow Me,Offer Nissim Remix,SONG_0235,Amanda Lear - Follow Me - Offer Nissim Remix,high,
hanukkah_2024,Offer Nissim Hanukkah Concert,2024-12-28,"Expo Tel Aviv, Pavilion (Bitan) 1",Tel Aviv,Israel,21:51,3:03,19,,Offer Nissim Feat. Maya Simantov,I'm In Love,,SONG_0033,Offer Nissim Feat. Maya Simantov - I'm In Love,high,
hanukkah_2024,Offer Nissim Hanukkah Concert,2024-12-28,"Expo Tel Aviv, Pavilion (Bitan) 1",Tel Aviv,Israel,21:51,3:03,20,,Offer Nissim Feat. Maya Simantov,Hook Up,,SONG_0139,Offer Nissim Feat. Maya Simantov - Hook Up,high,
hanukkah_2024,Offer Nissim Hanukkah Concert,2024-12-28,"Expo Tel Aviv, Pavilion (Bitan) 1",Tel Aviv,Israel,21:51,3:03,21,,Offer Nissim,Studio 54,,SONG_0143,Offer Nissim - Studio 54,high,
hanukkah_2024,Offer Nissim Hanukkah Concert,2024-12-28,"Expo Tel Aviv, Pavilion (Bitan) 1",Tel Aviv,Israel,21:51,3:03,22,,Offer Nissim,Listen To My Heart,,SONG_0286,Offer Nissim - Listen To My Heart,high,
hanukkah_2024,Offer Nissim Hanukkah Concert,2024-12-28,"Expo Tel Aviv, Pavilion (Bitan) 1",Tel Aviv,Israel,21:51,3:03,23,,Elad Navon,Honey,,SONG_0287,Elad Navon - HONEY,high,
hanukkah_2024,Offer Nissim Hanukkah Concert,2024-12-28,"Expo Tel Aviv, Pavilion (Bitan) 1",Tel Aviv,Israel,21:51,3:03,24,,Offer Nissim Feat. Maya Simantov,For Your Love,,SONG_0194,Offer Nissim Feat. Maya Simantov - For Your Love,high,
hanukkah_2024,Offer Nissim Hanukkah Concert,2024-12-28,"Expo Tel Aviv, Pavilion (Bitan) 1",Tel Aviv,Israel,21:51,3:03,25,,Alain Chamfort,Manureva 07,Offer Nissim Remix,SONG_0253,Alain Chamfort - Manureva 07' - Offer Nissim Remix,high,Source writes 07' with an apostrophe.
hanukkah_2024,Offer Nissim Hanukkah Concert,2024-12-28,"Expo Tel Aviv, Pavilion (Bitan) 1",Tel Aviv,Israel,21:51,3:03,26,,SASH!,Encore Une Fois,Offer Nissim Remix,SONG_0288,SASH! - Encore Une Fois - Offer Nissim Remix,high,
hanukkah_2024,Offer Nissim Hanukkah Concert,2024-12-28,"Expo Tel Aviv, Pavilion (Bitan) 1",Tel Aviv,Israel,21:51,3:03,27,,Offer Nissim Feat. Maya Simantov,Let Me Live,,SONG_0040,Offer Nissim Feat. Maya Simantov - Let Me Live,high,
hanukkah_2024,Offer Nissim Hanukkah Concert,2024-12-28,"Expo Tel Aviv, Pavilion (Bitan) 1",Tel Aviv,Israel,21:51,3:03,28,,Offer Nissim Feat. Maya Simantov,Miracle,Part B,SONG_0130,Offer Nissim Feat. Maya Simantov - Miracle PART B,high,PART B' appended to title.
hanukkah_2024,Offer Nissim Hanukkah Concert,2024-12-28,"Expo Tel Aviv, Pavilion (Bitan) 1",Tel Aviv,Israel,21:51,3:03,29,,Ilan Peled,Let's Fly,Offer Nisim Show Mix,SONG_0289,Ilan Peled - Lets Fly - Offer Nisim Show Mix,high,
hanukkah_2024,Offer Nissim Hanukkah Concert,2024-12-28,"Expo Tel Aviv, Pavilion (Bitan) 1",Tel Aviv,Israel,21:51,3:03,30,,Offer Nissim Feat. Maya Simantov,Zero Fucks,,SONG_0161,Offer Nissim Feat. Maya Simantov - Zero Fucks,high,
hanukkah_2024,Offer Nissim Hanukkah Concert,2024-12-28,"Expo Tel Aviv, Pavilion (Bitan) 1",Tel Aviv,Israel,21:51,3:03,31,,Billie Ray Martin,The Glittering Gutter,Offer Nissim Remix,SONG_0051,Billie Ray Martin - The Glittering Gutter (Offer Nissim Remix),high,
hanukkah_2024,Offer Nissim Hanukkah Concert,2024-12-28,"Expo Tel Aviv, Pavilion (Bitan) 1",Tel Aviv,Israel,21:51,3:03,32,,Offer Nissim,When I Come Alive,,SONG_0264,Offer Nissim - When I Come Alive,high,
hanukkah_2024,Offer Nissim Hanukkah Concert,2024-12-28,"Expo Tel Aviv, Pavilion (Bitan) 1",Tel Aviv,Israel,21:51,3:03,33,,Offer Nissim X Ania Bukstein,Nesika,,SONG_0270,Offer Nissim  X Ania Bukstein - Nesika,high,Artist normalized: 'Offer Nissim  X Ania Bukstein' -> 'Offer Nissim X Ania Bukstein'
hanukkah_2024,Offer Nissim Hanukkah Concert,2024-12-28,"Expo Tel Aviv, Pavilion (Bitan) 1",Tel Aviv,Israel,21:51,3:03,34,,Aviv Geffen & Ella-Lee,Varod Mavrik,Offer Nissim Remix,SONG_0170,Aviv Geffen & Ella-Lee - Varod Mavrik - Offer Nissim Remix,high,
hanukkah_2024,Offer Nissim Hanukkah Concert,2024-12-28,"Expo Tel Aviv, Pavilion (Bitan) 1",Tel Aviv,Israel,21:51,3:03,35,,Scissor Sisters,Fire With Fire,Peter Rauhofer Mix,SONG_0248,Scissor Sisters - Fire With Fire - Peter Rauhofer Mix,high,
hanukkah_2024,Offer Nissim Hanukkah Concert,2024-12-28,"Expo Tel Aviv, Pavilion (Bitan) 1",Tel Aviv,Israel,21:51,3:03,36,,Eliran Halevy,So Good,,SONG_0290,Eliran Halevy - So Good,high,
hanukkah_2024,Offer Nissim Hanukkah Concert,2024-12-28,"Expo Tel Aviv, Pavilion (Bitan) 1",Tel Aviv,Israel,21:51,3:03,37,,Eliran Halevy,Just Can't Stop,,SONG_0291,Eliran Halevy - Just Can't Stop,high,
hanukkah_2024,Offer Nissim Hanukkah Concert,2024-12-28,"Expo Tel Aviv, Pavilion (Bitan) 1",Tel Aviv,Israel,21:51,3:03,38,,Eliran Halevy,In My Heart,,SONG_0176,Eliran Halevy - In My Heart,high,
hanukkah_2024,Offer Nissim Hanukkah Concert,2024-12-28,"Expo Tel Aviv, Pavilion (Bitan) 1",Tel Aviv,Israel,21:51,3:03,39,,Frank Sinatra,The World We Knew,Offer Nissim Remix,SONG_0271,Frank Sinatra - The World We Knew - Offer Nissim Remix,high,
hanukkah_2024,Offer Nissim Hanukkah Concert,2024-12-28,"Expo Tel Aviv, Pavilion (Bitan) 1",Tel Aviv,Israel,21:51,3:03,40,,Offer Nissim Presents Jimmy Fontana,El Mundo,,SONG_0052,Offer Nissim Presents: Jimmy Fontana - El Mundo,high,Artist normalized: 'Offer Nissim Presents: Jimmy Fontana' -> 'Offer Nissim Presents Jimmy Fontana'
hanukkah_2024,Offer Nissim Hanukkah Concert,2024-12-28,"Expo Tel Aviv, Pavilion (Bitan) 1",Tel Aviv,Israel,21:51,3:03,41,,Offer Nissim X Ofra Haza,Adagio,,SONG_0261,Offer Nissim X Ofra Haza - Adagio,high,
hanukkah_2024,Offer Nissim Hanukkah Concert,2024-12-28,"Expo Tel Aviv, Pavilion (Bitan) 1",Tel Aviv,Israel,21:51,3:03,42,,Offer Nissim Feat. Dana International,Power,,SONG_0239,Offer Nissim Feat. Dana International - Power,high,
hanukkah_2024,Offer Nissim Hanukkah Concert,2024-12-28,"Expo Tel Aviv, Pavilion (Bitan) 1",Tel Aviv,Israel,21:51,3:03,43,,Offer Nissim,Don't Know What To Do,,SONG_0234,Offer Nissim - Don't Know What To Do,high,
hanukkah_2024,Offer Nissim Hanukkah Concert,2024-12-28,"Expo Tel Aviv, Pavilion (Bitan) 1",Tel Aviv,Israel,21:51,3:03,44,,Offer Nissim,Saturday Night,,SONG_0275,Offer Nissim - Saturday Night,high,
hanukkah_2024,Offer Nissim Hanukkah Concert,2024-12-28,"Expo Tel Aviv, Pavilion (Bitan) 1",Tel Aviv,Israel,21:51,3:03,45,,Madonna,I Don't Search I Find,Offer Nissim Remix,SONG_0122,Madonna - I Don't Search I Find It - Offer Nissim Remix,high,Title spelling normalized: 'I Don't Search I Find It' -> 'I Don't Search I Find'
hanukkah_2024,Offer Nissim Hanukkah Concert,2024-12-28,"Expo Tel Aviv, Pavilion (Bitan) 1",Tel Aviv,Israel,21:51,3:03,46,,Offer Nissim Feat. The Israeli Opera,Hymns To God,,SONG_0060,Offer Nissim Feat. The Israeli Opera - Hymns To God,high,
hanukkah_2024,Offer Nissim Hanukkah Concert,2024-12-28,"Expo Tel Aviv, Pavilion (Bitan) 1",Tel Aviv,Israel,21:51,3:03,47,,Offer Nissim Feat. Nikka,Never See Me Again,Live Performance,SONG_0292,Offer Nissim Feat. Nikka - Never See Me Again (Live Performance),high,
hanukkah_2024,Offer Nissim Hanukkah Concert,2024-12-28,"Expo Tel Aviv, Pavilion (Bitan) 1",Tel Aviv,Israel,21:51,3:03,48,,Offer Nissim Feat. Betty Pablo,Poison (Ra'al),,SONG_0081,Offer Nissim Feat. Betty Pablo - Poison (Ra'al),high,Same song as 'Offer Nisim ft. Betty - Poison' (2019 spelling).
hanukkah_2024,Offer Nissim Hanukkah Concert,2024-12-28,"Expo Tel Aviv, Pavilion (Bitan) 1",Tel Aviv,Israel,21:51,3:03,49,,Offer Nissim Feat. Maya Simantov,Everybody Needs A Man,,SONG_0032,Offer Nissim Feat. Maya Simantov - Everybody Needs A Man,high,
hanukkah_2024,Offer Nissim Hanukkah Concert,2024-12-28,"Expo Tel Aviv, Pavilion (Bitan) 1",Tel Aviv,Israel,21:51,3:03,50,,Offer Nissim X Noa Kirel,Doctor,,SONG_0277,Offer Nissim x Noa Kirel - Doctor,high,Artist normalized: 'Offer Nissim x Noa Kirel' -> 'Offer Nissim X Noa Kirel'
hanukkah_2024,Offer Nissim Hanukkah Concert,2024-12-28,"Expo Tel Aviv, Pavilion (Bitan) 1",Tel Aviv,Israel,21:51,3:03,51,,Offer Nissim,Bombay,,SONG_0146,Offer Nissim - Bombay,high,
hanukkah_2024,Offer Nissim Hanukkah Concert,2024-12-28,"Expo Tel Aviv, Pavilion (Bitan) 1",Tel Aviv,Israel,21:51,3:03,52,,Suzanne Palmer,Fascinated,Offer Nissim Remix,SONG_0047,Suzanne Palmer - Fascinated - Offer Nissim Remix,high,
hanukkah_2024,Offer Nissim Hanukkah Concert,2024-12-28,"Expo Tel Aviv, Pavilion (Bitan) 1",Tel Aviv,Israel,21:51,3:03,53,,Offer Nissim,Lost In Music,,SONG_0120,Offer Nissim - Lost In Music,high,
hanukkah_2024,Offer Nissim Hanukkah Concert,2024-12-28,"Expo Tel Aviv, Pavilion (Bitan) 1",Tel Aviv,Israel,21:51,3:03,54,,The KLF,What Time Is Love,Offer Nissim Remix,SONG_0199,The KLF - What Time Is Love - Offer Nissim Remix,high,
hanukkah_2024,Offer Nissim Hanukkah Concert,2024-12-28,"Expo Tel Aviv, Pavilion (Bitan) 1",Tel Aviv,Israel,21:51,3:03,55,,Nadia Ali,Rapture,VA MO LA Remix,SONG_0293,Nadia Ali - Rapture - VA MO LA Remix,high,
hanukkah_2024,Offer Nissim Hanukkah Concert,2024-12-28,"Expo Tel Aviv, Pavilion (Bitan) 1",Tel Aviv,Israel,21:51,3:03,56,,Offer Nissim,Toro,,SONG_0262,Offer Nissim - Toro,high,
hanukkah_2024,Offer Nissim Hanukkah Concert,2024-12-28,"Expo Tel Aviv, Pavilion (Bitan) 1",Tel Aviv,Israel,21:51,3:03,57,,Offer Nissim Feat. Maya Simantov,Alone,,SONG_0172,Offer Nissim Feat. Maya Simantov - Alone,high,
hanukkah_2024,Offer Nissim Hanukkah Concert,2024-12-28,"Expo Tel Aviv, Pavilion (Bitan) 1",Tel Aviv,Israel,21:51,3:03,58,,Offer Nissim Feat. Epiphony,Out Of My Skin,,SONG_0140,Offer Nissim Feat. Epiphony - Out Of My Skin,high,
hanukkah_2024,Offer Nissim Hanukkah Concert,2024-12-28,"Expo Tel Aviv, Pavilion (Bitan) 1",Tel Aviv,Israel,21:51,3:03,59,,Offer Nissim,Completely Yourself,,SONG_0045,Offer Nissim - Completely Yourself,high,
purim_2025,Offer Nissim Purim Concert,2025-03-15,"Expo Tel Aviv, Pavilion (Bitan) 2",Tel Aviv,Israel,21:57,2:58,1,,Offer Nissim,The Sphinx,,SONG_0294,Offer Nissim - The SPHINX,high,
purim_2025,Offer Nissim Purim Concert,2025-03-15,"Expo Tel Aviv, Pavilion (Bitan) 2",Tel Aviv,Israel,21:57,2:58,2,,Offer Nissim,Toro,,SONG_0262,Offer Nissim - Toro,high,
purim_2025,Offer Nissim Purim Concert,2025-03-15,"Expo Tel Aviv, Pavilion (Bitan) 2",Tel Aviv,Israel,21:57,2:58,3,,Offer Nissim,Esther,,SONG_0002,Offer Nissim - Esther,high,
purim_2025,Offer Nissim Purim Concert,2025-03-15,"Expo Tel Aviv, Pavilion (Bitan) 2",Tel Aviv,Israel,21:57,2:58,4,,Offer Nissim,Raise Me Up,,SONG_0295,Offer Nissim - Raise Me Up,high,
purim_2025,Offer Nissim Purim Concert,2025-03-15,"Expo Tel Aviv, Pavilion (Bitan) 2",Tel Aviv,Israel,21:57,2:58,5,,Suzanne Palmer,Free My Love,Offer Nissim Remix,SONG_0123,Suzanne Palmer - Free My Love - Offer Nissim Remix,high,
purim_2025,Offer Nissim Purim Concert,2025-03-15,"Expo Tel Aviv, Pavilion (Bitan) 2",Tel Aviv,Israel,21:57,2:58,6,,Brothers In Rhythm,Such A Good Feeling,Offer Nissim Remix,SONG_0050,Brothers In Rhythm - Such a Good Feeling -  Offer Nissim Remix,high,
purim_2025,Offer Nissim Purim Concert,2025-03-15,"Expo Tel Aviv, Pavilion (Bitan) 2",Tel Aviv,Israel,21:57,2:58,7,,Offer Nissim,How Deep Is Your Love,,SONG_0263,Offer Nissim - How Deep Is Your Love,high,
purim_2025,Offer Nissim Purim Concert,2025-03-15,"Expo Tel Aviv, Pavilion (Bitan) 2",Tel Aviv,Israel,21:57,2:58,8,,Offer Nissim Feat. Maya Simantov,Open Up,,SONG_0061,Offer Nissim Feat. Maya Simantov - Open Up,high,
purim_2025,Offer Nissim Purim Concert,2025-03-15,"Expo Tel Aviv, Pavilion (Bitan) 2",Tel Aviv,Israel,21:57,2:58,9,,Offer Nissim Feat. Maya Simantov,Wake Up,,SONG_0022,Offer Nissim Feat. Maya Simantov - Wake Up,high,
purim_2025,Offer Nissim Purim Concert,2025-03-15,"Expo Tel Aviv, Pavilion (Bitan) 2",Tel Aviv,Israel,21:57,2:58,10,,Eartha Kitt,Where Is My Man,Offer Nissim Remix,SONG_0079,Eartha Kitt - Where Is My Man - Offer Nissim Remix,high,
purim_2025,Offer Nissim Purim Concert,2025-03-15,"Expo Tel Aviv, Pavilion (Bitan) 2",Tel Aviv,Israel,21:57,2:58,11,,Offer Nissim,Rose,,SONG_0284,Offer Nissim - ROSE,high,
purim_2025,Offer Nissim Purim Concert,2025-03-15,"Expo Tel Aviv, Pavilion (Bitan) 2",Tel Aviv,Israel,21:57,2:58,12,,Offer Nissim X Eden Golan,Pieces,Live Performance,SONG_0296,Offer Nissim X Eden Golan -  PIECES - Live Performance,high,
purim_2025,Offer Nissim Purim Concert,2025-03-15,"Expo Tel Aviv, Pavilion (Bitan) 2",Tel Aviv,Israel,21:57,2:58,13,,Robin S.,Show Me Love,Offer Nissim Remix,SONG_0149,Robin S. - Show Me Love - Offer Nissim Remix,high,
purim_2025,Offer Nissim Purim Concert,2025-03-15,"Expo Tel Aviv, Pavilion (Bitan) 2",Tel Aviv,Israel,21:57,2:58,14,,Offer Nissim Feat. Maya Simantov,Hysterical,,SONG_0283,Offer Nissim Feat. Maya Simantov - Hysterical,high,
purim_2025,Offer Nissim Purim Concert,2025-03-15,"Expo Tel Aviv, Pavilion (Bitan) 2",Tel Aviv,Israel,21:57,2:58,15,,Offer Nissim Feat. Maya Simantov,Like There Is No Tomorrow,,SONG_0142,Offer Nissim Feat. Maya Simantov - Like There Is No Tomorrow,high,
purim_2025,Offer Nissim Purim Concert,2025-03-15,"Expo Tel Aviv, Pavilion (Bitan) 2",Tel Aviv,Israel,21:57,2:58,16,,Offer Nissim,Up To The Top,,SONG_0113,Offer Nissim - Up To the Top,high,
purim_2025,Offer Nissim Purim Concert,2025-03-15,"Expo Tel Aviv, Pavilion (Bitan) 2",Tel Aviv,Israel,21:57,2:58,17,,Amelia Lily,You Bring Me Joy,Offer Nissim Remix,SONG_0020,Amelia Lily - You Bring Me Joy - Offer Nissim Remix,high,
purim_2025,Offer Nissim Purim Concert,2025-03-15,"Expo Tel Aviv, Pavilion (Bitan) 2",Tel Aviv,Israel,21:57,2:58,18,,Offer Nissim Feat. Gila Goldstein,Feel It,,SONG_0010,Offer Nissim Feat. Gila Goldstein - Feel It,high,
purim_2025,Offer Nissim Purim Concert,2025-03-15,"Expo Tel Aviv, Pavilion (Bitan) 2",Tel Aviv,Israel,21:57,2:58,19,,Offer Nissim Feat. Ilan Peled & Static,Tutta La Vita,Live Performance,SONG_0297,Offer Nissim Feat. Ilan Peled & Static - Tutta La Vita - Live Performance,high,
purim_2025,Offer Nissim Purim Concert,2025-03-15,"Expo Tel Aviv, Pavilion (Bitan) 2",Tel Aviv,Israel,21:57,2:58,20,,Offer Nissim Presents Los Chunguitos,Te Estoy Amando Locamente,,SONG_0298,Offer Nissim Presents: Los Chunguitos - Te Estoy Amando Locamente,high,Artist normalized: 'Offer Nissim Presents: Los Chunguitos' -> 'Offer Nissim Presents Los Chunguitos'
purim_2025,Offer Nissim Purim Concert,2025-03-15,"Expo Tel Aviv, Pavilion (Bitan) 2",Tel Aviv,Israel,21:57,2:58,21,,Offer Nissim,Atencion Alegria,,SONG_0182,Offer Nissim - Atencion Alegria,high,
purim_2025,Offer Nissim Purim Concert,2025-03-15,"Expo Tel Aviv, Pavilion (Bitan) 2",Tel Aviv,Israel,21:57,2:58,22,,Offer Nissim,Cha Cha Cha,Peter Rauhofer NYC Edit,SONG_0023,Santa Esmeralda - Anoter Cha Cha - Offer Nissim Remix - Peter Rauhofer NYC Edit,high,"Typo 'Anoter'; original artist credited here, elsewhere credited to Offer Nissim. | Corrected 03.10.2026: official title per Offer Nissim's release (Spotify / Beatport / Star 69 Records: 'Cha Cha Cha (Peter Rauhofer NYC Edit)'); source image credits Santa Esmeralda with 'Offer Nissim Remix'"
purim_2025,Offer Nissim Purim Concert,2025-03-15,"Expo Tel Aviv, Pavilion (Bitan) 2",Tel Aviv,Israel,21:57,2:58,23,,Offer Nissim Feat. Maya Simantov,Superman,,SONG_0299,Offer Nissim Feat. Maya Simantov - Superman,high,
purim_2025,Offer Nissim Purim Concert,2025-03-15,"Expo Tel Aviv, Pavilion (Bitan) 2",Tel Aviv,Israel,21:57,2:58,24,,Offer Nissim,I Want Muscles,,SONG_0190,Offer Nissim - I Want Muscles,high,
purim_2025,Offer Nissim Purim Concert,2025-03-15,"Expo Tel Aviv, Pavilion (Bitan) 2",Tel Aviv,Israel,21:57,2:58,25,,Offer Nissim,Get What I Want,,SONG_0188,Offer Nissim - Get What I Want,high,
purim_2025,Offer Nissim Purim Concert,2025-03-15,"Expo Tel Aviv, Pavilion (Bitan) 2",Tel Aviv,Israel,21:57,2:58,26,,Offer Nissim,Ahasuerus,,SONG_0003,Offer Nissim - Ahasuerus,high,
purim_2025,Offer Nissim Purim Concert,2025-03-15,"Expo Tel Aviv, Pavilion (Bitan) 2",Tel Aviv,Israel,21:57,2:58,27,,Offer Nissim Feat. Yael Bar Zohar,Desert Star 2025,Live Performance,SONG_0300,Offer Nissim Feat. Yael Bar Zohar - Desert Star 2025 - Live Performance,high,
purim_2025,Offer Nissim Purim Concert,2025-03-15,"Expo Tel Aviv, Pavilion (Bitan) 2",Tel Aviv,Israel,21:57,2:58,28,,Ran Danker,Malkat Harahava,Offer Nissim Remix,SONG_0201,Ran Danker - Malkat Harahava - Offer Nissim Remix,high,
purim_2025,Offer Nissim Purim Concert,2025-03-15,"Expo Tel Aviv, Pavilion (Bitan) 2",Tel Aviv,Israel,21:57,2:58,29,,Offer Nissim,Saturday Night,,SONG_0275,Offer Nissim - Saturday Night,high,
purim_2025,Offer Nissim Purim Concert,2025-03-15,"Expo Tel Aviv, Pavilion (Bitan) 2",Tel Aviv,Israel,21:57,2:58,30,,Offer Nissim Feat. Eyal Golan,Eshal,Show Mix,SONG_0167,Offer Nissim Feat. Eyal Golan - ESHAL - Show Mix,high,
purim_2025,Offer Nissim Purim Concert,2025-03-15,"Expo Tel Aviv, Pavilion (Bitan) 2",Tel Aviv,Israel,21:57,2:58,31,,Offer Nissim X Ofra Haza,Adagio,,SONG_0261,Offer Nissim X Ofra Haza - Adagio,high,
purim_2025,Offer Nissim Purim Concert,2025-03-15,"Expo Tel Aviv, Pavilion (Bitan) 2",Tel Aviv,Israel,21:57,2:58,32,,Offer Nissim Feat. Dana International,We Can Make It,,SONG_0048,Offer Nissim Feat. Dana International - We Can Make It,high,
purim_2025,Offer Nissim Purim Concert,2025-03-15,"Expo Tel Aviv, Pavilion (Bitan) 2",Tel Aviv,Israel,21:57,2:58,33,,Offer Nissim,Little Space,,SONG_0301,Offer Nissim - Little Space,high,
purim_2025,Offer Nissim Purim Concert,2025-03-15,"Expo Tel Aviv, Pavilion (Bitan) 2",Tel Aviv,Israel,21:57,2:58,34,,Eliran Halevy,Excited,,SONG_0302,Eliran Halevy -  EXCITED,high,
purim_2025,Offer Nissim Purim Concert,2025-03-15,"Expo Tel Aviv, Pavilion (Bitan) 2",Tel Aviv,Israel,21:57,2:58,35,,Melodic,Badman,,SONG_0303,Melodic - Badman,high,
purim_2025,Offer Nissim Purim Concert,2025-03-15,"Expo Tel Aviv, Pavilion (Bitan) 2",Tel Aviv,Israel,21:57,2:58,36,,Eliran Halevy,So Good,,SONG_0290,Eliran Halevy - So Good,high,
purim_2025,Offer Nissim Purim Concert,2025-03-15,"Expo Tel Aviv, Pavilion (Bitan) 2",Tel Aviv,Israel,21:57,2:58,37,,Vali,Ain't No Friend Of Mine,Offer Nissim Remix,SONG_0029,Vali - Ain't No Friend Of Mine - Offer Nissim Remix,high,
purim_2025,Offer Nissim Purim Concert,2025-03-15,"Expo Tel Aviv, Pavilion (Bitan) 2",Tel Aviv,Israel,21:57,2:58,38,,Deborah Cox,Everybody Dance,Show Mix,SONG_0180,Deborah Cox - Everybody Dance - Show Mix,high,
purim_2025,Offer Nissim Purim Concert,2025-03-15,"Expo Tel Aviv, Pavilion (Bitan) 2",Tel Aviv,Israel,21:57,2:58,39,,Deborah Cox,Easy As Life,Show Mix,SONG_0083,Deborah Cox - Easy As Life - Show Mix,high,
purim_2025,Offer Nissim Purim Concert,2025-03-15,"Expo Tel Aviv, Pavilion (Bitan) 2",Tel Aviv,Israel,21:57,2:58,40,,Angie Stone,Wish I Didn't Miss You,Offer Nissim Remix,SONG_0106,Angie Stone - Wish I Didn't Miss You - Offer Nissim Remix,high,
purim_2025,Offer Nissim Purim Concert,2025-03-15,"Expo Tel Aviv, Pavilion (Bitan) 2",Tel Aviv,Israel,21:57,2:58,41,,Offer Nissim Presents Ilan Peled,Whore Machine,,SONG_0304,Offer Nissim Presents: Ilan Peled - Whore Machine,high,Artist normalized: 'Offer Nissim Presents: Ilan Peled' -> 'Offer Nissim Presents Ilan Peled'
purim_2025,Offer Nissim Purim Concert,2025-03-15,"Expo Tel Aviv, Pavilion (Bitan) 2",Tel Aviv,Israel,21:57,2:58,42,,Offer Nissim Feat. Magi Azarzar,Titragel Ita,Live Performance,SONG_0305,Offer Nissim Feat. Magi Azarzar - TITRAGEL ITA - Live Performance,high,
purim_2025,Offer Nissim Purim Concert,2025-03-15,"Expo Tel Aviv, Pavilion (Bitan) 2",Tel Aviv,Israel,21:57,2:58,43,,Madonna,Living For Love,Offer Nissim Remix,SONG_0152,Madonna - Living For Love - Offer Nissim Remix,high,
purim_2025,Offer Nissim Purim Concert,2025-03-15,"Expo Tel Aviv, Pavilion (Bitan) 2",Tel Aviv,Israel,21:57,2:58,44,,Ivana Lola Feat. AC & GetFar,Don't You Hide (L.I.B.),Offer Nissim Remix,SONG_0121,Ivana Lola Feat. AC & GetFar - Don't You Hide (L.I.B.) - Offer Nissim Remix,high,
purim_2025,Offer Nissim Purim Concert,2025-03-15,"Expo Tel Aviv, Pavilion (Bitan) 2",Tel Aviv,Israel,21:57,2:58,45,,Lara Fabian,Growing Wings,Offer Nissim Remix,SONG_0005,Lara Fabian - Growing Wings - Offer Nissim Remix,high,
purim_2025,Offer Nissim Purim Concert,2025-03-15,"Expo Tel Aviv, Pavilion (Bitan) 2",Tel Aviv,Israel,21:57,2:58,46,,Offer Nissim,Africa,,SONG_0077,Offer Nissim - Africa,high,
purim_2025,Offer Nissim Purim Concert,2025-03-15,"Expo Tel Aviv, Pavilion (Bitan) 2",Tel Aviv,Israel,21:57,2:58,47,,Offer Nissim,Osa Osa,,SONG_0078,Offer Nissim - Osa Osa,high,
purim_2025,Offer Nissim Purim Concert,2025-03-15,"Expo Tel Aviv, Pavilion (Bitan) 2",Tel Aviv,Israel,21:57,2:58,48,,Offer Nissim X Tair Haim,Laila,,SONG_0166,Offer Nissim X Tair Haim - Laila,high,
purim_2025,Offer Nissim Purim Concert,2025-03-15,"Expo Tel Aviv, Pavilion (Bitan) 2",Tel Aviv,Israel,21:57,2:58,49,,Offer Nissim X Rinat Bar,Mushlemet Im Srita,Live Performance,SONG_0306,Offer Nissim X Rinat Bar - Mushlemet Im Srita - Live Performance,high,
purim_2025,Offer Nissim Purim Concert,2025-03-15,"Expo Tel Aviv, Pavilion (Bitan) 2",Tel Aviv,Israel,21:57,2:58,50,,Offer Nissim Feat. Meital De Razon,Like This Like That,,SONG_0160,"Offer Nissim Feat. Meital De Razon - Like This, Like That",high,
purim_2025,Offer Nissim Purim Concert,2025-03-15,"Expo Tel Aviv, Pavilion (Bitan) 2",Tel Aviv,Israel,21:57,2:58,51,,Offer Nissim Feat. Maya Simantov,Everybody Needs A Man,,SONG_0032,Offer Nissim Feat. Maya Simantov - Everybody Needs A Man,high,
purim_2025,Offer Nissim Purim Concert,2025-03-15,"Expo Tel Aviv, Pavilion (Bitan) 2",Tel Aviv,Israel,21:57,2:58,52,,MNEK,"At Night, I Think About You",Offer Nissim Remix,SONG_0151,"MNEK - At Night , I Think About You - Offer Nissim Remix",high,
purim_2025,Offer Nissim Purim Concert,2025-03-15,"Expo Tel Aviv, Pavilion (Bitan) 2",Tel Aviv,Israel,21:57,2:58,53,,Offer Nissim Feat. Maya Simantov,Who Is She,Live Performance,SONG_0307,Offer Nissim Feat. Maya Simantov - Who is She - Live Performance,high,
purim_2025,Offer Nissim Purim Concert,2025-03-15,"Expo Tel Aviv, Pavilion (Bitan) 2",Tel Aviv,Israel,21:57,2:58,54,,Offer Nissim Feat. Maya Simantov,Alone,2025 Dub Mix,SONG_0172,Offer Nissim Feat. Maya Simantov - Alone - 2025 Dub Mix,high,
purim_2025,Offer Nissim Purim Concert,2025-03-15,"Expo Tel Aviv, Pavilion (Bitan) 2",Tel Aviv,Israel,21:57,2:58,55,,Ivri Lider Feat. Rita,Cinderella Rockefella,Offer Nissim The Chin Mix,SONG_0205,Ivri Lider Feat. Rita - Cinderella Rockefella - Offer Nissim The Chin Mix,high,
purim_2025,Offer Nissim Purim Concert,2025-03-15,"Expo Tel Aviv, Pavilion (Bitan) 2",Tel Aviv,Israel,21:57,2:58,56,,The KLF,What Time Is Love,Offer Nissim Remix,SONG_0199,The KLF - What Time Is Love - Offer Nissim Remix,high,
purim_2025,Offer Nissim Purim Concert,2025-03-15,"Expo Tel Aviv, Pavilion (Bitan) 2",Tel Aviv,Israel,21:57,2:58,57,,Offer Nissim Feat. Ninet,Human,Trance Version,SONG_0308,Offer Nissim Feat. Ninet – Human - Trance Version,high,
purim_2025,Offer Nissim Purim Concert,2025-03-15,"Expo Tel Aviv, Pavilion (Bitan) 2",Tel Aviv,Israel,21:57,2:58,58,,Offer Nissim,Completely Yourself,,SONG_0045,Offer Nissim - Completely Yourself,high,
pride_tel_aviv_2025,Offer Nissim Pride Tel Aviv,2025-07-05,Park Hayarkon,Tel Aviv,Israel,18:46,22:59,1,,ABBA,Summer Night City,Offer Nissim Pride 2025 Remix,SONG_0309,ABBA - Summer Night City - Offer Nissim Pride 2025 Remix,high,
pride_tel_aviv_2025,Offer Nissim Pride Tel Aviv,2025-07-05,Park Hayarkon,Tel Aviv,Israel,18:46,22:59,2,,Kim Wilde,Loved,Offer Nissim Remix,SONG_0059,Kim Wilde - Loved - Offer Nissim Remix,high,
pride_tel_aviv_2025,Offer Nissim Pride Tel Aviv,2025-07-05,Park Hayarkon,Tel Aviv,Israel,18:46,22:59,3,,Offer Nissim Feat. Epiphony,Heaven In Your Eyes,AVICII Tribute,SONG_0125,Offer Nissim Feat. Epiphony - Heaven In Your Eyes - AVICII Tribute,high,
pride_tel_aviv_2025,Offer Nissim Pride Tel Aviv,2025-07-05,Park Hayarkon,Tel Aviv,Israel,18:46,22:59,4,,Offer Nissim X Ofra Haza,Adagio,,SONG_0261,Offer Nissim X Ofra Haza - Adagio,high,
pride_tel_aviv_2025,Offer Nissim Pride Tel Aviv,2025-07-05,Park Hayarkon,Tel Aviv,Israel,18:46,22:59,5,,Offer Nissim,Bombay,,SONG_0146,Offer Nissim - Bombay,high,
pride_tel_aviv_2025,Offer Nissim Pride Tel Aviv,2025-07-05,Park Hayarkon,Tel Aviv,Israel,18:46,22:59,6,,Michelle Obama All-Star Girl Power Anthem,This Is For My Girls,Offer Nissim Remix,SONG_0069,Michelle Obama All-Star Girl Power Anthem - This Is for My Girls - Offer Nissim Remix,high,
pride_tel_aviv_2025,Offer Nissim Pride Tel Aviv,2025-07-05,Park Hayarkon,Tel Aviv,Israel,18:46,22:59,7,,Offer Nissim,Move Your Body,,SONG_0174,Offer Nissim - Move Your Body,high,
pride_tel_aviv_2025,Offer Nissim Pride Tel Aviv,2025-07-05,Park Hayarkon,Tel Aviv,Israel,18:46,22:59,8,,Offer Nissim,I Want Muscles,,SONG_0190,Offer Nissim - I Want Muscles,high,
pride_tel_aviv_2025,Offer Nissim Pride Tel Aviv,2025-07-05,Park Hayarkon,Tel Aviv,Israel,18:46,22:59,9,,Offer Nissim X Riki Ben-Ari,Slay,Live Performance,SONG_0310,Offer Nissim x Riki Ben-Ari - Slay - Live Performance,high,Artist normalized: 'Offer Nissim x Riki Ben-Ari' -> 'Offer Nissim X Riki Ben-Ari'
pride_tel_aviv_2025,Offer Nissim Pride Tel Aviv,2025-07-05,Park Hayarkon,Tel Aviv,Israel,18:46,22:59,10,,Offer Nissim,California Dreaming,,SONG_0311,Offer Nissim - California Dreaming,high,
pride_tel_aviv_2025,Offer Nissim Pride Tel Aviv,2025-07-05,Park Hayarkon,Tel Aviv,Israel,18:46,22:59,11,,Offer Nissim,Raise Me Up,,SONG_0295,Offer Nissim - Raise Me Up,high,
pride_tel_aviv_2025,Offer Nissim Pride Tel Aviv,2025-07-05,Park Hayarkon,Tel Aviv,Israel,18:46,22:59,12,,Offer Nissim,When I Come Alive,,SONG_0264,Offer Nissim - When I Come Alive,high,
pride_tel_aviv_2025,Offer Nissim Pride Tel Aviv,2025-07-05,Park Hayarkon,Tel Aviv,Israel,18:46,22:59,13,,Offer Nissim X Eden Golan,Pieces,,SONG_0296,Offer Nissim X Eden Golan - Pieces,high,
pride_tel_aviv_2025,Offer Nissim Pride Tel Aviv,2025-07-05,Park Hayarkon,Tel Aviv,Israel,18:46,22:59,14,,Offer Nissim,How Deep Is Your Love,,SONG_0263,Offer Nissim - How Deep Is Your Love,high,
pride_tel_aviv_2025,Offer Nissim Pride Tel Aviv,2025-07-05,Park Hayarkon,Tel Aviv,Israel,18:46,22:59,15,,Aretha Franklin,Rolling In The Deep,Offer Nissim Remix,SONG_0087,Aretha Franklin - Rolling In The Deep - Offer Nissim Remix,high,
pride_tel_aviv_2025,Offer Nissim Pride Tel Aviv,2025-07-05,Park Hayarkon,Tel Aviv,Israel,18:46,22:59,16,,Amelia Lily,You Bring Me Joy,Offer Nissim Remix,SONG_0020,Amelia Lily - You Bring Me Joy - Offer Nissim Remix,high,
pride_tel_aviv_2025,Offer Nissim Pride Tel Aviv,2025-07-05,Park Hayarkon,Tel Aviv,Israel,18:46,22:59,17,,Offer Nissim Feat. Magi Azarzar,Titragel Ita,,SONG_0305,Offer Nissim Feat. Magi Azarzar - TITRAGEL ITA,high,
pride_tel_aviv_2025,Offer Nissim Pride Tel Aviv,2025-07-05,Park Hayarkon,Tel Aviv,Israel,18:46,22:59,18,,Offer Nissim Feat. Ilan Peled,Tac Oh Tertako,Live Performance,SONG_0312,Offer Nissim Feat. Ilan Peled - Tac Oh Tertako - Live Performance,high,
pride_tel_aviv_2025,Offer Nissim Pride Tel Aviv,2025-07-05,Park Hayarkon,Tel Aviv,Israel,18:46,22:59,19,,Offer Nissim,Haw Haw,,SONG_0313,Offer Nissim - Haw Haw,high,
pride_tel_aviv_2025,Offer Nissim Pride Tel Aviv,2025-07-05,Park Hayarkon,Tel Aviv,Israel,18:46,22:59,20,,Offer Nissim,Toro,,SONG_0262,Offer Nissim - Toro,high,
pride_tel_aviv_2025,Offer Nissim Pride Tel Aviv,2025-07-05,Park Hayarkon,Tel Aviv,Israel,18:46,22:59,21,,Offer Nissim Feat. Maya Simantov,I'm In Love,,SONG_0033,Offer Nissim Feat. Maya Simantov - I'm In Love,high,
pride_tel_aviv_2025,Offer Nissim Pride Tel Aviv,2025-07-05,Park Hayarkon,Tel Aviv,Israel,18:46,22:59,22,,Offer Nissim Feat. Maya Simantov,Cuando,,SONG_0193,Offer Nissim Feat. Maya Simantov - Cuando,high,
pride_tel_aviv_2025,Offer Nissim Pride Tel Aviv,2025-07-05,Park Hayarkon,Tel Aviv,Israel,18:46,22:59,23,,Suzanne Palmer,Home,Offer Nissim Remix - Part 1,SONG_0231,Suzanne Palmer - Home - Offer Nissim Remix - Part 1,high,
pride_tel_aviv_2025,Offer Nissim Pride Tel Aviv,2025-07-05,Park Hayarkon,Tel Aviv,Israel,18:46,22:59,24,,Britney Meets Hollywood,Gimme More And More,Offer Nissim Remix,SONG_0054,Britney Meets Hollywood - Gimme More And More - Offer Nissim Remix,high,
pride_tel_aviv_2025,Offer Nissim Pride Tel Aviv,2025-07-05,Park Hayarkon,Tel Aviv,Israel,18:46,22:59,25,,Offer Nissim,Rose,,SONG_0284,Offer Nissim - ROSE,high,
pride_tel_aviv_2025,Offer Nissim Pride Tel Aviv,2025-07-05,Park Hayarkon,Tel Aviv,Israel,18:46,22:59,26,,Dana International,Ahlah Gever,Offer Nissim Remix,SONG_0240,Dana International - Ahlah Gever - Offer Nissim,high,Source reads only 'Offer Nissim' after the title; it is the Offer Nissim Remix - confirmed by archive owner.
pride_tel_aviv_2025,Offer Nissim Pride Tel Aviv,2025-07-05,Park Hayarkon,Tel Aviv,Israel,18:46,22:59,27,,Offer Nissim X Eden Hason,LOVE IS LOVE,Live Performance,SONG_0314,Offer Nissim X Eden Hason - LOVE IS LOVE - Live Performance,high,
pride_tel_aviv_2025,Offer Nissim Pride Tel Aviv,2025-07-05,Park Hayarkon,Tel Aviv,Israel,18:46,22:59,28,,Sarit Hadad,Ze She'shomer Alay,Offer Nissim Remix,SONG_0011,Sarit Hadad - Ze Sheshomer Alay - Offer Nissim Remix,high,
pride_tel_aviv_2025,Offer Nissim Pride Tel Aviv,2025-07-05,Park Hayarkon,Tel Aviv,Israel,18:46,22:59,29,,Offer Nissim Feat. Meital De Razon,Like This Like That,,SONG_0160,"Offer Nissim Feat. Meital De Razon - Like This, Like That",high,
pride_tel_aviv_2025,Offer Nissim Pride Tel Aviv,2025-07-05,Park Hayarkon,Tel Aviv,Israel,18:46,22:59,30,,Eliran Halevy,Excited,,SONG_0302,Eliran Halevy -  EXCITED,high,
pride_tel_aviv_2025,Offer Nissim Pride Tel Aviv,2025-07-05,Park Hayarkon,Tel Aviv,Israel,18:46,22:59,31,,Offer Nissim,XTC,,SONG_0315,Offer Nissim - XTC,high,
pride_tel_aviv_2025,Offer Nissim Pride Tel Aviv,2025-07-05,Park Hayarkon,Tel Aviv,Israel,18:46,22:59,32,,Eliran Halevy,So Good,,SONG_0290,Eliran Halevy - So Good,high,
pride_tel_aviv_2025,Offer Nissim Pride Tel Aviv,2025-07-05,Park Hayarkon,Tel Aviv,Israel,18:46,22:59,33,,Offer Nissim,Can You Feel It,,SONG_0265,Offer Nissim - Can You Feel It,high,
pride_tel_aviv_2025,Offer Nissim Pride Tel Aviv,2025-07-05,Park Hayarkon,Tel Aviv,Israel,18:46,22:59,34,,Madonna,Ghosttown,Offer Nissim Remix,SONG_0316,Madonna - Ghosttown - Offer Nissim Remix,high,
pride_tel_aviv_2025,Offer Nissim Pride Tel Aviv,2025-07-05,Park Hayarkon,Tel Aviv,Israel,18:46,22:59,35,,Offer Nissim Feat. Nikka,Never See Me Again,,SONG_0292,Offer Nissim Feat. Nikka - Never See Me Again,high,
pride_tel_aviv_2025,Offer Nissim Pride Tel Aviv,2025-07-05,Park Hayarkon,Tel Aviv,Israel,18:46,22:59,36,,Cher,Gimme! Gimme! Gimme! (A Man After Midnight),Offer Nissim Needs a Man Remix,SONG_0031,Cher - Gimme! Gimme! Gimme! - Offer Nissim Needs a Man Remix,high,Title spelling normalized: 'Gimme! Gimme! Gimme!' -> 'Gimme! Gimme! Gimme! (A Man After Midnight)'
pride_tel_aviv_2025,Offer Nissim Pride Tel Aviv,2025-07-05,Park Hayarkon,Tel Aviv,Israel,18:46,22:59,37,,Offer Nissim X Amir Haddad,Encore,Show Mix - Live Performance,SONG_0317,Offer Nissim X Amir Haddad - Encore - Show Mix - Live Performance,high,
pride_tel_aviv_2025,Offer Nissim Pride Tel Aviv,2025-07-05,Park Hayarkon,Tel Aviv,Israel,18:46,22:59,38,,Offer Nissim X Amir Haddad,Désenchantée,2025 - Live Performance,SONG_0202,Offer Nissim X Amir Haddad - De'senchante'e 2025 - Live Performance,high,Apostrophes in source stand in for accents; same song as 'Offer Nissim Presents: Amir Haddad - Désenchantée' (Mylene Farmer cover).
pride_tel_aviv_2025,Offer Nissim Pride Tel Aviv,2025-07-05,Park Hayarkon,Tel Aviv,Israel,18:46,22:59,39,,Offer Nissim Feat. Maya Simantov,Everybody Needs A Man,,SONG_0032,Offer Nissim Feat. Maya Simantov - Everybody Needs A Man,high,
pride_tel_aviv_2025,Offer Nissim Pride Tel Aviv,2025-07-05,Park Hayarkon,Tel Aviv,Israel,18:46,22:59,40,,Offer Nissim Feat. Ania Bukstein,Rokedet,,SONG_0034,Offer Nissim Feat. Ania Bukstein - ROKEDET,high,
pride_tel_aviv_2025,Offer Nissim Pride Tel Aviv,2025-07-05,Park Hayarkon,Tel Aviv,Israel,18:46,22:59,41,,Offer Nissim Feat. Maya Simantov,Come Out,,SONG_0076,Offer Nissim Feat. Maya Simantov - Come Out,high,
pride_tel_aviv_2025,Offer Nissim Pride Tel Aviv,2025-07-05,Park Hayarkon,Tel Aviv,Israel,18:46,22:59,42,,Offer Nissim Feat. Fairuz,Eastern Drums,,SONG_0318,Offer Nissim Feat. Fairuz - Eastern Drums,high,
pride_tel_aviv_2025,Offer Nissim Pride Tel Aviv,2025-07-05,Park Hayarkon,Tel Aviv,Israel,18:46,22:59,43,,Offer Nissim X Ninet,Human,Live Performance,SONG_0308,Offer Nissim X Ninet - Human - Live Performance,high,
pride_tel_aviv_2025,Offer Nissim Pride Tel Aviv,2025-07-05,Park Hayarkon,Tel Aviv,Israel,18:46,22:59,44,,Ninet,Kacha Ze,Offer Nissim Show Mix - Live Performance,SONG_0319,Ninet - Kacha Ze - Offer Nissim Show Mix - Live Performance,high,
pride_tel_aviv_2025,Offer Nissim Pride Tel Aviv,2025-07-05,Park Hayarkon,Tel Aviv,Israel,18:46,22:59,45,,Kristine W.,Be Alright,Offer Nissim Intro Remix,SONG_0132,Kristine W - Be Alright - Offer Nissim Intro Remix,high,Artist normalized: 'Kristine W' -> 'Kristine W.'
pride_tel_aviv_2025,Offer Nissim Pride Tel Aviv,2025-07-05,Park Hayarkon,Tel Aviv,Israel,18:46,22:59,46,,Rui Da Silva,Touch Me,Offer Nissim Remix,SONG_0320,Rui Da Silva - Touch Me - Offer Nissim Remix,high,
pride_tel_aviv_2025,Offer Nissim Pride Tel Aviv,2025-07-05,Park Hayarkon,Tel Aviv,Israel,18:46,22:59,47,,Frank Sinatra,The World We Knew,Over And Over - Offer Nissim Remix,SONG_0271,Frank Sinatra - The World We Know - Over And Over - Offer Nissim Remix,high,"Source typo 'Know' for 'Knew'; 'Over And Over' is the song's subtitle, kept in version field as written."
pride_tel_aviv_2025,Offer Nissim Pride Tel Aviv,2025-07-05,Park Hayarkon,Tel Aviv,Israel,18:46,22:59,48,,Offer Nissim Feat. Maya Simantov,Bridges,Live Performance,SONG_0321,Offer Nissim Feat. Maya Simantov - BRIDGES - Live Performance,high,
pride_tel_aviv_2025,Offer Nissim Pride Tel Aviv,2025-07-05,Park Hayarkon,Tel Aviv,Israel,18:46,22:59,49,,Offer Nissim Feat. Maya Simantov,Tel Aviv,,SONG_0042,Offer Nissim Feat. Maya Simantov - Tel Aviv,high,
pride_tel_aviv_2025,Offer Nissim Pride Tel Aviv,2025-07-05,Park Hayarkon,Tel Aviv,Israel,18:46,22:59,50,,Offer Nissim,Completely Yourself,,SONG_0045,Offer Nissim - Completely Yourself,high,
hanukkah_2025,Offer Nissim Hanukkah - Light Up The Night,2025-12-20,"Expo Tel Aviv, Pavilion (Bitan) 1",Tel Aviv,Israel,21:47,2:55,1,,Offer Nissim,Let Me Tell You Something,,SONG_0322,Offer Nissim - Let Me Tell You Something,high,
hanukkah_2025,Offer Nissim Hanukkah - Light Up The Night,2025-12-20,"Expo Tel Aviv, Pavilion (Bitan) 1",Tel Aviv,Israel,21:47,2:55,2,,Donna Summer,Sometimes Like Butterflies,Offer Nissim Remix,SONG_0323,Donna Summer - Sometimes Like Butterflies - Offer Nissim Remix,high,
hanukkah_2025,Offer Nissim Hanukkah - Light Up The Night,2025-12-20,"Expo Tel Aviv, Pavilion (Bitan) 1",Tel Aviv,Israel,21:47,2:55,3,,Offer Nissim,Naked In The Rain,,SONG_0324,Offer Nissim - Naked In The Rain,high,
hanukkah_2025,Offer Nissim Hanukkah - Light Up The Night,2025-12-20,"Expo Tel Aviv, Pavilion (Bitan) 1",Tel Aviv,Israel,21:47,2:55,4,,Offer Nissim Feat. Maya Simantov,Rain,,SONG_0325,Offer Nissim Feat. Maya Simantov - Rain,high,
hanukkah_2025,Offer Nissim Hanukkah - Light Up The Night,2025-12-20,"Expo Tel Aviv, Pavilion (Bitan) 1",Tel Aviv,Israel,21:47,2:55,5,,Offer Nissim,Esther,,SONG_0002,Offer Nissim - Esther,high,
hanukkah_2025,Offer Nissim Hanukkah - Light Up The Night,2025-12-20,"Expo Tel Aviv, Pavilion (Bitan) 1",Tel Aviv,Israel,21:47,2:55,6,,Offer Nissim,Found Love,,SONG_0326,Offer Nissim - Found Love,high,
hanukkah_2025,Offer Nissim Hanukkah - Light Up The Night,2025-12-20,"Expo Tel Aviv, Pavilion (Bitan) 1",Tel Aviv,Israel,21:47,2:55,7,,Offer Nissim Feat. Yael Bar Zohar,Desert Star 2025,,SONG_0300,Offer Nissim Feat. Yael Bar Zohar - Desert Star 2025,high,
hanukkah_2025,Offer Nissim Hanukkah - Light Up The Night,2025-12-20,"Expo Tel Aviv, Pavilion (Bitan) 1",Tel Aviv,Israel,21:47,2:55,8,,Brothers In Rhythm,Such A Good Feeling,Offer Nissim Remix,SONG_0050,Brothers in Rhythm - Such a Good Feeling - Offer Nissim Remix,high,Artist normalized: 'Brothers in Rhythm' -> 'Brothers In Rhythm'
hanukkah_2025,Offer Nissim Hanukkah - Light Up The Night,2025-12-20,"Expo Tel Aviv, Pavilion (Bitan) 1",Tel Aviv,Israel,21:47,2:55,9,,Anita Meyer,Why Tell Me Why,Offer Nissim Remix,SONG_0055,Anita Meyer - Why Tell Me Why - Offer Nissim Remix,high,
hanukkah_2025,Offer Nissim Hanukkah - Light Up The Night,2025-12-20,"Expo Tel Aviv, Pavilion (Bitan) 1",Tel Aviv,Israel,21:47,2:55,10,,Offer Nissim X Yuval Raphael,Eagle,Show Mix,SONG_0327,Offer Nissim X Yuval Raphael - Eagle - Show Mix,high,
hanukkah_2025,Offer Nissim Hanukkah - Light Up The Night,2025-12-20,"Expo Tel Aviv, Pavilion (Bitan) 1",Tel Aviv,Israel,21:47,2:55,11,,Offer Nissim Feat. Maya Simantov,Perfect Love,,SONG_0041,Offer Nissim Feat. Maya Simantov - Perfect Love,high,
hanukkah_2025,Offer Nissim Hanukkah - Light Up The Night,2025-12-20,"Expo Tel Aviv, Pavilion (Bitan) 1",Tel Aviv,Israel,21:47,2:55,12,,Offer Nissim,Studio 54,,SONG_0143,Offer Nissim - Studio 54,high,
hanukkah_2025,Offer Nissim Hanukkah - Light Up The Night,2025-12-20,"Expo Tel Aviv, Pavilion (Bitan) 1",Tel Aviv,Israel,21:47,2:55,13,,Offer Nissim Feat. Maya Simantov,Like There Is No Tomorrow,,SONG_0142,Offer Nissim Feat. Maya Simantov - Like There Is No Tomorrow,high,
hanukkah_2025,Offer Nissim Hanukkah - Light Up The Night,2025-12-20,"Expo Tel Aviv, Pavilion (Bitan) 1",Tel Aviv,Israel,21:47,2:55,14,,Offer Nissim,XTC,,SONG_0315,Offer Nissim - XTC,high,
hanukkah_2025,Offer Nissim Hanukkah - Light Up The Night,2025-12-20,"Expo Tel Aviv, Pavilion (Bitan) 1",Tel Aviv,Israel,21:47,2:55,15,,Offer Nissim Feat. Meital De Razon,Like This Like That,,SONG_0160,"Offer Nissim Feat. Meital De Razon - Like This, Like That",high,
hanukkah_2025,Offer Nissim Hanukkah - Light Up The Night,2025-12-20,"Expo Tel Aviv, Pavilion (Bitan) 1",Tel Aviv,Israel,21:47,2:55,16,,Offer Nissim Feat. Betty,Kol Doudi,,SONG_0157,Offer Nissim Feat. Betty - Kol Doudi,high,
hanukkah_2025,Offer Nissim Hanukkah - Light Up The Night,2025-12-20,"Expo Tel Aviv, Pavilion (Bitan) 1",Tel Aviv,Israel,21:47,2:55,17,,Offer Nissim X Margol & Or Ben David,Pgisha,,SONG_0285,Offer Nissim x Margol & Or Ben David - Pgisha,high,Artist normalized: 'Offer Nissim x Margol & Or Ben David' -> 'Offer Nissim X Margol & Or Ben David'
hanukkah_2025,Offer Nissim Hanukkah - Light Up The Night,2025-12-20,"Expo Tel Aviv, Pavilion (Bitan) 1",Tel Aviv,Israel,21:47,2:55,18,,Offer Nissim Feat. Eyal Golan,Eshal,Show Mix,SONG_0167,Offer Nissim Feat. Eyal Golan - ESHAL - Show Mix,high,
hanukkah_2025,Offer Nissim Hanukkah - Light Up The Night,2025-12-20,"Expo Tel Aviv, Pavilion (Bitan) 1",Tel Aviv,Israel,21:47,2:55,19,,Offer Nissim Feat. The Israeli Opera,Hymns To God,,SONG_0060,Offer Nissim Feat. The Israeli Opera - Hymns To God,high,
hanukkah_2025,Offer Nissim Hanukkah - Light Up The Night,2025-12-20,"Expo Tel Aviv, Pavilion (Bitan) 1",Tel Aviv,Israel,21:47,2:55,20,,Deborah Cox,Everybody Dance,Show Mix,SONG_0180,Deborah Cox - Everybody Dance - Show Mix,high,
hanukkah_2025,Offer Nissim Hanukkah - Light Up The Night,2025-12-20,"Expo Tel Aviv, Pavilion (Bitan) 1",Tel Aviv,Israel,21:47,2:55,21,,Offer Nissim Feat. Maya Simantov,Turn The Beat Around,Show Mix,SONG_0328,Offer Nissim Feat Maya Simantov - Turn The Beat Around - Show Mix,high,Artist normalized: 'Offer Nissim Feat Maya Simantov' -> 'Offer Nissim Feat. Maya Simantov'
hanukkah_2025,Offer Nissim Hanukkah - Light Up The Night,2025-12-20,"Expo Tel Aviv, Pavilion (Bitan) 1",Tel Aviv,Israel,21:47,2:55,22,,Offer Nissim Feat. Riki Ben-Ari,Light My Fire,,SONG_0119,Offer Nissim Feat Riki Ben-Ari - Light My Fire,high,Artist normalized: 'Offer Nissim Feat Riki Ben-Ari' -> 'Offer Nissim Feat. Riki Ben-Ari'
hanukkah_2025,Offer Nissim Hanukkah - Light Up The Night,2025-12-20,"Expo Tel Aviv, Pavilion (Bitan) 1",Tel Aviv,Israel,21:47,2:55,23,,Offer Nissim Feat. Magi Azarzar,Titragel Ita,,SONG_0305,Offer Nissim Feat. Magi Azarzar - TRITAGEL EITA,high,Title spelling normalized: 'TRITAGEL EITA' -> 'Titragel Ita'
hanukkah_2025,Offer Nissim Hanukkah - Light Up The Night,2025-12-20,"Expo Tel Aviv, Pavilion (Bitan) 1",Tel Aviv,Israel,21:47,2:55,24,,Offer Nissim Presents Nina Hagen,New York New York,,SONG_0236,Offer Nissim  Presents Nina Hagen -  New York New York,high,Artist normalized: 'Offer Nissim  Presents Nina Hagen' -> 'Offer Nissim Presents Nina Hagen'
hanukkah_2025,Offer Nissim Hanukkah - Light Up The Night,2025-12-20,"Expo Tel Aviv, Pavilion (Bitan) 1",Tel Aviv,Israel,21:47,2:55,25,,Suzanne Palmer,Eye Can See U,Offer Nissim Remix,SONG_0280,Suzanne Palmer - Eye Can See U - Offer Nissim Remix,high,Corrected 26.09.2026: Official title is 'Eye Can See U' (Discogs); earlier normalization to 'Eye Can See You' reversed
hanukkah_2025,Offer Nissim Hanukkah - Light Up The Night,2025-12-20,"Expo Tel Aviv, Pavilion (Bitan) 1",Tel Aviv,Israel,21:47,2:55,26,,Danny Tenaglia,Music Is The Answer,Eliran Halevy Remix,SONG_0329,Danny Tenaglia - Music Is The Answer - Eliran Halevy Remix,high,
hanukkah_2025,Offer Nissim Hanukkah - Light Up The Night,2025-12-20,"Expo Tel Aviv, Pavilion (Bitan) 1",Tel Aviv,Israel,21:47,2:55,27,,Offer Nissim X Eliran Halevy,Circle,,SONG_0330,Offer Nissim X Eliran Halevy - Circle,high,
hanukkah_2025,Offer Nissim Hanukkah - Light Up The Night,2025-12-20,"Expo Tel Aviv, Pavilion (Bitan) 1",Tel Aviv,Israel,21:47,2:55,28,,Eliran Halevy,Excited,,SONG_0302,Eliran Halevy - EXCITED,high,
hanukkah_2025,Offer Nissim Hanukkah - Light Up The Night,2025-12-20,"Expo Tel Aviv, Pavilion (Bitan) 1",Tel Aviv,Israel,21:47,2:55,29,,Offer Nissim X Ofra Haza,Adagio,2025 Edit,SONG_0261,Offer Nissim X Ofra Haza - Adagio 2025 Edit,high,
hanukkah_2025,Offer Nissim Hanukkah - Light Up The Night,2025-12-20,"Expo Tel Aviv, Pavilion (Bitan) 1",Tel Aviv,Israel,21:47,2:55,30,,Rui Da Silva,Touch Me,Offer Nissim Remix,SONG_0320,Rui Da Silva - Touch Me - Offer Nissim Remix,high,
hanukkah_2025,Offer Nissim Hanukkah - Light Up The Night,2025-12-20,"Expo Tel Aviv, Pavilion (Bitan) 1",Tel Aviv,Israel,21:47,2:55,31,,Vanessa Paradis,Joe Le Taxi,Offer Nissim Remix,SONG_0074,Vanessa Paradis - Joe Le Taxi - Offer Nissim Remix,high,
hanukkah_2025,Offer Nissim Hanukkah - Light Up The Night,2025-12-20,"Expo Tel Aviv, Pavilion (Bitan) 1",Tel Aviv,Israel,21:47,2:55,32,,Offer Nissim,How Deep Is Your Love,,SONG_0263,Offer Nissim - How Deep Is Your Love,high,
hanukkah_2025,Offer Nissim Hanukkah - Light Up The Night,2025-12-20,"Expo Tel Aviv, Pavilion (Bitan) 1",Tel Aviv,Israel,21:47,2:55,33,,Offer Nissim Feat. Maya Simantov,Everybody Needs A Man,,SONG_0032,Offer Nissim Feat. Maya Simantov - Everybody Needs A Man,high,
hanukkah_2025,Offer Nissim Hanukkah - Light Up The Night,2025-12-20,"Expo Tel Aviv, Pavilion (Bitan) 1",Tel Aviv,Israel,21:47,2:55,34,,Offer Nissim & 2050,Reach Out,,SONG_0276,Offer Nissim & 2050 - Reach Out,high,
hanukkah_2025,Offer Nissim Hanukkah - Light Up The Night,2025-12-20,"Expo Tel Aviv, Pavilion (Bitan) 1",Tel Aviv,Israel,21:47,2:55,35,,Offer Nissim,Raise Me Up,,SONG_0295,Offer Nissim - Raise Me Up,high,
hanukkah_2025,Offer Nissim Hanukkah - Light Up The Night,2025-12-20,"Expo Tel Aviv, Pavilion (Bitan) 1",Tel Aviv,Israel,21:47,2:55,36,,Miri Mesika X Offer Nissim,Tizkor Oti,,SONG_0331,Miri Mesika X Offer Nissim - Tizkor Oti,high,
hanukkah_2025,Offer Nissim Hanukkah - Light Up The Night,2025-12-20,"Expo Tel Aviv, Pavilion (Bitan) 1",Tel Aviv,Israel,21:47,2:55,37,,Shoshana Damari,Adaa'in Kan,Offer Nissim Remix,SONG_0255,Shoshana Damari - Adaa'in Kan - Offer Nissim Remix,high,
hanukkah_2025,Offer Nissim Hanukkah - Light Up The Night,2025-12-20,"Expo Tel Aviv, Pavilion (Bitan) 1",Tel Aviv,Israel,21:47,2:55,38,,Paul Oakenfold,Southern Sun,Offer Nissim Remix,SONG_0073,Paul Oakenfold - Southern Sun - Offer Nissim Remix,high,
hanukkah_2025,Offer Nissim Hanukkah - Light Up The Night,2025-12-20,"Expo Tel Aviv, Pavilion (Bitan) 1",Tel Aviv,Israel,21:47,2:55,39,,Beyoncé,Deja Vu,Offer Nissim Remix,SONG_0332,Beyonce - Deja Vu - Offer Nissim Remix,high,Corrected 26.09.2026: Artist spelling: 'Beyonce' -> 'Beyoncé'
hanukkah_2025,Offer Nissim Hanukkah - Light Up The Night,2025-12-20,"Expo Tel Aviv, Pavilion (Bitan) 1",Tel Aviv,Israel,21:47,2:55,40,,Donna Summer & Barbra Streisand,Enough Is Enough,Offer Nissim Part B Remix,SONG_0084,Donna Summer & Barbra Streisand - Enough Is Enough - Offer Nissim Part B Remix,high,
hanukkah_2025,Offer Nissim Hanukkah - Light Up The Night,2025-12-20,"Expo Tel Aviv, Pavilion (Bitan) 1",Tel Aviv,Israel,21:47,2:55,41,,Aviv Geffen & Ella-Lee,Varod Mavrik,Offer Nissim Remix,SONG_0170,Aviv Geffen & Ella Lee - Varod Mavrik - Offer Nissim Remix,high,Artist normalized: 'Aviv Geffen & Ella Lee' -> 'Aviv Geffen & Ella-Lee'
hanukkah_2025,Offer Nissim Hanukkah - Light Up The Night,2025-12-20,"Expo Tel Aviv, Pavilion (Bitan) 1",Tel Aviv,Israel,21:47,2:55,42,,Offer Nissim Feat. Symphony X,I Close My Eyes,,SONG_0195,Offer Nissim Feat. Symphony X - I Close My Eyes,high,
hanukkah_2025,Offer Nissim Hanukkah - Light Up The Night,2025-12-20,"Expo Tel Aviv, Pavilion (Bitan) 1",Tel Aviv,Israel,21:47,2:55,43,,Offer Nissim Feat. Maya Simantov,Wish You Were Here,,SONG_0072,Offer Nissim Feat. Maya Simantov - I Wish You Were Here,high,Same song as Wish You Were Here - confirmed by archive owner (probable).
hanukkah_2025,Offer Nissim Hanukkah - Light Up The Night,2025-12-20,"Expo Tel Aviv, Pavilion (Bitan) 1",Tel Aviv,Israel,21:47,2:55,44,,"Duke Dumont, Clementine Douglas",Ain't Giving Up,Elad Navon Remix,SONG_0333,"Duke Dumont, Clementine Douglas - Ain't Giving Up - Elad Navon Remix",high,
hanukkah_2025,Offer Nissim Hanukkah - Light Up The Night,2025-12-20,"Expo Tel Aviv, Pavilion (Bitan) 1",Tel Aviv,Israel,21:47,2:55,45,,Shirley Bassey,La Passione,Offer Nissim Remix - Ofer Nachshon Tribute,SONG_0058,Shirley Bassey - La Passione - Offer Nissim Remix - Ofer Nachshon Tribute,high,
hanukkah_2025,Offer Nissim Hanukkah - Light Up The Night,2025-12-20,"Expo Tel Aviv, Pavilion (Bitan) 1",Tel Aviv,Israel,21:47,2:55,46,,Offer Nissim,Cha Cha Cha,Peter Rauhofer NYC Edit,SONG_0023,Offer Nissim - Cha Cha Cha - Peter Rauhofer's NYC Edit,high,Same track as 'Another Cha Cha' - confirmed by archive owner. | Corrected 03.10.2026: official title per Offer Nissim's release (Spotify / Beatport / Star 69 Records: 'Cha Cha Cha (Peter Rauhofer NYC Edit)')
hanukkah_2025,Offer Nissim Hanukkah - Light Up The Night,2025-12-20,"Expo Tel Aviv, Pavilion (Bitan) 1",Tel Aviv,Israel,21:47,2:55,47,,Offer Nissim Feat. Epiphony,Believe In Me,,SONG_0043,Offer Nissim Feat. Epiphony - Believe In Me,high,
hanukkah_2025,Offer Nissim Hanukkah - Light Up The Night,2025-12-20,"Expo Tel Aviv, Pavilion (Bitan) 1",Tel Aviv,Israel,21:47,2:55,48,,Dana International,Petra,Offer Nissim Remix,SONG_0099,Dana International - Petra - Offer Nissim Remix,high,
hanukkah_2025,Offer Nissim Hanukkah - Light Up The Night,2025-12-20,"Expo Tel Aviv, Pavilion (Bitan) 1",Tel Aviv,Israel,21:47,2:55,49,,Offer Nissim,Infected Love,,SONG_0173,Offer Nissim - Infected Love,high,
hanukkah_2025,Offer Nissim Hanukkah - Light Up The Night,2025-12-20,"Expo Tel Aviv, Pavilion (Bitan) 1",Tel Aviv,Israel,21:47,2:55,50,,Offer Nissim X Megaphonim,Super Spreader,,SONG_0334,Offer Nissim X Megaphonim - Super Spreader,high,
hanukkah_2025,Offer Nissim Hanukkah - Light Up The Night,2025-12-20,"Expo Tel Aviv, Pavilion (Bitan) 1",Tel Aviv,Israel,21:47,2:55,51,,Angie Stone,Wish I Didn't Miss You,Offer Nissim Remix,SONG_0106,Angie Stone - Wish I Didn't Miss You - Offer Nissim Remix,high,
hanukkah_2025,Offer Nissim Hanukkah - Light Up The Night,2025-12-20,"Expo Tel Aviv, Pavilion (Bitan) 1",Tel Aviv,Israel,21:47,2:55,52,,Offer Nissim,Rose,,SONG_0284,Offer Nissim - ROSE,high,
hanukkah_2025,Offer Nissim Hanukkah - Light Up The Night,2025-12-20,"Expo Tel Aviv, Pavilion (Bitan) 1",Tel Aviv,Israel,21:47,2:55,53,,Offer Nissim Feat. Ivana Lola,Love Again,,SONG_0335,Offer Nissim Feat. Ivana Lola - Love Again,high,
hanukkah_2025,Offer Nissim Hanukkah - Light Up The Night,2025-12-20,"Expo Tel Aviv, Pavilion (Bitan) 1",Tel Aviv,Israel,21:47,2:55,54,,Offer Nissim Feat. Maya Simantov,Miracle,Part B,SONG_0130,Offer Nissim Feat. Maya Simantov - Miracle Part B,high,Part B' appended to title.
hanukkah_2025,Offer Nissim Hanukkah - Light Up The Night,2025-12-20,"Expo Tel Aviv, Pavilion (Bitan) 1",Tel Aviv,Israel,21:47,2:55,55,,Offer Nissim,Toro,,SONG_0262,Offer Nissim - Toro,high,
hanukkah_2025,Offer Nissim Hanukkah - Light Up The Night,2025-12-20,"Expo Tel Aviv, Pavilion (Bitan) 1",Tel Aviv,Israel,21:47,2:55,56,,Offer Nissim Presents Ilan Peled,C'est Coccinelle,,SONG_0100,Offer Nissim Presents Ilan Peled - Ćest Coccinelle,high,
hanukkah_2025,Offer Nissim Hanukkah - Light Up The Night,2025-12-20,"Expo Tel Aviv, Pavilion (Bitan) 1",Tel Aviv,Israel,21:47,2:55,57,,Offer Nissim Feat. Ilan Peled,Blue Monday,Show Mix,SONG_0336,Offer Nissim Feat. Ilan Peled - Blue Monday - Show Mix,high,
hanukkah_2025,Offer Nissim Hanukkah - Light Up The Night,2025-12-20,"Expo Tel Aviv, Pavilion (Bitan) 1",Tel Aviv,Israel,21:47,2:55,58,,Madonna,I Don't Search I Find,Offer Nissim Remix,SONG_0122,Madonna - I Don't Search I Find - Offer Nissim Remix,high,
hanukkah_2025,Offer Nissim Hanukkah - Light Up The Night,2025-12-20,"Expo Tel Aviv, Pavilion (Bitan) 1",Tel Aviv,Israel,21:47,2:55,59,,Offer Nissim,Completely Yourself,,SONG_0045,Offer Nissim - Completely Yourself,high,
pride_tel_aviv_2026,Offer Nissim Pride Concert,2026-06-13,Park Hayarkon (Ganei Yehoshua),Tel Aviv,Israel,18:34,22:46,1,,Offer Nissim,Midnight Summer Dream,,SONG_0337,Offer Nissim - Midnight Summer Dream,high,
pride_tel_aviv_2026,Offer Nissim Pride Concert,2026-06-13,Park Hayarkon (Ganei Yehoshua),Tel Aviv,Israel,18:34,22:46,2,,Offer Nissim X Celeda,Work Children,In Memory of Peter Rauhofer,SONG_0338,Offer Nissim X Celeda - Work Children (In Memory of Peter Rauhofer),high,Parenthetical dedication kept in version field.
pride_tel_aviv_2026,Offer Nissim Pride Concert,2026-06-13,Park Hayarkon (Ganei Yehoshua),Tel Aviv,Israel,18:34,22:46,3,,Offer Nissim X Meital De Razon,Now Come On,Live Performance,SONG_0339,Offer Nissim X Meital De Razon - Now Come On - Live Performance,high,
pride_tel_aviv_2026,Offer Nissim Pride Concert,2026-06-13,Park Hayarkon (Ganei Yehoshua),Tel Aviv,Israel,18:34,22:46,4,,Offer Nissim,Enjoy Your Life,,SONG_0340,Offer Nissim - Enjoy Your Life,high,
pride_tel_aviv_2026,Offer Nissim Pride Concert,2026-06-13,Park Hayarkon (Ganei Yehoshua),Tel Aviv,Israel,18:34,22:46,5,,Offer Nissim Feat. Maya Simantov,I'm In Love,,SONG_0033,Offer Nissim Feat. Maya Simantov - I'm In Love,high,
pride_tel_aviv_2026,Offer Nissim Pride Concert,2026-06-13,Park Hayarkon (Ganei Yehoshua),Tel Aviv,Israel,18:34,22:46,6,,Offer Nissim,How Deep Is Your Love,,SONG_0263,Offer Nissim - How Deep Is Your Love,high,
pride_tel_aviv_2026,Offer Nissim Pride Concert,2026-06-13,Park Hayarkon (Ganei Yehoshua),Tel Aviv,Israel,18:34,22:46,7,,Offer Nissim,California Dreaming,,SONG_0311,Offer Nissim - California Dreaming,high,
pride_tel_aviv_2026,Offer Nissim Pride Concert,2026-06-13,Park Hayarkon (Ganei Yehoshua),Tel Aviv,Israel,18:34,22:46,8,,Offer Nissim,XTC,,SONG_0315,Offer Nissim - XTC,high,
pride_tel_aviv_2026,Offer Nissim Pride Concert,2026-06-13,Park Hayarkon (Ganei Yehoshua),Tel Aviv,Israel,18:34,22:46,9,,Friburn & Urik,Take Me Love Me,Offer Nissim Remix,SONG_0341,Friburn & Urik - Take Me Love Me - Offer Nissim Remix,high,
pride_tel_aviv_2026,Offer Nissim Pride Concert,2026-06-13,Park Hayarkon (Ganei Yehoshua),Tel Aviv,Israel,18:34,22:46,10,,Offer Nissim Feat. Maya Simantov,Rainbow,,SONG_0070,Offer Nissim Feat. Maya Simantov - Rainbow,high,
pride_tel_aviv_2026,Offer Nissim Pride Concert,2026-06-13,Park Hayarkon (Ganei Yehoshua),Tel Aviv,Israel,18:34,22:46,11,,Offer Nissim X Anna Zak,Fix Me,Live Performance,SONG_0342,Offer Nissim X Anna Zak - Fix Me - Live Performance,high,
pride_tel_aviv_2026,Offer Nissim Pride Concert,2026-06-13,Park Hayarkon (Ganei Yehoshua),Tel Aviv,Israel,18:34,22:46,12,,Madonna & Sabrina Carpenter,Bring Your Love,Offer Nissim Remix,SONG_0343,Madonna & Sabrina Carpenter - Bring Your Love - Offer Nissim Remix,high,
pride_tel_aviv_2026,Offer Nissim Pride Concert,2026-06-13,Park Hayarkon (Ganei Yehoshua),Tel Aviv,Israel,18:34,22:46,13,,Offer Nissim Feat. Maya Simantov,Everybody Needs A Man,,SONG_0032,Offer Nissim Feat. Maya Simantov - Everybody Needs A Man,high,
pride_tel_aviv_2026,Offer Nissim Pride Concert,2026-06-13,Park Hayarkon (Ganei Yehoshua),Tel Aviv,Israel,18:34,22:46,14,,Black Box,Everybody Everybody,Offer Nissim Remix,SONG_0062,Black Box - Everybody Everybody - Offer Nissim Remix,high,
pride_tel_aviv_2026,Offer Nissim Pride Concert,2026-06-13,Park Hayarkon (Ganei Yehoshua),Tel Aviv,Israel,18:34,22:46,15,,Offer Nissim Presents The Bitches,Ain't No Mountain,,SONG_0064,Offer Nissim Presents The Bitches - Ain't No Mountain,high,
pride_tel_aviv_2026,Offer Nissim Pride Concert,2026-06-13,Park Hayarkon (Ganei Yehoshua),Tel Aviv,Israel,18:34,22:46,16,,Donna Summer,Sometimes Like Butterflies,Offer Nissim Remix,SONG_0323,Donna Summer - Sometimes Like Butterflies - Offer Nissim Remix,high,
pride_tel_aviv_2026,Offer Nissim Pride Concert,2026-06-13,Park Hayarkon (Ganei Yehoshua),Tel Aviv,Israel,18:34,22:46,17,,Offer Nissim Feat. Deborah Cox,Summer Of Love,,SONG_0144,Offer Nissim Feat. Deborah Cox - Summer Of Love,high,
pride_tel_aviv_2026,Offer Nissim Pride Concert,2026-06-13,Park Hayarkon (Ganei Yehoshua),Tel Aviv,Israel,18:34,22:46,18,,Offer Nissim Feat. Maya Simantov & Frida,Superman,Show Mix - Live Performance,SONG_0299,Offer Nissim Feat. Maya Simantov & Frida - Superman Show Mix - Live Performance,high,Version of Superman in which Frida sings with Maya Simantov live - confirmed by archive owner.
pride_tel_aviv_2026,Offer Nissim Pride Concert,2026-06-13,Park Hayarkon (Ganei Yehoshua),Tel Aviv,Israel,18:34,22:46,19,,Offer Nissim Feat. Maya Simantov,Holy Love,Live Performance,SONG_0344,Offer Nissim Feat. Maya Simantov - Holy Love - Live Performance,high,
pride_tel_aviv_2026,Offer Nissim Pride Concert,2026-06-13,Park Hayarkon (Ganei Yehoshua),Tel Aviv,Israel,18:34,22:46,20,,Suzanne Palmer,Free My Love,Offer Nissim Remix,SONG_0123,Suzanne Palmer - Free My Love - Offer Nissim Remix,high,
pride_tel_aviv_2026,Offer Nissim Pride Concert,2026-06-13,Park Hayarkon (Ganei Yehoshua),Tel Aviv,Israel,18:34,22:46,21,,Donna Summer & Barbra Streisand,Enough Is Enough,Offer Nissim Part B,SONG_0084,Donna Summer & Barbra Streisand - Enough Is Enough (Offer Nissim Part B),high,
pride_tel_aviv_2026,Offer Nissim Pride Concert,2026-06-13,Park Hayarkon (Ganei Yehoshua),Tel Aviv,Israel,18:34,22:46,22,,Cher,Gimme! Gimme! Gimme! (A Man After Midnight),Offer Nissim Needs A Man Remix,SONG_0031,Cher - Gimme! Gimme! Gimme! - Offer Nissim Needs A Man Remix,high,Title spelling normalized: 'Gimme! Gimme! Gimme!' -> 'Gimme! Gimme! Gimme! (A Man After Midnight)'
pride_tel_aviv_2026,Offer Nissim Pride Concert,2026-06-13,Park Hayarkon (Ganei Yehoshua),Tel Aviv,Israel,18:34,22:46,23,,Offer Nissim Feat. Maya Simantov,Be My Boyfriend,,SONG_0197,Offer Nissim Feat. Maya Simantov - Be My Boyfriend,high,
pride_tel_aviv_2026,Offer Nissim Pride Concert,2026-06-13,Park Hayarkon (Ganei Yehoshua),Tel Aviv,Israel,18:34,22:46,24,,Offer Nissim Feat. Meital De Razon,My Pride,,SONG_0063,Offer Nissim Feat. Meital De Razon - My Pride,high,
pride_tel_aviv_2026,Offer Nissim Pride Concert,2026-06-13,Park Hayarkon (Ganei Yehoshua),Tel Aviv,Israel,18:34,22:46,25,,Offer Nissim X Ofra Haza,Adagio,2025 Edit,SONG_0261,Offer Nissim X Ofra Haza - Adagio,high,Corrected 03.10.2026: version set to '2025 Edit' per archive owner (no version stated on the source image)
pride_tel_aviv_2026,Offer Nissim Pride Concert,2026-06-13,Park Hayarkon (Ganei Yehoshua),Tel Aviv,Israel,18:34,22:46,26,,Offer Nissim X Shiri Maimon,תסתכל לי בעיניים (Tistakel Li Ba'einayim),Live Performance,SONG_0345,Offer Nissim X Shiri Maimon - תסתכל לי בעיניים - Live Performance,high,Hebrew title kept; transliteration added in parentheses.
pride_tel_aviv_2026,Offer Nissim Pride Concert,2026-06-13,Park Hayarkon (Ganei Yehoshua),Tel Aviv,Israel,18:34,22:46,27,,Deborah Cox,Easy As Life,Offer Nissim Show Mix,SONG_0083,Deborah Cox - Easy As Life - Offer Nissim Show Mix,high,
pride_tel_aviv_2026,Offer Nissim Pride Concert,2026-06-13,Park Hayarkon (Ganei Yehoshua),Tel Aviv,Israel,18:34,22:46,28,,Brothers In Rhythm,Such A Good Feeling,Offer Nissim Remix,SONG_0050,Brothers in Rhythm - Such A Good Feeling - Offer Nissim Remix,high,Artist normalized: 'Brothers in Rhythm' -> 'Brothers In Rhythm'
pride_tel_aviv_2026,Offer Nissim Pride Concert,2026-06-13,Park Hayarkon (Ganei Yehoshua),Tel Aviv,Israel,18:34,22:46,29,,Offer Nissim Feat. Maya Simantov,Let Me Live,,SONG_0040,Offer Nissim Feat. Maya Simantov - Let Me Live,high,
pride_tel_aviv_2026,Offer Nissim Pride Concert,2026-06-13,Park Hayarkon (Ganei Yehoshua),Tel Aviv,Israel,18:34,22:46,30,,Anita Meyer,Why Tell Me Why,Offer Nissim Remix,SONG_0055,Anita Meyer - Why Tell Me Why - Offer Nissim Remix,high,
pride_tel_aviv_2026,Offer Nissim Pride Concert,2026-06-13,Park Hayarkon (Ganei Yehoshua),Tel Aviv,Israel,18:34,22:46,31,,Kristine W.,Be Alright,Offer Nissim Intro Mix,SONG_0132,Kristine W. - Be Alright - Offer Nissim Intro Mix,high,
pride_tel_aviv_2026,Offer Nissim Pride Concert,2026-06-13,Park Hayarkon (Ganei Yehoshua),Tel Aviv,Israel,18:34,22:46,32,,Offer Nissim Feat. Gila Goldstein & Ilan Peled,I Can Be Whatever I Want,,SONG_0346,Offer Nissim Feat. Gila Goldstein & Ilan Peled - I Can Be Whatever I Want,high,
pride_tel_aviv_2026,Offer Nissim Pride Concert,2026-06-13,Park Hayarkon (Ganei Yehoshua),Tel Aviv,Israel,18:34,22:46,33,,Ran Danker,Malkat Harahava,Offer Nissim Remix,SONG_0201,Ran Danker - Malkat Harahava - Offer Nissim Remix,high,
pride_tel_aviv_2026,Offer Nissim Pride Concert,2026-06-13,Park Hayarkon (Ganei Yehoshua),Tel Aviv,Israel,18:34,22:46,34,,Offer Nissim Feat. Magi Azarzar,Titragel Ita,,SONG_0305,Offer Nissim Feat. Magi Azarzar - TRITAGEL EITA,high,Title spelling normalized: 'TRITAGEL EITA' -> 'Titragel Ita'
pride_tel_aviv_2026,Offer Nissim Pride Concert,2026-06-13,Park Hayarkon (Ganei Yehoshua),Tel Aviv,Israel,18:34,22:46,35,,Offer Nissim X Harel Skaat,Ahava Nafshi,,SONG_0150,Offer Nissim X Harel Skaat - Ahava Nafshi,high,
pride_tel_aviv_2026,Offer Nissim Pride Concert,2026-06-13,Park Hayarkon (Ganei Yehoshua),Tel Aviv,Israel,18:34,22:46,36,,Offer Nissim,Don't Know What To Do,,SONG_0234,Offer Nissim - Don't Know What To Do,high,
pride_tel_aviv_2026,Offer Nissim Pride Concert,2026-06-13,Park Hayarkon (Ganei Yehoshua),Tel Aviv,Israel,18:34,22:46,37,,Offer Nissim,Crazy Things At Night,,SONG_0001,Offer Nissim - Crazy Things At Night,high,
pride_tel_aviv_2026,Offer Nissim Pride Concert,2026-06-13,Park Hayarkon (Ganei Yehoshua),Tel Aviv,Israel,18:34,22:46,38,,Eliran Halevy,I'm In Love,,SONG_0347,Eliran Halevy - I'm In Love,high,
pride_tel_aviv_2026,Offer Nissim Pride Concert,2026-06-13,Park Hayarkon (Ganei Yehoshua),Tel Aviv,Israel,18:34,22:46,39,,Eliran Halevy & More Avarhami,Turn Me Up,Live at Set,SONG_0348,Eliran Halevy & More Avarhami - Turn Me Up - Live at Set,high,
pride_tel_aviv_2026,Offer Nissim Pride Concert,2026-06-13,Park Hayarkon (Ganei Yehoshua),Tel Aviv,Israel,18:34,22:46,40,,Offer Nissim Feat. Maya Simantov,First Time,Eliran Halevy Remix,SONG_0153,Offer Nissim Feat. Maya Simantov - First Time - Eliran Halevy Remix,high,
pride_tel_aviv_2026,Offer Nissim Pride Concert,2026-06-13,Park Hayarkon (Ganei Yehoshua),Tel Aviv,Israel,18:34,22:46,41,,Offer Nissim,Lost In Music,,SONG_0120,Offer Nissim - Lost In Music,high,
pride_tel_aviv_2026,Offer Nissim Pride Concert,2026-06-13,Park Hayarkon (Ganei Yehoshua),Tel Aviv,Israel,18:34,22:46,42,,ABBA,Summer Night City,Offer Nissim Remix,SONG_0309,ABBA - Summer Night City - Offer Nissim Remix,high,
pride_tel_aviv_2026,Offer Nissim Pride Concert,2026-06-13,Park Hayarkon (Ganei Yehoshua),Tel Aviv,Israel,18:34,22:46,43,,Offer Nissim Feat. Meital De Razon,Like This Like That,,SONG_0160,Offer Nissim Feat. Meital De Razon - Like This Like That,high,
pride_tel_aviv_2026,Offer Nissim Pride Concert,2026-06-13,Park Hayarkon (Ganei Yehoshua),Tel Aviv,Israel,18:34,22:46,44,,Offer Nissim X Nasrin Kadri,הלך גבר? יבואו עשר (Halach Gever? Yavo'u Eser),Live Performance,SONG_0349,Offer Nissim X Nasrin Kadry - הלך גבר? יבואו עשר - Live Performance,high,Hebrew title kept; transliteration added.
pride_tel_aviv_2026,Offer Nissim Pride Concert,2026-06-13,Park Hayarkon (Ganei Yehoshua),Tel Aviv,Israel,18:34,22:46,45,,Offer Nissim X Eyal Golan,מתגעגע לתקופה (Mitga'agea LaTkufa),,SONG_0350,Offer Nissim X Eyal Golan - מתגעגע לתקופה,high,Hebrew title kept; transliteration added.
pride_tel_aviv_2026,Offer Nissim Pride Concert,2026-06-13,Park Hayarkon (Ganei Yehoshua),Tel Aviv,Israel,18:34,22:46,46,,Offer Nissim Feat. Maya Simantov,Tel Aviv,,SONG_0042,Offer Nissim Feat. Maya Simantov - Tel Aviv,high,
pride_tel_aviv_2026,Offer Nissim Pride Concert,2026-06-13,Park Hayarkon (Ganei Yehoshua),Tel Aviv,Israel,18:34,22:46,47,,Offer Nissim,Toro,,SONG_0262,Offer Nissim - Toro,high,
pride_tel_aviv_2026,Offer Nissim Pride Concert,2026-06-13,Park Hayarkon (Ganei Yehoshua),Tel Aviv,Israel,18:34,22:46,48,,Offer Nissim Feat. Riki Ben-Ari,Dance The Night,,SONG_0006,Offer Nissim Feat. Riki Ben-Ari - Dance The Night,high,
pride_tel_aviv_2026,Offer Nissim Pride Concert,2026-06-13,Park Hayarkon (Ganei Yehoshua),Tel Aviv,Israel,18:34,22:46,49,,Offer Nissim Feat. Dana International,Layla Tov Eropa,,SONG_0091,Offer Nissim Feat. Dana International - Layla Tov Eropa,high,
pride_tel_aviv_2026,Offer Nissim Pride Concert,2026-06-13,Park Hayarkon (Ganei Yehoshua),Tel Aviv,Israel,18:34,22:46,50,,Offer Nissim X Yardena Arazi,Amour Affamé,Live Performance,SONG_0351,Offer Nissim X Yardena Arazi - Amour Affamé - Live Performance,high,
pride_tel_aviv_2026,Offer Nissim Pride Concert,2026-06-13,Park Hayarkon (Ganei Yehoshua),Tel Aviv,Israel,18:34,22:46,51,,Offer Nissim,Completely Yourself,,SONG_0045,Offer Nissim - Completely Yourself,high,
sukkot_2026,Offer Nissim - Sukkot 2026,2026-09-26,"Expo Tel Aviv, Pavilion (Bitan) 1",Tel Aviv,Israel,22:02,2:57,1,,Madonna & Sabrina Carpenter,Bring Your Love,Offer Nissim Prayer Of Love Remix,SONG_0343,Madonna & Sabrina Carpenter - Bring Your Love - Offer Nissim Prayer Of Love Remix,high,
sukkot_2026,Offer Nissim - Sukkot 2026,2026-09-26,"Expo Tel Aviv, Pavilion (Bitan) 1",Tel Aviv,Israel,22:02,2:57,2,,Offer Nissim X Celeda,Work Children,In Memory of Peter Rauhofer,SONG_0338,Offer Nissim X Celeda - Work Children (In Memory of Peter Rauhofer),high,
sukkot_2026,Offer Nissim - Sukkot 2026,2026-09-26,"Expo Tel Aviv, Pavilion (Bitan) 1",Tel Aviv,Israel,22:02,2:57,3,,Offer Nissim,So What You Gonna Do,,SONG_0352,Offer Nissim - So What You Gonna Do,high,New track
sukkot_2026,Offer Nissim - Sukkot 2026,2026-09-26,"Expo Tel Aviv, Pavilion (Bitan) 1",Tel Aviv,Israel,22:02,2:57,4,,Offer Nissim Feat. Maya Simantov,Bitch,,SONG_0189,Offer Nissim Feat. Maya Simantov - Bitch,high,
sukkot_2026,Offer Nissim - Sukkot 2026,2026-09-26,"Expo Tel Aviv, Pavilion (Bitan) 1",Tel Aviv,Israel,22:02,2:57,5,,Offer Nissim,Naked In The Rain,,SONG_0324,Offer Nissim - Naked In The Rain,high,
sukkot_2026,Offer Nissim - Sukkot 2026,2026-09-26,"Expo Tel Aviv, Pavilion (Bitan) 1",Tel Aviv,Israel,22:02,2:57,6,,Offer Nissim,California Dreaming,,SONG_0311,Offer Nissim - California Dreaming,high,
sukkot_2026,Offer Nissim - Sukkot 2026,2026-09-26,"Expo Tel Aviv, Pavilion (Bitan) 1",Tel Aviv,Israel,22:02,2:57,7,,Kristine W.,Everything That I Got,Offer Nissim's Tel Aviv Mix,SONG_0223,Kristine W. - Everything That I Got - Offer Nissim's Tel Aviv Mix,high,
sukkot_2026,Offer Nissim - Sukkot 2026,2026-09-26,"Expo Tel Aviv, Pavilion (Bitan) 1",Tel Aviv,Israel,22:02,2:57,8,,Suzanne Palmer,Fascinated,Offer Nissim Remix,SONG_0047,Suzanne Palmer - Fascinated - Offer Nissim Remix,high,
sukkot_2026,Offer Nissim - Sukkot 2026,2026-09-26,"Expo Tel Aviv, Pavilion (Bitan) 1",Tel Aviv,Israel,22:02,2:57,9,,Offer Nissim X Betty,Poison (Ra'al),Show Mix - Live Performance,SONG_0081,Offer Nissim X Betty - Ra'al - Poison Show Mix - Live Performance,high,Title as printed 'Ra'al - Poison Show Mix'; mapped to existing Poison (Ra'al)
sukkot_2026,Offer Nissim - Sukkot 2026,2026-09-26,"Expo Tel Aviv, Pavilion (Bitan) 1",Tel Aviv,Israel,22:02,2:57,10,,Offer Nissim X Betty,Light A Light,Live Performance,SONG_0353,Offer Nissim X Betty - Light A Light - Live Performance,high,New track
sukkot_2026,Offer Nissim - Sukkot 2026,2026-09-26,"Expo Tel Aviv, Pavilion (Bitan) 1",Tel Aviv,Israel,22:02,2:57,11,,Offer Nissim,Don't Stop (A Tribute To Michael Jackson),,SONG_0354,Offer Nissim - Don't Stop (A Tribute To Michael Jackson),high,New track
sukkot_2026,Offer Nissim - Sukkot 2026,2026-09-26,"Expo Tel Aviv, Pavilion (Bitan) 1",Tel Aviv,Israel,22:02,2:57,12,,Offer Nissim,Theater Club,,SONG_0094,Offer Nissim - Theater Club,high,
sukkot_2026,Offer Nissim - Sukkot 2026,2026-09-26,"Expo Tel Aviv, Pavilion (Bitan) 1",Tel Aviv,Israel,22:02,2:57,13,,Offer Nissim,Studio 54,,SONG_0143,Offer Nissim - Studio 54,high,
sukkot_2026,Offer Nissim - Sukkot 2026,2026-09-26,"Expo Tel Aviv, Pavilion (Bitan) 1",Tel Aviv,Israel,22:02,2:57,14,,Friburn & Urik,Take Me Love Me,Offer Nissim Remix,SONG_0341,Friburn & Urik - Take Me Love Me - Offer Nissim Remix,high,
sukkot_2026,Offer Nissim - Sukkot 2026,2026-09-26,"Expo Tel Aviv, Pavilion (Bitan) 1",Tel Aviv,Israel,22:02,2:57,15,,Offer Nissim,Rose,,SONG_0284,Offer Nissim - ROSE,high,
sukkot_2026,Offer Nissim - Sukkot 2026,2026-09-26,"Expo Tel Aviv, Pavilion (Bitan) 1",Tel Aviv,Israel,22:02,2:57,16,,Offer Nissim X Asulin,Handyman,Live Performance,SONG_0355,Offer Nissim X Asulin - Handyman - Live Performance,high,Artist kept as printed (Asulin) per archive owner
sukkot_2026,Offer Nissim - Sukkot 2026,2026-09-26,"Expo Tel Aviv, Pavilion (Bitan) 1",Tel Aviv,Israel,22:02,2:57,17,,Offer Nissim Feat. Maya Simantov,Everybody Needs A Man,,SONG_0032,Offer Nissim Feat. Maya Simantov - Everybody Needs A Man,high,
sukkot_2026,Offer Nissim - Sukkot 2026,2026-09-26,"Expo Tel Aviv, Pavilion (Bitan) 1",Tel Aviv,Israel,22:02,2:57,18,,Offer Nissim Feat. Maya Simantov,Zero Fucks,,SONG_0161,Offer Nissim Feat. Maya Simantov - Zero Fucks,high,
sukkot_2026,Offer Nissim - Sukkot 2026,2026-09-26,"Expo Tel Aviv, Pavilion (Bitan) 1",Tel Aviv,Israel,22:02,2:57,19,,Beyoncé,Run The World (Girls),Itay Kalderon & Adi Perez Remix,SONG_0102,Beyonce - Run Da World - Itay Kalderon & Adi Perez Remix,high,Title spelling normalized: 'Run Da World' -> 'Run The World (Girls)'
sukkot_2026,Offer Nissim - Sukkot 2026,2026-09-26,"Expo Tel Aviv, Pavilion (Bitan) 1",Tel Aviv,Israel,22:02,2:57,20,,Offer Nissim X Noa Kirel,Doctor,,SONG_0277,Offer Nissim X Noa Kirel - Doctor,high,
sukkot_2026,Offer Nissim - Sukkot 2026,2026-09-26,"Expo Tel Aviv, Pavilion (Bitan) 1",Tel Aviv,Israel,22:02,2:57,21,,Offer Nissim X Meital De Razon,Now Come On,,SONG_0339,Offer Nissim X Meital De Razon - Now Come On,high,
sukkot_2026,Offer Nissim - Sukkot 2026,2026-09-26,"Expo Tel Aviv, Pavilion (Bitan) 1",Tel Aviv,Israel,22:02,2:57,22,,Offer Nissim X Eden Fines,Work,Live Performance,SONG_0356,Offer Nissim X Eden Fines - WORK - Live Performance,high,"New track, not found online"
sukkot_2026,Offer Nissim - Sukkot 2026,2026-09-26,"Expo Tel Aviv, Pavilion (Bitan) 1",Tel Aviv,Israel,22:02,2:57,23,,Offer Nissim,How Deep Is Your Love,,SONG_0263,Offer Nissim - How Deep Is Your Love,high,
sukkot_2026,Offer Nissim - Sukkot 2026,2026-09-26,"Expo Tel Aviv, Pavilion (Bitan) 1",Tel Aviv,Israel,22:02,2:57,24,,Deborah Cox,Everybody Dance,Offer Nissim Show Mix,SONG_0180,Deborah Cox - Everybody Dance - Offer Nissim Show Mix,high,
sukkot_2026,Offer Nissim - Sukkot 2026,2026-09-26,"Expo Tel Aviv, Pavilion (Bitan) 1",Tel Aviv,Israel,22:02,2:57,25,,Offer Nissim,Move Your Body,,SONG_0174,Offer Nissim - Move Your Body,high,
sukkot_2026,Offer Nissim - Sukkot 2026,2026-09-26,"Expo Tel Aviv, Pavilion (Bitan) 1",Tel Aviv,Israel,22:02,2:57,26,,Offer Nissim,Welcome,,SONG_0221,Offer Nissim - Welcome,high,
sukkot_2026,Offer Nissim - Sukkot 2026,2026-09-26,"Expo Tel Aviv, Pavilion (Bitan) 1",Tel Aviv,Israel,22:02,2:57,27,,Offer Nissim X Lior Narkis,Taxis,Live Performance,SONG_0357,Offer Nissim X Lior Narkis - Taxis - Live Performance (x2),high,List shows '(x2)' - played twice in a row; per archive owner shown once (set stays 60 tracks)
sukkot_2026,Offer Nissim - Sukkot 2026,2026-09-26,"Expo Tel Aviv, Pavilion (Bitan) 1",Tel Aviv,Israel,22:02,2:57,28,,Offer Nissim Feat. Nasrin Kadri,Lusi,,SONG_0226,Offer Nissim Feat. Nasrin Kadri - Lusi,high,
sukkot_2026,Offer Nissim - Sukkot 2026,2026-09-26,"Expo Tel Aviv, Pavilion (Bitan) 1",Tel Aviv,Israel,22:02,2:57,29,,Offer Nissim Feat. Ilan Peled,Hypno Dance,,SONG_0216,Offer Nissim Feat. Ilan Peled - Hypno Dance,high,
sukkot_2026,Offer Nissim - Sukkot 2026,2026-09-26,"Expo Tel Aviv, Pavilion (Bitan) 1",Tel Aviv,Israel,22:02,2:57,30,,Offer Nissim,Infected Love,,SONG_0173,Offer Nissim - Infected Love,high,
sukkot_2026,Offer Nissim - Sukkot 2026,2026-09-26,"Expo Tel Aviv, Pavilion (Bitan) 1",Tel Aviv,Israel,22:02,2:57,31,,Offer Nissim Feat. Maya Simantov,Like There Is No Tomorrow,,SONG_0142,Offer Nissim Feat. Maya Simantov - Like There Is No Tomorrow,high,
sukkot_2026,Offer Nissim - Sukkot 2026,2026-09-26,"Expo Tel Aviv, Pavilion (Bitan) 1",Tel Aviv,Israel,22:02,2:57,32,,Robin S.,Show Me Love,Offer Nissim Remix,SONG_0149,Robin S. - Show Me Love - Offer Nissim Remix,high,
sukkot_2026,Offer Nissim - Sukkot 2026,2026-09-26,"Expo Tel Aviv, Pavilion (Bitan) 1",Tel Aviv,Israel,22:02,2:57,33,,Eliran Halevy X Ilan Peled,Big Energy,Live Performance,SONG_0358,Eliran Halevy X Ilan Peled - Big Energy - Live Performance,high,"New track, not found online"
sukkot_2026,Offer Nissim - Sukkot 2026,2026-09-26,"Expo Tel Aviv, Pavilion (Bitan) 1",Tel Aviv,Israel,22:02,2:57,34,,Eliran Halevy,Excited,,SONG_0302,Eliran Halevy - EXCITED,high,
sukkot_2026,Offer Nissim - Sukkot 2026,2026-09-26,"Expo Tel Aviv, Pavilion (Bitan) 1",Tel Aviv,Israel,22:02,2:57,35,,Eliran Halevy,I'm In Love,,SONG_0347,Eliran Halevy - I'm In Love,high,Eliran Halevy song (separate from Maya Simantov I'm In Love)
sukkot_2026,Offer Nissim - Sukkot 2026,2026-09-26,"Expo Tel Aviv, Pavilion (Bitan) 1",Tel Aviv,Israel,22:02,2:57,36,,Offer Nissim Feat. Epiphony,Mr Charming,,SONG_0224,Offer Nissim Feat. Epiphony - Mr. Charming,high,
sukkot_2026,Offer Nissim - Sukkot 2026,2026-09-26,"Expo Tel Aviv, Pavilion (Bitan) 1",Tel Aviv,Israel,22:02,2:57,37,,Offer Nissim Feat. Maya Simantov,Hysterical,,SONG_0283,Offer Nissim Feat. Maya Simantov - Hysterical,high,
sukkot_2026,Offer Nissim - Sukkot 2026,2026-09-26,"Expo Tel Aviv, Pavilion (Bitan) 1",Tel Aviv,Israel,22:02,2:57,38,,Offer Nissim Feat. Maya Simantov,Perfect Love,Full Vocal Mix,SONG_0041,Offer Nissim Feat. Maya Simantov - Perfect Love - Full Vocal Mix,high,
sukkot_2026,Offer Nissim - Sukkot 2026,2026-09-26,"Expo Tel Aviv, Pavilion (Bitan) 1",Tel Aviv,Israel,22:02,2:57,39,,Offer Nissim Feat. Symphony X,I Close My Eyes,,SONG_0195,Offer Nissim Feat. Symphony X - I Close My Eyes,high,
sukkot_2026,Offer Nissim - Sukkot 2026,2026-09-26,"Expo Tel Aviv, Pavilion (Bitan) 1",Tel Aviv,Israel,22:02,2:57,40,,Offer Nissim X Udi Schneider,Apollo,Live Performance,SONG_0359,Offer Nissim X Udi Schneider - Apollo - Live Performance,high,"New track, not found online"
sukkot_2026,Offer Nissim - Sukkot 2026,2026-09-26,"Expo Tel Aviv, Pavilion (Bitan) 1",Tel Aviv,Israel,22:02,2:57,41,,Offer Nissim,Bombay,,SONG_0146,Offer Nissim - Bombay,high,
sukkot_2026,Offer Nissim - Sukkot 2026,2026-09-26,"Expo Tel Aviv, Pavilion (Bitan) 1",Tel Aviv,Israel,22:02,2:57,42,,Offer Nissim Feat. Dana International,Maganuna,Reconstruction Mix,SONG_0211,Offer Nissim Feat. Dana International - Maganuna - Reconstruction Mix,high,Same song as existing Maganuna - confirmed by archive owner
sukkot_2026,Offer Nissim - Sukkot 2026,2026-09-26,"Expo Tel Aviv, Pavilion (Bitan) 1",Tel Aviv,Israel,22:02,2:57,43,,Offer Nissim & 2050,Reach Out,,SONG_0276,Offer Nissim & 2050 - Reach Out,high,
sukkot_2026,Offer Nissim - Sukkot 2026,2026-09-26,"Expo Tel Aviv, Pavilion (Bitan) 1",Tel Aviv,Israel,22:02,2:57,44,,Offer Nissim,I Want Muscles,,SONG_0190,Offer Nissim - I Want Muscles,high,
sukkot_2026,Offer Nissim - Sukkot 2026,2026-09-26,"Expo Tel Aviv, Pavilion (Bitan) 1",Tel Aviv,Israel,22:02,2:57,45,,Madonna,Danceteria,Offer Nissim Remix,SONG_0360,Madonna - Danceteria - Offer Nissim Remix,high,Madonna single 2026 (Confessions II era) - verified online
sukkot_2026,Offer Nissim - Sukkot 2026,2026-09-26,"Expo Tel Aviv, Pavilion (Bitan) 1",Tel Aviv,Israel,22:02,2:57,46,,Madonna,Celebration,Offer Nissim Dub Mix,SONG_0222,Madonna - Celebration - Offer Nissim Dub Mix,high,Madonna Celebration = Offer Nissim Celebration (owner decision 06.09.2026)
sukkot_2026,Offer Nissim - Sukkot 2026,2026-09-26,"Expo Tel Aviv, Pavilion (Bitan) 1",Tel Aviv,Israel,22:02,2:57,47,,Offer Nissim,Enjoy Your Life,,SONG_0340,Offer Nissim - Enjoy Your Life,high,
sukkot_2026,Offer Nissim - Sukkot 2026,2026-09-26,"Expo Tel Aviv, Pavilion (Bitan) 1",Tel Aviv,Israel,22:02,2:57,48,,Amelia Lily,You Bring Me Joy,Offer Nissim Remix,SONG_0020,Amelia Lily - You Bring Me Joy - Offer Nissim Remix,high,
sukkot_2026,Offer Nissim - Sukkot 2026,2026-09-26,"Expo Tel Aviv, Pavilion (Bitan) 1",Tel Aviv,Israel,22:02,2:57,49,,Offer Nissim Feat. Epiphony,Out Of My Skin,,SONG_0140,Offer Nissim Feat. Epiphony - Out Of My Skin,high,
sukkot_2026,Offer Nissim - Sukkot 2026,2026-09-26,"Expo Tel Aviv, Pavilion (Bitan) 1",Tel Aviv,Israel,22:02,2:57,50,,Rui Da Silva,Touch Me,Offer Nissim Remix,SONG_0320,Rui Da Silva - Touch Me - Offer Nissim Remix,high,
sukkot_2026,Offer Nissim - Sukkot 2026,2026-09-26,"Expo Tel Aviv, Pavilion (Bitan) 1",Tel Aviv,Israel,22:02,2:57,51,,Offer Nissim Feat. Maya Simantov,Searching,Show Mix - Live Performance,SONG_0107,Offer Nissim Feat. Maya Simantov - Searching - Show Mix - Live Performance,high,
sukkot_2026,Offer Nissim - Sukkot 2026,2026-09-26,"Expo Tel Aviv, Pavilion (Bitan) 1",Tel Aviv,Israel,22:02,2:57,52,,The KLF,What Time Is Love,Offer Nissim Remix,SONG_0199,The KLF - What Time Is Love - Offer Nissim Remix,high,
sukkot_2026,Offer Nissim - Sukkot 2026,2026-09-26,"Expo Tel Aviv, Pavilion (Bitan) 1",Tel Aviv,Israel,22:02,2:57,53,,Offer Nissim,Saturday Night,,SONG_0275,Offer Nissim - Saturday Night,high,
sukkot_2026,Offer Nissim - Sukkot 2026,2026-09-26,"Expo Tel Aviv, Pavilion (Bitan) 1",Tel Aviv,Israel,22:02,2:57,54,,Offer Nissim,Midnight Summer Dream,,SONG_0337,Offer Nissim - Midnight Summer Dream,high,
sukkot_2026,Offer Nissim - Sukkot 2026,2026-09-26,"Expo Tel Aviv, Pavilion (Bitan) 1",Tel Aviv,Israel,22:02,2:57,55,,Donna Summer & Barbra Streisand,Enough Is Enough,Offer Nissim Part B,SONG_0084,Donna Summer & Barbra Streisand - Enough Is Enough - Offer Nissim Part B,high,
sukkot_2026,Offer Nissim - Sukkot 2026,2026-09-26,"Expo Tel Aviv, Pavilion (Bitan) 1",Tel Aviv,Israel,22:02,2:57,56,,Donna Summer,Sometimes Like Butterflies,Offer Nissim Remix,SONG_0323,Donna Summer - Sometimes Like Butterflies - Offer Nissim Remix,high,
sukkot_2026,Offer Nissim - Sukkot 2026,2026-09-26,"Expo Tel Aviv, Pavilion (Bitan) 1",Tel Aviv,Israel,22:02,2:57,57,,Anggun,The Good Is Back,Offer Nissim Remix,SONG_0089,Anggun - The Good Is Back - Offer Nissim Remix,high,
sukkot_2026,Offer Nissim - Sukkot 2026,2026-09-26,"Expo Tel Aviv, Pavilion (Bitan) 1",Tel Aviv,Israel,22:02,2:57,58,,Age of Love,The Age of Love,Solomun Remix,SONG_0137,Age of Love - The Age of Love - Solomun Remix,high,"Remix confirmed as Solomun Remix by archive owner (corrected image, 27.09.2026)"
sukkot_2026,Offer Nissim - Sukkot 2026,2026-09-26,"Expo Tel Aviv, Pavilion (Bitan) 1",Tel Aviv,Israel,22:02,2:57,59,,Offer Nissim X Ofra Haza,Adagio,2025 Edit,SONG_0261,Offer Nissim X Ofra Haza - Adagio 2025 Edit,high,Corrected 03.10.2026: '2025 Edit' moved from title to version_or_remix (as in Hanukkah 2025)
sukkot_2026,Offer Nissim - Sukkot 2026,2026-09-26,"Expo Tel Aviv, Pavilion (Bitan) 1",Tel Aviv,Israel,22:02,2:57,60,,Offer Nissim,Completely Yourself,,SONG_0045,Offer Nissim - Completely Yourself,high,
