track_appearance_id,event_id,sequence_number,source_track_text,normalized_artist,normalized_title,version_or_remix,track_timestamp,canonical_song_id,confidence,normalization_notes,source_image_name
TRK_00001,EVT_01,1,Offer Nissim - Crazy Things At Night,Offer Nissim,Crazy Things At Night,,,SONG_0001,HIGH,,WhatsApp Image 2026-09-04 at 20.19.05.jpeg
TRK_00002,EVT_01,2,Offer Nissim - Esther,Offer Nissim,Esther,,,SONG_0002,HIGH,,WhatsApp Image 2026-09-04 at 20.19.05.jpeg
TRK_00003,EVT_01,3,Offer Nissim - Ahasuerus,Offer Nissim,Ahasuerus,,,SONG_0003,HIGH,,WhatsApp Image 2026-09-04 at 20.19.05.jpeg
TRK_00004,EVT_01,4,Offer Nissim - Umpatampa,Offer Nissim,Umpatampa,,,SONG_0004,HIGH,,WhatsApp Image 2026-09-04 at 20.19.05.jpeg
TRK_00005,EVT_01,5,Lara Fabian - Growing Wings - Offer Nissim Remix,Lara Fabian,Growing Wings,Offer Nissim Remix,,SONG_0005,HIGH,,WhatsApp Image 2026-09-04 at 20.19.05.jpeg
TRK_00006,EVT_01,6,Offer Nissim Feat. Riki Ben-Ari - Dance The Night,Offer Nissim Feat. Riki Ben-Ari,Dance The Night,,,SONG_0006,HIGH,,WhatsApp Image 2026-09-04 at 20.19.05.jpeg
TRK_00007,EVT_01,7,Extasia & Zach Adam feat Rony G - Light Beams - Offer Nissim Remix,Extasia & Zach Adam Feat. Rony G,Light Beams,Offer Nissim Remix,,SONG_0007,HIGH,Artist normalized: 'Extasia & Zach Adam feat Rony G' -> 'Extasia & Zach Adam Feat. Rony G',WhatsApp Image 2026-09-04 at 20.19.05.jpeg
TRK_00008,EVT_01,8,Offer Nissim Feat. Maya Simantov & Vanesa LeKlein - Breaking Away,Offer Nissim Feat. Maya Simantov & Vanesa Klein,Breaking Away,,,SONG_0008,HIGH,Corrected 26.09.2026: Artist spelling: 'Vanesa LeKlein' -> 'Vanesa Klein' (Spotify / Apple Music credits),WhatsApp Image 2026-09-04 at 20.19.05.jpeg
TRK_00009,EVT_01,9,Jennifer Lopez - Que Hiciste - Offer Nissim Remix,Jennifer Lopez,Que Hiciste,Offer Nissim Remix,,SONG_0009,HIGH,,WhatsApp Image 2026-09-04 at 20.19.05.jpeg
TRK_00010,EVT_01,10,Offer Nissim Feat. Gila Goldstein - Feel It,Offer Nissim Feat. Gila Goldstein,Feel It,,,SONG_0010,HIGH,,WhatsApp Image 2026-09-04 at 20.19.05.jpeg
TRK_00011,EVT_01,11,Sarit Hadad - Ze She'shomer Alay (Offer Nissim Vs Yinon Yahel Club Mix),Sarit Hadad,Ze She'shomer Alay,Offer Nissim Vs Yinon Yahel Club Mix,,SONG_0011,HIGH,,WhatsApp Image 2026-09-04 at 20.19.05.jpeg
TRK_00012,EVT_01,12,Offer Nissim Feat. Sarit Hadad - Shufuni,Offer Nissim Feat. Sarit Hadad,Shufuni,,,SONG_0012,HIGH,,WhatsApp Image 2026-09-04 at 20.19.05.jpeg
TRK_00013,EVT_01,13,Miri Mesika - Mefahed Allay'ich - Offer Nissim Remix,Miri Mesika,Mefahed Allay'ich,Offer Nissim Remix,,SONG_0013,HIGH,,WhatsApp Image 2026-09-04 at 20.19.05.jpeg
TRK_00014,EVT_01,14,Offer Nissim Feat Yael Poliakov And Ilan Peled - Sing From Your Pussy - The Tricksters,Offer Nissim Feat. The Tricksters (Yael Poliakov And Ilan Peled),Sing From Your Pussy,,,SONG_0014,HIGH,'The Tricksters' is part of the act's name (Yael Poliakov and Ilan Peled) - confirmed by archive owner.,WhatsApp Image 2026-09-04 at 20.19.05.jpeg
TRK_00015,EVT_01,15,Offer Nissim Feat. Ilan Peled - Mushi Mushi,Offer Nissim Feat. Ilan Peled,Mushi Mushi,,,SONG_0015,HIGH,,WhatsApp Image 2026-09-04 at 20.19.05.jpeg
TRK_00016,EVT_01,16,Offer Nissim Feat. Epiphony - Break My World,Offer Nissim Feat. Epiphony,Break My World,,,SONG_0016,HIGH,,WhatsApp Image 2026-09-04 at 20.19.05.jpeg
TRK_00017,EVT_01,17,Henree Feat. Nikka - See Me Now (Finally),Henree Feat. Nikka,See Me Now (Finally),,,SONG_0017,HIGH,"'(Finally)' is part of the title, not a version.",WhatsApp Image 2026-09-04 at 20.19.05.jpeg
TRK_00018,EVT_01,18,The Trash Mermaids - Xperiel - Offer Nissim Remix,The Trash Mermaids,Xperiel,Offer Nissim Remix,,SONG_0018,HIGH,,WhatsApp Image 2026-09-04 at 20.19.05.jpeg
TRK_00019,EVT_01,19,Offer Nissim Feat. Ivana Lola - Kriminal Eye,Offer Nissim Feat. Ivana Lola,Kriminal Eye,,,SONG_0019,HIGH,,WhatsApp Image 2026-09-04 at 20.19.05.jpeg
TRK_00020,EVT_01,20,Amelia Lily - Bring Me Joy - Offer Nissim Remix,Amelia Lily,You Bring Me Joy,Offer Nissim Remix,,SONG_0020,HIGH,Title spelling normalized: 'Bring Me Joy' -> 'You Bring Me Joy',WhatsApp Image 2026-09-04 at 20.19.05.jpeg
TRK_00021,EVT_01,21,Offer Nissim Feat. Riki Ben-Ari - Fame,Offer Nissim Feat. Riki Ben-Ari,Fame,,,SONG_0021,HIGH,,WhatsApp Image 2026-09-04 at 20.19.05.jpeg
TRK_00022,EVT_01,22,Offer Nissim Feat. Maya Simantov - Wake Up (Original Mix),Offer Nissim Feat. Maya Simantov,Wake Up,Original Mix,,SONG_0022,HIGH,,WhatsApp Image 2026-09-04 at 20.19.05.jpeg
TRK_00023,EVT_01,23,Offer Nissim - Another Cha Cha (Peter Rauhofer's NYC Edit),Offer Nissim,Cha Cha Cha,Peter Rauhofer NYC Edit,,SONG_0023,HIGH,Corrected 03.10.2026: official title per Offer Nissim's release (Spotify / Beatport / Star 69 Records: 'Cha Cha Cha (Peter Rauhofer NYC Edit)'),WhatsApp Image 2026-09-04 at 20.19.05.jpeg
TRK_00024,EVT_01,24,Meital De Razon & Asi Tal - Toda La Noche (Offer Nissim & Asi Tal Remix),Meital De Razon & Asi Tal,Toda La Noche,Offer Nissim & Asi Tal Remix,,SONG_0024,HIGH,,WhatsApp Image 2026-09-04 at 20.19.05.jpeg
TRK_00025,EVT_01,25,Steps - Scared Of The Dark (Offer Nissim Remix),Steps,Scared Of The Dark,Offer Nissim Remix,,SONG_0025,HIGH,,WhatsApp Image 2026-09-04 at 20.19.05.jpeg
TRK_00026,EVT_01,26,Rita - Bigharar (Offer Nissim Extended Remix),Rita,Beegharar,Offer Nissim Extended Remix,,SONG_0026,HIGH,Corrected 26.09.2026: Title spelling per Offer Nissim's official release (Spotify: 'Beegharar - Offer Nissim Club Remix'),WhatsApp Image 2026-09-04 at 20.19.05.jpeg
TRK_00027,EVT_01,27,Offer Nissim Feat. Eyal Golan - Lo Mevina Ivrit,Offer Nissim Feat. Eyal Golan,Lo Mevina Ivrit,,,SONG_0027,HIGH,,WhatsApp Image 2026-09-04 at 20.19.05.jpeg
TRK_00028,EVT_01,28,Offer Nissim Vs Abdulqader Qawza - Lord Of Mercy,Offer Nissim Vs Abdulqader Qawza,Lord Of Mercy,,,SONG_0028,HIGH,"DIFFERENT song from 'Offer Nissim Feat. Nasrin Kadri - Lord Of Mercy': this is a remix of Abdulqader Qawza, the Nasrin one is an original production - confirmed by archive owner 06.09.2026.",WhatsApp Image 2026-09-04 at 20.19.05.jpeg
TRK_00029,EVT_01,29,Vali - Ain't No Friend Of Mine - Offer Nissim Remix,Vali,Ain't No Friend Of Mine,Offer Nissim Remix,,SONG_0029,HIGH,,WhatsApp Image 2026-09-04 at 20.19.05.jpeg
TRK_00030,EVT_01,30,Vali - Pluto - Offer Nissim Remix,Vali,Pluto,Offer Nissim Remix,,SONG_0030,HIGH,,WhatsApp Image 2026-09-04 at 20.19.05.jpeg
TRK_00031,EVT_01,31,Cher - Gimme Gimme Gimme! - A Man After Midnight - Offer Nissim Remix,Cher,Gimme! Gimme! Gimme! (A Man After Midnight),Offer Nissim Remix,,SONG_0031,HIGH,Subtitle written as a separate dash segment; version as written is 'Offer Nissim Remix' (not the 'Needs A Man' wording).,WhatsApp Image 2026-09-04 at 20.19.05.jpeg
TRK_00032,EVT_01,32,Offer Nissim Feat. Maya Simantov - Everybody Needs A Man,Offer Nissim Feat. Maya Simantov,Everybody Needs A Man,,,SONG_0032,HIGH,,WhatsApp Image 2026-09-04 at 20.19.05.jpeg
TRK_00033,EVT_01,33,Offer Nissim Feat. Maya Simantov - Im In Love,Offer Nissim Feat. Maya Simantov,I'm In Love,,,SONG_0033,HIGH,,WhatsApp Image 2026-09-04 at 20.19.05.jpeg
TRK_00034,EVT_01,34,Offer Nissim Feat. Ania Bukstein - ROKEDET,Offer Nissim Feat. Ania Bukstein,Rokedet,,,SONG_0034,HIGH,,WhatsApp Image 2026-09-04 at 20.19.05.jpeg
TRK_00035,EVT_01,35,Offer Nissim - Set My Mind Free,Offer Nissim,Set My Mind Free,,,SONG_0035,HIGH,,WhatsApp Image 2026-09-04 at 20.19.05.jpeg
TRK_00036,EVT_01,36,Nirious - People - Original Mix,Nirious,People,Original Mix,,SONG_0036,HIGH,,WhatsApp Image 2026-09-04 at 20.19.05.jpeg
TRK_00037,EVT_01,37,Offer Nissim - Open Your Eyes,Offer Nissim,Open Your Eyes,,,SONG_0037,HIGH,,WhatsApp Image 2026-09-04 at 20.19.05.jpeg
TRK_00038,EVT_01,38,Losless - Synecku (Original Mix),Losless,Synecku,Original Mix,,SONG_0038,HIGH,,WhatsApp Image 2026-09-04 at 20.19.05.jpeg
TRK_00039,EVT_01,39,Offer Nissim Feat. Maya Simantov - When We Met,Offer Nissim Feat. Maya Simantov,When We Met,,,SONG_0039,HIGH,,WhatsApp Image 2026-09-04 at 20.19.05.jpeg
TRK_00040,EVT_01,40,Offer Nissim Feat. Maya Simantov - Let Me Live,Offer Nissim Feat. Maya Simantov,Let Me Live,,,SONG_0040,HIGH,,WhatsApp Image 2026-09-04 at 20.19.05.jpeg
TRK_00041,EVT_01,41,Offer Nissim Feat. Maya Simantov - Perfect Love,Offer Nissim Feat. Maya Simantov,Perfect Love,,,SONG_0041,HIGH,,WhatsApp Image 2026-09-04 at 20.19.05.jpeg
TRK_00042,EVT_01,42,Offer Nissim Feat. Maya Simantov - Tel Aviv,Offer Nissim Feat. Maya Simantov,Tel Aviv,,,SONG_0042,HIGH,,WhatsApp Image 2026-09-04 at 20.19.05.jpeg
TRK_00043,EVT_01,43,Offer Nissim Feat. Epiphony - Believe In Me,Offer Nissim Feat. Epiphony,Believe In Me,,,SONG_0043,HIGH,,WhatsApp Image 2026-09-04 at 20.19.05.jpeg
TRK_00044,EVT_01,44,Offer Nissim - Shalom Aleychem,Offer Nissim,Shalom Aleychem,,,SONG_0044,HIGH,,WhatsApp Image 2026-09-04 at 20.19.05.jpeg
TRK_00045,EVT_01,45,Offer Nissim - Completely Yourself,Offer Nissim,Completely Yourself,,,SONG_0045,HIGH,,WhatsApp Image 2026-09-04 at 20.19.05.jpeg
TRK_00046,EVT_01,46,Madonna - Girl Gone Wild (Offer Nissim Remix),Madonna,Girls Gone Wild,Offer Nissim Remix,,SONG_0046,HIGH,Title spelling normalized: 'Girl Gone Wild' -> 'Girls Gone Wild',WhatsApp Image 2026-09-04 at 20.19.05.jpeg
TRK_00047,EVT_01,47,Suzanne Palmer - Fascinated (Offer Nissim Remix),Suzanne Palmer,Fascinated,Offer Nissim Remix,,SONG_0047,HIGH,,WhatsApp Image 2026-09-04 at 20.19.05.jpeg
TRK_00048,EVT_01,48,Offer Nissim Feat. Dana International - We Can Make It,Offer Nissim Feat. Dana International,We Can Make It,,,SONG_0048,HIGH,,WhatsApp Image 2026-09-04 at 20.19.05.jpeg
TRK_00049,EVT_01,49,Offer Nissim Feat Sailo - Forgive Me (Club Mix),Offer Nissim Feat. Sailo,Forgive Me,Club Mix,,SONG_0049,HIGH,Artist normalized: 'Offer Nissim Feat Sailo' -> 'Offer Nissim Feat. Sailo',WhatsApp Image 2026-09-04 at 20.19.05.jpeg
TRK_00050,EVT_01,50,Offer Nissim Brothers in Rhythm - Such a Good Feeling,Brothers In Rhythm,Such A Good Feeling,Offer Nissim Remix,,SONG_0050,HIGH,Source reads 'Offer Nissim Brothers in Rhythm' with a dropped dash; it is the Offer Nissim Remix - confirmed by archive owner.,WhatsApp Image 2026-09-04 at 20.19.05.jpeg
TRK_00051,EVT_01,51,Billie Ray Martin - The Glittering Gutter (Offer Nissim Remix),Billie Ray Martin,The Glittering Gutter,Offer Nissim Remix,,SONG_0051,HIGH,,WhatsApp Image 2026-09-04 at 20.19.05.jpeg
TRK_00052,EVT_01,52,Offer Nissim Presents: Jimmy Fontana - El Mundo,Offer Nissim Presents Jimmy Fontana,El Mundo,,,SONG_0052,HIGH,Artist normalized: 'Offer Nissim Presents: Jimmy Fontana' -> 'Offer Nissim Presents Jimmy Fontana',WhatsApp Image 2026-09-04 at 20.19.05.jpeg
TRK_00053,EVT_01,53,Gabriel & Dresden Feat. Kristine W. - Save My Soul (Offer Nissim Mix),Kristine W.,Save My Soul,Gabriel & Dresden Mix (Offer Nissim Mix),,SONG_0053,MEDIUM,Corrected 26.09.2026: Artist corrected: the song is Kristine W. - Save My Soul; Gabriel & Dresden are the remixers (Beatport / Spotify / Wikipedia),WhatsApp Image 2026-09-04 at 20.19.05.jpeg
TRK_00054,EVT_01,54,Britney Meets Hollywood - Gimme More And More (Offer Nissim Remix),Britney Meets Hollywood,Gimme More And More,Offer Nissim Remix,,SONG_0054,HIGH,,WhatsApp Image 2026-09-04 at 20.19.05.jpeg
TRK_00055,EVT_01,55,Anita Mayer - Why Tell Me Why (Offer Nissim Remix),Anita Meyer,Why Tell Me Why,Offer Nissim Remix,,SONG_0055,HIGH,Artist normalized: 'Anita Mayer' -> 'Anita Meyer',WhatsApp Image 2026-09-04 at 20.19.05.jpeg
TRK_00056,EVT_01,56,Offer Nissim Feat. ROCKING SON - Moskau (Official Remix),Offer Nissim Feat. ROCKING SON,Moskau,Official Remix,,SONG_0056,HIGH,,WhatsApp Image 2026-09-04 at 20.19.05.jpeg
TRK_00057,EVT_01,57,Offer Nissim Presents : Barcelona,Offer Nissim,Barcelona,,,SONG_0057,HIGH,'Barcelona' is the song title - confirmed by archive owner.,WhatsApp Image 2026-09-04 at 20.19.05.jpeg
TRK_00058,EVT_01,58,Shirley Bassey - La Passione - Offer Nissim Remix,Shirley Bassey,La Passione,Offer Nissim Remix,,SONG_0058,HIGH,,WhatsApp Image 2026-09-04 at 20.19.05.jpeg
TRK_00059,EVT_01,59,Kim Wilde - Loved (Offer Nissim Mix),Kim Wilde,Loved,Offer Nissim Mix,,SONG_0059,HIGH,,WhatsApp Image 2026-09-04 at 20.19.05.jpeg
TRK_00060,EVT_01,60,Offer Nissim - Ahasuerus,Offer Nissim,Ahasuerus,,,SONG_0003,HIGH,,WhatsApp Image 2026-09-04 at 20.19.05.jpeg
TRK_00061,EVT_02,1,Offer Nissim Feat. The Israeli Opera - Hymns To God,Offer Nissim Feat. The Israeli Opera,Hymns To God,,,SONG_0060,HIGH,,WhatsApp Image 2026-09-04 at 20.19.05 (1).jpeg
TRK_00062,EVT_02,2,Offer Nissim Feat. Maya Simantov - Open Up,Offer Nissim Feat. Maya Simantov,Open Up,,,SONG_0061,HIGH,,WhatsApp Image 2026-09-04 at 20.19.05 (1).jpeg
TRK_00063,EVT_02,3,Offer Nissim Feat. Ivana Lola - Kriminal Eye,Offer Nissim Feat. Ivana Lola,Kriminal Eye,,,SONG_0019,HIGH,,WhatsApp Image 2026-09-04 at 20.19.05 (1).jpeg
TRK_00064,EVT_02,4,Black Box - Everybody Everybody - Offer Nissim Remix,Black Box,Everybody Everybody,Offer Nissim Remix,,SONG_0062,HIGH,,WhatsApp Image 2026-09-04 at 20.19.05 (1).jpeg
TRK_00065,EVT_02,5,Offer Nissim Feat. Meital De Razon - My Pride,Offer Nissim Feat. Meital De Razon,My Pride,,,SONG_0063,HIGH,,WhatsApp Image 2026-09-04 at 20.19.05 (1).jpeg
TRK_00066,EVT_02,6,DJ Extasia & Zach Adam feat Rony G - Light Beams - Offer Nissim Remix,Extasia & Zach Adam Feat. Rony G,Light Beams,Offer Nissim Remix,,SONG_0007,HIGH,Artist normalized: 'DJ Extasia & Zach Adam feat Rony G' -> 'Extasia & Zach Adam Feat. Rony G',WhatsApp Image 2026-09-04 at 20.19.05 (1).jpeg
TRK_00067,EVT_02,7,Offer Nissim - Crazy Things At Night,Offer Nissim,Crazy Things At Night,,,SONG_0001,HIGH,,WhatsApp Image 2026-09-04 at 20.19.05 (1).jpeg
TRK_00068,EVT_02,8,Cher- Gimme! Gimme! (A Man After Midnight) - Offer Nissim Needs A Man Remix,Cher,Gimme! Gimme! Gimme! (A Man After Midnight),Offer Nissim Needs A Man Remix,,SONG_0031,HIGH,Source has only two 'Gimme!' and no space after 'Cher-'; same song.,WhatsApp Image 2026-09-04 at 20.19.05 (1).jpeg
TRK_00069,EVT_02,9,Offer Nissim Feat. Yael Poliakov And Ilan Peled (Miri Paskal) - Sing From Your Pussy - The Tricksters,Offer Nissim Feat. The Tricksters (Yael Poliakov And Ilan Peled),Sing From Your Pussy,,,SONG_0014,HIGH,'(Miri Paskal)' character credit dropped; 'The Tricksters' is the act's name.,WhatsApp Image 2026-09-04 at 20.19.05 (1).jpeg
TRK_00070,EVT_02,10,Offer Nissim - Shalom Aleychem,Offer Nissim,Shalom Aleychem,,,SONG_0044,HIGH,,WhatsApp Image 2026-09-04 at 20.19.05 (1).jpeg
TRK_00071,EVT_02,11,Offer Nissim Feat. Riki Ben-Ari - Fame,Offer Nissim Feat. Riki Ben-Ari,Fame,,,SONG_0021,HIGH,,WhatsApp Image 2026-09-04 at 20.19.05 (1).jpeg
TRK_00072,EVT_02,12,Offer Nissim Feat. Maya Simantov - Let Me Live,Offer Nissim Feat. Maya Simantov,Let Me Live,,,SONG_0040,HIGH,,WhatsApp Image 2026-09-04 at 20.19.05 (1).jpeg
TRK_00073,EVT_02,13,Amelia Lily - Bring Me Joy - Offer Nissim Remix,Amelia Lily,You Bring Me Joy,Offer Nissim Remix,,SONG_0020,HIGH,Title spelling normalized: 'Bring Me Joy' -> 'You Bring Me Joy',WhatsApp Image 2026-09-04 at 20.19.05 (1).jpeg
TRK_00074,EVT_02,14,Offer Nissim Present: The Bitches - Ain't No Mountain,Offer Nissim Presents The Bitches,Ain't No Mountain,,,SONG_0064,HIGH,Artist normalized: 'Offer Nissim Present: The Bitches' -> 'Offer Nissim Presents The Bitches',WhatsApp Image 2026-09-04 at 20.19.05 (1).jpeg
TRK_00075,EVT_02,15,Offer Nissim - Esther,Offer Nissim,Esther,,,SONG_0002,HIGH,,WhatsApp Image 2026-09-04 at 20.19.05 (1).jpeg
TRK_00076,EVT_02,16,Madonna X Maluma - Medellin - Offer Nissim Set Me Free Remix,Madonna X Maluma,Medellin,Offer Nissim Set Me Free Remix,,SONG_0065,HIGH,,WhatsApp Image 2026-09-04 at 20.19.05 (1).jpeg
TRK_00077,EVT_02,17,Offer Nissim Feat. Nasrin Qadri - Lord Of Mercy,Offer Nissim Feat. Nasrin Kadri,Lord Of Mercy,,,SONG_0066,HIGH,Artist normalized: 'Offer Nissim Feat. Nasrin Qadri' -> 'Offer Nissim Feat. Nasrin Kadri',WhatsApp Image 2026-09-04 at 20.19.05 (1).jpeg
TRK_00078,EVT_02,18,Farid El Atrache - Banadi Aleik (Offer Nissim Remix),Farid El Atrache,Banadi Aleik,Offer Nissim Remix,,SONG_0067,HIGH,,WhatsApp Image 2026-09-04 at 20.19.05 (1).jpeg
TRK_00079,EVT_02,19,Offer Nissim Feat. Eyal Golan - Lo Mevina Ivrit,Offer Nissim Feat. Eyal Golan,Lo Mevina Ivrit,,,SONG_0027,HIGH,,WhatsApp Image 2026-09-04 at 20.19.05 (1).jpeg
TRK_00080,EVT_02,20,Offer Nissim - Dancing,Offer Nissim,Dancing,,,SONG_0068,HIGH,,WhatsApp Image 2026-09-04 at 20.19.05 (1).jpeg
TRK_00081,EVT_02,21,The Trash Mermaids - Xperiel - Offer Nissim Remix,The Trash Mermaids,Xperiel,Offer Nissim Remix,,SONG_0018,HIGH,,WhatsApp Image 2026-09-04 at 20.19.05 (1).jpeg
TRK_00082,EVT_02,22,Michelle Obama All-Star Girl Power Anthem - This Is For My Girls - Offer Nissim Remix,Michelle Obama All-Star Girl Power Anthem,This Is For My Girls,Offer Nissim Remix,,SONG_0069,HIGH,,WhatsApp Image 2026-09-04 at 20.19.05 (1).jpeg
TRK_00083,EVT_02,23,Offer Nissim Feat. Maya Simantov - Rainbow,Offer Nissim Feat. Maya Simantov,Rainbow,,,SONG_0070,HIGH,,WhatsApp Image 2026-09-04 at 20.19.05 (1).jpeg
TRK_00084,EVT_02,24,Offer Nissim Feat. Zach Adam & Riki Ben-Ari - Born To Dance,Offer Nissim Feat. Zach Adam & Riki Ben-Ari,Born To Dance,,,SONG_0071,HIGH,,WhatsApp Image 2026-09-04 at 20.19.05 (1).jpeg
TRK_00085,EVT_02,25,Offer Nissim Feat. Riki Ben-Ari - Dance The Night,Offer Nissim Feat. Riki Ben-Ari,Dance The Night,,,SONG_0006,HIGH,,WhatsApp Image 2026-09-04 at 20.19.05 (1).jpeg
TRK_00086,EVT_02,26,Offer Nissim Feat. Maya Simantov - Pefect Love,Offer Nissim Feat. Maya Simantov,Perfect Love,,,SONG_0041,HIGH,Title spelling normalized: 'Pefect Love' -> 'Perfect Love',WhatsApp Image 2026-09-04 at 20.19.05 (1).jpeg
TRK_00087,EVT_02,27,Offer Nissim Feat. Maya Simantov - Wish You Were Here,Offer Nissim Feat. Maya Simantov,Wish You Were Here,,,SONG_0072,HIGH,,WhatsApp Image 2026-09-04 at 20.19.05 (1).jpeg
TRK_00088,EVT_02,28,Paul Oakenfold - Souther Sun - Offer Nissim Remix,Paul Oakenfold,Southern Sun,Offer Nissim Remix,,SONG_0073,HIGH,Title spelling normalized: 'Souther Sun' -> 'Southern Sun',WhatsApp Image 2026-09-04 at 20.19.05 (1).jpeg
TRK_00089,EVT_02,29,Vanessa Paradis - Joe Le Taxi - Offer Nissim Remix,Vanessa Paradis,Joe Le Taxi,Offer Nissim Remix,,SONG_0074,HIGH,,WhatsApp Image 2026-09-04 at 20.19.05 (1).jpeg
TRK_00090,EVT_02,30,ABBA - SOS - Offer Nissim Remix,ABBA,SOS,Offer Nissim Remix,,SONG_0075,HIGH,,WhatsApp Image 2026-09-04 at 20.19.05 (1).jpeg
TRK_00091,EVT_02,31,Offer Nissim Feat. Maya Simantov - Come Out,Offer Nissim Feat. Maya Simantov,Come Out,,,SONG_0076,HIGH,,WhatsApp Image 2026-09-04 at 20.19.05 (1).jpeg
TRK_00092,EVT_02,32,Offer Nissim Feat. Gila Goldstein - Feel It,Offer Nissim Feat. Gila Goldstein,Feel It,,,SONG_0010,HIGH,,WhatsApp Image 2026-09-04 at 20.19.05 (1).jpeg
TRK_00093,EVT_02,33,Offer Nissim - Another Cha Cha (Peter Rauhofer's NYC Edit),Offer Nissim,Cha Cha Cha,Peter Rauhofer NYC Edit,,SONG_0023,HIGH,Corrected 03.10.2026: official title per Offer Nissim's release (Spotify / Beatport / Star 69 Records: 'Cha Cha Cha (Peter Rauhofer NYC Edit)'),WhatsApp Image 2026-09-04 at 20.19.05 (1).jpeg
TRK_00094,EVT_02,34,Offer Nissim - Africa,Offer Nissim,Africa,,,SONG_0077,HIGH,,WhatsApp Image 2026-09-04 at 20.19.05 (1).jpeg
TRK_00095,EVT_02,35,Offer Nissim - Osa Osa (Original Mix),Offer Nissim,Osa Osa,Original Mix,,SONG_0078,HIGH,,WhatsApp Image 2026-09-04 at 20.19.05 (1).jpeg
TRK_00096,EVT_02,36,Eartha Kitt - Where Is My Man - Offer Nissim Remix,Eartha Kitt,Where Is My Man,Offer Nissim Remix,,SONG_0079,HIGH,,WhatsApp Image 2026-09-04 at 20.19.05 (1).jpeg
TRK_00097,EVT_02,37,Offer Nissim Feat. Maya Simantov - Everybody Needs A Man,Offer Nissim Feat. Maya Simantov,Everybody Needs A Man,,,SONG_0032,HIGH,,WhatsApp Image 2026-09-04 at 20.19.05 (1).jpeg
TRK_00098,EVT_02,38,Offer Nissim Ft. Epiphony & Elisete - Million Stars (Club Mix),Offer Nissim Feat. Epiphony & Elisete,Million Stars,Club Mix,,SONG_0080,HIGH,Artist normalized: 'Offer Nissim Ft. Epiphony & Elisete' -> 'Offer Nissim Feat. Epiphony & Elisete',WhatsApp Image 2026-09-04 at 20.19.05 (1).jpeg
TRK_00099,EVT_02,39,Offer Nisim ft. Betty - Poison,Offer Nissim Feat. Betty,Poison (Ra'al),,,SONG_0081,HIGH,Title spelling normalized: 'Poison' -> 'Poison (Ra'al)'; Artist normalized: 'Offer Nisim ft. Betty' -> 'Offer Nissim Feat. Betty',WhatsApp Image 2026-09-04 at 20.19.05 (1).jpeg
TRK_00100,EVT_02,40,Miri Mesika - Mefahed Allay'ich - Offer Nissim Remix,Miri Mesika,Mefahed Allay'ich,Offer Nissim Remix,,SONG_0013,HIGH,,WhatsApp Image 2026-09-04 at 20.19.05 (1).jpeg
TRK_00101,EVT_02,41,Offer Nissim - A Relationship With A Man,Offer Nissim,A Relationship With A Man,,,SONG_0082,HIGH,,WhatsApp Image 2026-09-04 at 20.19.05 (1).jpeg
TRK_00102,EVT_02,42,Deborah Cox - Easy As Life (Offer Nissim Remix),Deborah Cox,Easy As Life,Offer Nissim Remix,,SONG_0083,HIGH,,WhatsApp Image 2026-09-04 at 20.19.05 (1).jpeg
TRK_00103,EVT_02,43,Anita Mayer - Why Tell Me Why (Offer Nissim Remix),Anita Meyer,Why Tell Me Why,Offer Nissim Remix,,SONG_0055,HIGH,Artist normalized: 'Anita Mayer' -> 'Anita Meyer',WhatsApp Image 2026-09-04 at 20.19.05 (1).jpeg
TRK_00104,EVT_02,44,Donna Summer & Barbra Streisand - Enough Is Enough 2017 (Offer Nissim's Drama Remix),Donna Summer & Barbra Streisand,Enough Is Enough,2017 (Offer Nissim's Drama Remix),,SONG_0084,HIGH,'2017' belongs to the remix label.,WhatsApp Image 2026-09-04 at 20.19.05 (1).jpeg
TRK_00105,EVT_02,45,Offer Nissim Feat. Ania Bukstein - Rokedet,Offer Nissim Feat. Ania Bukstein,Rokedet,,,SONG_0034,HIGH,,WhatsApp Image 2026-09-04 at 20.19.05 (1).jpeg
TRK_00106,EVT_02,46,Offer Nissim X Ania Bukstein - Equality,Offer Nissim X Ania Bukstein,Equality,,,SONG_0085,HIGH,,WhatsApp Image 2026-09-04 at 20.19.05 (1).jpeg
TRK_00107,EVT_02,47,Offer Nissim Feat. Meital De Razon & Riki Ben-Ari - Better Man,Offer Nissim Feat. Meital De Razon & Riki Ben-Ari,Better Man,,,SONG_0086,HIGH,,WhatsApp Image 2026-09-04 at 20.19.05 (1).jpeg
TRK_00108,EVT_02,48,Aretha Franklin - Rolling In The Deep (Offer Nissim Remix),Aretha Franklin,Rolling In The Deep,Offer Nissim Remix,,SONG_0087,HIGH,,WhatsApp Image 2026-09-04 at 20.19.05 (1).jpeg
TRK_00109,EVT_02,49,Offer Nissim - Fucker,Offer Nissim,Fucker,,,SONG_0088,HIGH,,WhatsApp Image 2026-09-04 at 20.19.05 (1).jpeg
TRK_00110,EVT_02,50,Offer Nissim - Set My Mind Free,Offer Nissim,Set My Mind Free,,,SONG_0035,HIGH,,WhatsApp Image 2026-09-04 at 20.19.05 (1).jpeg
TRK_00111,EVT_02,51,Anggun - The Good Is Back - Offer Nissim Remix,Anggun,The Good Is Back,Offer Nissim Remix,,SONG_0089,HIGH,,WhatsApp Image 2026-09-04 at 20.19.05 (1).jpeg
TRK_00112,EVT_02,52,Idan Raichel - Achshav Nish'arnu - Offer Nissim Remix,Idan Raichel,Achshav Nish'arnu,Offer Nissim Remix,,SONG_0090,HIGH,,WhatsApp Image 2026-09-04 at 20.19.05 (1).jpeg
TRK_00113,EVT_02,53,Offer Nissim - Completely Yourself,Offer Nissim,Completely Yourself,,,SONG_0045,HIGH,,WhatsApp Image 2026-09-04 at 20.19.05 (1).jpeg
TRK_00114,EVT_02,54,Offer Nissim Feat. Dana International - Layla Tov Eropa,Offer Nissim Feat. Dana International,Layla Tov Eropa,,,SONG_0091,HIGH,,WhatsApp Image 2026-09-04 at 20.19.05 (1).jpeg
TRK_00115,EVT_02,55,Offer Nissim X Ninet - Who Wants To Live Forever,Offer Nissim X Ninet,Who Wants To Live Forever,,,SONG_0092,HIGH,,WhatsApp Image 2026-09-04 at 20.19.05 (1).jpeg
TRK_00116,EVT_03,1,Madonna - God Control - Offer Nissim's Rosh Hashanah Remix,Madonna,God Control,Offer Nissim's Rosh Hashanah Remix,,SONG_0093,HIGH,,WhatsApp Image 2026-09-04 at 20.19.05 (2).jpeg
TRK_00117,EVT_03,2,Offer Nissim - Theater Club,Offer Nissim,Theater Club,,,SONG_0094,HIGH,,WhatsApp Image 2026-09-04 at 20.19.05 (2).jpeg
TRK_00118,EVT_03,3,Love De-Luxe - Here Comes That Sound - Offer Nissim Remix,Love De-Luxe,Here Comes That Sound Again,Offer Nissim Remix,,SONG_0095,HIGH,Corrected 26.09.2026: Official title is 'Here Comes That Sound Again' (Discogs / Wikipedia),WhatsApp Image 2026-09-04 at 20.19.05 (2).jpeg
TRK_00119,EVT_03,4,Offer Nissim Vs Michael Jackson - Off The Wall,Offer Nissim Vs Michael Jackson,Off The Wall,,,SONG_0096,HIGH,,WhatsApp Image 2026-09-04 at 20.19.05 (2).jpeg
TRK_00120,EVT_03,5,Vali - Pluto - Offer Nissim Remix,Vali,Pluto,Offer Nissim Remix,,SONG_0030,HIGH,,WhatsApp Image 2026-09-04 at 20.19.05 (2).jpeg
TRK_00121,EVT_03,6,Offer Nissim Feat. Maya Simantov - Wake Up (Original Mix),Offer Nissim Feat. Maya Simantov,Wake Up,Original Mix,,SONG_0022,HIGH,,WhatsApp Image 2026-09-04 at 20.19.05 (2).jpeg
TRK_00122,EVT_03,7,Offer Nissim Feat. Maya Simantov - Lie (Live Performance),Offer Nissim Feat. Maya Simantov,Lie,Live Performance,,SONG_0097,HIGH,,WhatsApp Image 2026-09-04 at 20.19.05 (2).jpeg
TRK_00123,EVT_03,8,Offer Nissim Feat. The Israeli Opera - Hymns To God,Offer Nissim Feat. The Israeli Opera,Hymns To God,,,SONG_0060,HIGH,,WhatsApp Image 2026-09-04 at 20.19.05 (2).jpeg
TRK_00124,EVT_03,9,Cher - Gimme Gimme Gimme! - A Man After Midnight - Offer Nissim Remix,Cher,Gimme! Gimme! Gimme! (A Man After Midnight),Offer Nissim Remix,,SONG_0031,HIGH,Subtitle written as a separate dash segment; version as written is 'Offer Nissim Remix' (not the 'Needs A Man' wording).,WhatsApp Image 2026-09-04 at 20.19.05 (2).jpeg
TRK_00125,EVT_03,10,Offer Nissim Feat. Zach Adam - You Need My Love,Offer Nissim Feat. Zach Adam,You Need My Love,,,SONG_0098,HIGH,,WhatsApp Image 2026-09-04 at 20.19.05 (2).jpeg
TRK_00126,EVT_03,11,Offer Nissim Feat. Zach Adam & Riki Ben-Ari - Born To Dance,Offer Nissim Feat. Zach Adam & Riki Ben-Ari,Born To Dance,,,SONG_0071,HIGH,,WhatsApp Image 2026-09-04 at 20.19.05 (2).jpeg
TRK_00127,EVT_03,12,Offer Nissim Feat. Riki Ben-Ari - Dance The Night,Offer Nissim Feat. Riki Ben-Ari,Dance The Night,,,SONG_0006,HIGH,,WhatsApp Image 2026-09-04 at 20.19.05 (2).jpeg
TRK_00128,EVT_03,13,Offer Nissim Feat. Ivana Lola - Kriminal Eye,Offer Nissim Feat. Ivana Lola,Kriminal Eye,,,SONG_0019,HIGH,,WhatsApp Image 2026-09-04 at 20.19.05 (2).jpeg
TRK_00129,EVT_03,14,Offer Nissim - Dancing,Offer Nissim,Dancing,,,SONG_0068,HIGH,,WhatsApp Image 2026-09-04 at 20.19.05 (2).jpeg
TRK_00130,EVT_03,15,Offer Nissim - Shalom Aleychem,Offer Nissim,Shalom Aleychem,,,SONG_0044,HIGH,,WhatsApp Image 2026-09-04 at 20.19.05 (2).jpeg
TRK_00131,EVT_03,16,Offer Nissim Feat. Ania Bukstein - ROKEDET,Offer Nissim Feat. Ania Bukstein,Rokedet,,,SONG_0034,HIGH,,WhatsApp Image 2026-09-04 at 20.19.05 (2).jpeg
TRK_00132,EVT_03,17,Offer Nissim Feat. Eyal Golan - Lo Mevina Ivrit,Offer Nissim Feat. Eyal Golan,Lo Mevina Ivrit,,,SONG_0027,HIGH,,WhatsApp Image 2026-09-04 at 20.19.05 (2).jpeg
TRK_00133,EVT_03,18,Offer Nissim Feat. Sarit Hadad - Shufuni,Offer Nissim Feat. Sarit Hadad,Shufuni,,,SONG_0012,HIGH,,WhatsApp Image 2026-09-04 at 20.19.05 (2).jpeg
TRK_00134,EVT_03,19,Offer Nissim Feat. Nasrin Qadri - Lord Of Mercy,Offer Nissim Feat. Nasrin Kadri,Lord Of Mercy,,,SONG_0066,HIGH,Artist normalized: 'Offer Nissim Feat. Nasrin Qadri' -> 'Offer Nissim Feat. Nasrin Kadri',WhatsApp Image 2026-09-04 at 20.19.05 (2).jpeg
TRK_00135,EVT_03,20,Dana International - Petra (Offer Nissim '08 Reconstruction),Dana International,Petra,Offer Nissim '08 Reconstruction,,SONG_0099,HIGH,,WhatsApp Image 2026-09-04 at 20.19.05 (2).jpeg
TRK_00136,EVT_03,21,Offer Nissim Feat Yael Poliakov And Ilan Peled - Sing From Your Pussy - The Tricksters,Offer Nissim Feat. The Tricksters (Yael Poliakov And Ilan Peled),Sing From Your Pussy,,,SONG_0014,HIGH,'The Tricksters' is part of the act's name (Yael Poliakov and Ilan Peled) - confirmed by archive owner.,WhatsApp Image 2026-09-04 at 20.19.05 (2).jpeg
TRK_00137,EVT_03,22,Offer Nissim Presents Ilan Peled - Ćest Coccinelle,Offer Nissim Presents Ilan Peled,C'est Coccinelle,,,SONG_0100,HIGH,,WhatsApp Image 2026-09-04 at 20.19.05 (2).jpeg
TRK_00138,EVT_03,23,Suzanne Palmer - Fascinated (Offer Nissim Remix),Suzanne Palmer,Fascinated,Offer Nissim Remix,,SONG_0047,HIGH,,WhatsApp Image 2026-09-04 at 20.19.05 (2).jpeg
TRK_00139,EVT_03,24,Britney Spears - Till The World Ends (Offer Nissim & Itay Kalderon Lovers Remix),Britney Spears,Till The World Ends,Offer Nissim & Itay Kalderon Lovers Remix,,SONG_0101,HIGH,,WhatsApp Image 2026-09-04 at 20.19.05 (2).jpeg
TRK_00140,EVT_03,25,Beyonce - Run The World (Itay kalderon & Adi Perez Remix),Beyoncé,Run The World (Girls),Itay kalderon & Adi Perez Remix,,SONG_0102,HIGH,Corrected 26.09.2026: Official spelling: 'Beyonce - Run The World' -> 'Beyoncé - Run The World (Girls)',WhatsApp Image 2026-09-04 at 20.19.05 (2).jpeg
TRK_00141,EVT_03,26,This Is For My Girls (Offer Nissim Remix),Michelle Obama All-Star Girl Power Anthem,This Is For My Girls,Offer Nissim Remix,,SONG_0069,HIGH,No artist printed in source; confirmed by archive owner to be the Michelle Obama All-Star Girl Power Anthem track.,WhatsApp Image 2026-09-04 at 20.19.05 (2).jpeg
TRK_00142,EVT_03,27,Donna Summer & Barbra Streisand - Enough Is Enough 2017 (Offer Nissim's Drama Remix),Donna Summer & Barbra Streisand,Enough Is Enough,2017 (Offer Nissim's Drama Remix),,SONG_0084,HIGH,'2017' belongs to the remix label.,WhatsApp Image 2026-09-04 at 20.19.05 (2).jpeg
TRK_00143,EVT_03,28,Keren Peles - מי אני Mi Ani מי אני - Offer Nissim Remix (Live Performance),Keren Peles,Mi Ani,Offer Nissim Remix (Live Performance),,SONG_0103,HIGH,Title written in Hebrew and transliteration; normalized to 'Mi Ani'.,WhatsApp Image 2026-09-04 at 20.19.05 (2).jpeg
TRK_00144,EVT_03,29,Offer Nissim Vs Led Zeppelin - Whole Lotta Love,Offer Nissim Vs Led Zeppelin,Whole Lotta Love,,,SONG_0104,HIGH,,WhatsApp Image 2026-09-04 at 20.19.05 (2).jpeg
TRK_00145,EVT_03,30,Madonna X Maluma - Medellín - Offer Nissim Set Me Free Remix,Madonna X Maluma,Medellin,Offer Nissim Set Me Free Remix,,SONG_0065,HIGH,,WhatsApp Image 2026-09-04 at 20.19.05 (2).jpeg
TRK_00146,EVT_03,31,Madonna - I Rise - Offer Nissim Remix,Madonna,I Rise,Offer Nissim Remix,,SONG_0105,HIGH,,WhatsApp Image 2026-09-04 at 20.19.05 (2).jpeg
TRK_00147,EVT_03,32,Offer Nissim – Esther,Offer Nissim,Esther,,,SONG_0002,HIGH,,WhatsApp Image 2026-09-04 at 20.19.05 (2).jpeg
TRK_00148,EVT_03,33,Angie Stone - Wish I Didn't Miss You - Offer Nissim Remix,Angie Stone,Wish I Didn't Miss You,Offer Nissim Remix,,SONG_0106,HIGH,,WhatsApp Image 2026-09-04 at 20.19.05 (2).jpeg
TRK_00149,EVT_03,34,Offer Nissim Presents: Jimmy Fontana - El Mundo,Offer Nissim Presents Jimmy Fontana,El Mundo,,,SONG_0052,HIGH,Artist normalized: 'Offer Nissim Presents: Jimmy Fontana' -> 'Offer Nissim Presents Jimmy Fontana',WhatsApp Image 2026-09-04 at 20.19.05 (2).jpeg
TRK_00150,EVT_03,35,Offer Nissim Feat. Maya Simantov - Searching,Offer Nissim Feat. Maya Simantov,Searching,,,SONG_0107,HIGH,,WhatsApp Image 2026-09-04 at 20.19.05 (2).jpeg
TRK_00151,EVT_03,36,Offer Nissim Feat. Maya Simantov - Holding On,Offer Nissim Feat. Maya Simantov,Holding On,,,SONG_0108,HIGH,,WhatsApp Image 2026-09-04 at 20.19.05 (2).jpeg
TRK_00152,EVT_03,37,Anggun - The Good Is Back - Offer Nissim Remix,Anggun,The Good Is Back,Offer Nissim Remix,,SONG_0089,HIGH,,WhatsApp Image 2026-09-04 at 20.19.05 (2).jpeg
TRK_00153,EVT_03,38,Offer Nisim ft. Betty - Poison,Offer Nissim Feat. Betty,Poison (Ra'al),,,SONG_0081,HIGH,Title spelling normalized: 'Poison' -> 'Poison (Ra'al)'; Artist normalized: 'Offer Nisim ft. Betty' -> 'Offer Nissim Feat. Betty',WhatsApp Image 2026-09-04 at 20.19.05 (2).jpeg
TRK_00154,EVT_03,39,Offer Nissim Presents Ofra Haza - Latet (Reconstruction Mix),Offer Nissim Presents Ofra Haza,Latet,Reconstruction Mix,,SONG_0109,HIGH,,WhatsApp Image 2026-09-04 at 20.19.05 (2).jpeg
TRK_00155,EVT_03,40,Offer Nissim Feat Sailo - Forgive Me (Techno Mix),Offer Nissim Feat. Sailo,Forgive Me,Techno Mix,,SONG_0049,HIGH,Artist normalized: 'Offer Nissim Feat Sailo' -> 'Offer Nissim Feat. Sailo',WhatsApp Image 2026-09-04 at 20.19.05 (2).jpeg
TRK_00156,EVT_03,41,Offer Nissim Ft. Omri Mizrahi - Don't Stop The Dance (Original Mix),Offer Nissim Feat. Omri Mizrahi,Don't Stop The Dance,Original Mix,,SONG_0110,HIGH,Artist normalized: 'Offer Nissim Ft. Omri Mizrahi' -> 'Offer Nissim Feat. Omri Mizrahi',WhatsApp Image 2026-09-04 at 20.19.05 (2).jpeg
TRK_00157,EVT_03,42,Offer Nissim x Mergui - City Lights,Offer Nissim X Mergui,City Lights,,,SONG_0111,HIGH,Artist normalized: 'Offer Nissim x Mergui' -> 'Offer Nissim X Mergui',WhatsApp Image 2026-09-04 at 20.19.05 (2).jpeg
TRK_00158,EVT_03,43,Offer Nissim – Sex,Offer Nissim,Sex,,,SONG_0112,HIGH,,WhatsApp Image 2026-09-04 at 20.19.05 (2).jpeg
TRK_00159,EVT_03,44,Offer Nissim Feat. Maya Simantov - Let Me Live,Offer Nissim Feat. Maya Simantov,Let Me Live,,,SONG_0040,HIGH,,WhatsApp Image 2026-09-04 at 20.19.05 (2).jpeg
TRK_00160,EVT_03,45,Amelia Lily - You Bring Me Joy - Offer Nissim Remix,Amelia Lily,You Bring Me Joy,Offer Nissim Remix,,SONG_0020,HIGH,,WhatsApp Image 2026-09-04 at 20.19.05 (2).jpeg
TRK_00161,EVT_03,46,Offer Nissim - Up To The Top,Offer Nissim,Up To The Top,,,SONG_0113,HIGH,,WhatsApp Image 2026-09-04 at 20.19.05 (2).jpeg
TRK_00162,EVT_03,47,Lara Fabian - Growing Wings - Offer Nissim Remix,Lara Fabian,Growing Wings,Offer Nissim Remix,,SONG_0005,HIGH,,WhatsApp Image 2026-09-04 at 20.19.05 (2).jpeg
TRK_00163,EVT_03,48,Chava Alberstein - The Treasure - Offer Nissim Remix,Chava Alberstein,The Treasure,Offer Nissim Remix,,SONG_0114,HIGH,,WhatsApp Image 2026-09-04 at 20.19.05 (2).jpeg
TRK_00164,EVT_03,49,Offer Nissim - Movement - Let The Music Play | Shannon,Offer Nissim,Movement - Let The Music Play | Shannon,,,SONG_0115,HIGH,"Track name kept whole ('Movement', built on Shannon's 'Let The Music Play'); no version stated.",WhatsApp Image 2026-09-04 at 20.19.05 (2).jpeg
TRK_00165,EVT_03,50,Offer Nissim - Set My Mind Free,Offer Nissim,Set My Mind Free,,,SONG_0035,HIGH,,WhatsApp Image 2026-09-04 at 20.19.05 (2).jpeg
TRK_00166,EVT_03,51,Offer Nissim - A Relationship With A Man,Offer Nissim,A Relationship With A Man,,,SONG_0082,HIGH,,WhatsApp Image 2026-09-04 at 20.19.05 (2).jpeg
TRK_00167,EVT_03,52,Billie Ray Martin - The Glittering Gutter (Offer Nissim Remix),Billie Ray Martin,The Glittering Gutter,Offer Nissim Remix,,SONG_0051,HIGH,,WhatsApp Image 2026-09-04 at 20.19.05 (2).jpeg
TRK_00168,EVT_03,53,Offer Nissim Feat Ilan Peled - Pot Pot,Offer Nissim Feat. Ilan Peled,Pot Pot,,,SONG_0116,HIGH,Artist normalized: 'Offer Nissim Feat Ilan Peled' -> 'Offer Nissim Feat. Ilan Peled',WhatsApp Image 2026-09-04 at 20.19.05 (2).jpeg
TRK_00169,EVT_03,54,Michael Jackson - Billie Jean '08 (Offer Nissim Remix Part 2),Michael Jackson,Billie Jean,'08 (Offer Nissim Remix Part 2),,SONG_0117,HIGH,,WhatsApp Image 2026-09-04 at 20.19.05 (2).jpeg
TRK_00170,EVT_03,55,Chrissy Metz - I'm Standing With You - Offer Nissim Remix,Chrissy Metz,I'm Standing With You,Offer Nissim Remix,,SONG_0118,HIGH,,WhatsApp Image 2026-09-04 at 20.19.05 (2).jpeg
TRK_00171,EVT_03,56,Offer Nissim - Completely Yourself,Offer Nissim,Completely Yourself,,,SONG_0045,HIGH,,WhatsApp Image 2026-09-04 at 20.19.05 (2).jpeg
TRK_00172,EVT_04,1,Offer Nissim Feat. Riki Ben-Ari - Light My Fire (Live Performance),Offer Nissim Feat. Riki Ben-Ari,Light My Fire,Live Performance,,SONG_0119,HIGH,,WhatsApp Image 2026-09-04 at 20.19.06.jpeg
TRK_00173,EVT_04,2,Offer Nissim - Lost The Music,Offer Nissim,Lost In Music,,,SONG_0120,HIGH,Title spelling normalized: 'Lost The Music' -> 'Lost In Music',WhatsApp Image 2026-09-04 at 20.19.06.jpeg
TRK_00174,EVT_04,3,Ivana Lola Feat. AC & GetFar - Don't You Hide (L.I.B.) Offer Nissim Remix,Ivana Lola Feat. AC & GetFar,Don't You Hide (L.I.B.),Offer Nissim Remix,,SONG_0121,HIGH,Remix credit written without a separating dash.,WhatsApp Image 2026-09-04 at 20.19.06.jpeg
TRK_00175,EVT_04,4,Madonna - I Don't Search I Find - Offer Nissim Remix,Madonna,I Don't Search I Find,Offer Nissim Remix,,SONG_0122,HIGH,,WhatsApp Image 2026-09-04 at 20.19.06.jpeg
TRK_00176,EVT_04,5,Suzanne Palmer - Free My Love - Offer Nissim Remix,Suzanne Palmer,Free My Love,Offer Nissim Remix,,SONG_0123,HIGH,,WhatsApp Image 2026-09-04 at 20.19.06.jpeg
TRK_00177,EVT_04,6,Offer Nissim Feat. Maya Simantov - Lie,Offer Nissim Feat. Maya Simantov,Lie,,,SONG_0097,HIGH,,WhatsApp Image 2026-09-04 at 20.19.06.jpeg
TRK_00178,EVT_04,7,Offer Nissim Feat. Maya Simantov - Happy People,Offer Nissim Feat. Maya Simantov,Happy People,,,SONG_0124,HIGH,,WhatsApp Image 2026-09-04 at 20.19.06.jpeg
TRK_00179,EVT_04,8,Offer Nissim Feat. Epiphony - Heaven In Your Eyes - Avicii Tribute,Offer Nissim Feat. Epiphony,Heaven In Your Eyes,Avicii Tribute,,SONG_0125,HIGH,,WhatsApp Image 2026-09-04 at 20.19.06.jpeg
TRK_00180,EVT_04,9,Rivka Zohar - Il n'est Pas Comme Hier - Offer Nissim Remix,Rivka Zohar,Il n'est Pas Comme Hier,Offer Nissim Remix,,SONG_0126,HIGH,,WhatsApp Image 2026-09-04 at 20.19.06.jpeg
TRK_00181,EVT_04,10,Offer Nissim Pres. Ilan Peled - Udrub (Original Mix),Offer Nissim Presents Ilan Peled,Udrub,Original Mix,,SONG_0127,HIGH,Artist normalized: 'Offer Nissim Pres. Ilan Peled' -> 'Offer Nissim Presents Ilan Peled',WhatsApp Image 2026-09-04 at 20.19.06.jpeg
TRK_00182,EVT_04,11,Rita - Bigharar (Offer Nissim Extended Remix),Rita,Beegharar,Offer Nissim Extended Remix,,SONG_0026,HIGH,Corrected 26.09.2026: Title spelling per Offer Nissim's official release (Spotify: 'Beegharar - Offer Nissim Club Remix'),WhatsApp Image 2026-09-04 at 20.19.06.jpeg
TRK_00183,EVT_04,12,Offer Nissim Feat. Nasrin Qadri - Lord Of Mercy,Offer Nissim Feat. Nasrin Kadri,Lord Of Mercy,,,SONG_0066,HIGH,Artist normalized: 'Offer Nissim Feat. Nasrin Qadri' -> 'Offer Nissim Feat. Nasrin Kadri',WhatsApp Image 2026-09-04 at 20.19.06.jpeg
TRK_00184,EVT_04,13,Offer Nissim Feat. Dana International - We Can Make It,Offer Nissim Feat. Dana International,We Can Make It,,,SONG_0048,HIGH,,WhatsApp Image 2026-09-04 at 20.19.06.jpeg
TRK_00185,EVT_04,14,Aretha Franklin - Rolling In The Deep - Offer Nissim Remix,Aretha Franklin,Rolling In The Deep,Offer Nissim Remix,,SONG_0087,HIGH,,WhatsApp Image 2026-09-04 at 20.19.06.jpeg
TRK_00186,EVT_04,15,Offer Nissim X Ania Bukstein - Equality,Offer Nissim X Ania Bukstein,Equality,,,SONG_0085,HIGH,,WhatsApp Image 2026-09-04 at 20.19.06.jpeg
TRK_00187,EVT_04,16,Katy B - Crying For No Reason (Offer Nissim Remix),Katy B,Crying For No Reason,Offer Nissim Remix,,SONG_0128,HIGH,,WhatsApp Image 2026-09-04 at 20.19.06.jpeg
TRK_00188,EVT_04,17,Cher - Gimme! Gimme! Gimme! (Offer Nissim Needs A Man Remix),Cher,Gimme! Gimme! Gimme! (A Man After Midnight),Offer Nissim Needs A Man Remix,,SONG_0031,HIGH,Title spelling normalized: 'Gimme! Gimme! Gimme!' -> 'Gimme! Gimme! Gimme! (A Man After Midnight)',WhatsApp Image 2026-09-04 at 20.19.06.jpeg
TRK_00189,EVT_04,18,The Trash Mermaids - Xperiel - Offer Nissim Remix,The Trash Mermaids,Xperiel,Offer Nissim Remix,,SONG_0018,HIGH,,WhatsApp Image 2026-09-04 at 20.19.06.jpeg
TRK_00190,EVT_04,19,Vali - Pluto - Offer Nissim Remix,Vali,Pluto,Offer Nissim Remix,,SONG_0030,HIGH,,WhatsApp Image 2026-09-04 at 20.19.06.jpeg
TRK_00191,EVT_04,20,Offer Nissim - Bimbo (Original Mix),Offer Nissim,Bimbo,Original Mix,,SONG_0129,HIGH,,WhatsApp Image 2026-09-04 at 20.19.06.jpeg
TRK_00192,EVT_04,21,Offer Nissim Feat. The Israeli Opera - Hymns To God,Offer Nissim Feat. The Israeli Opera,Hymns To God,,,SONG_0060,HIGH,,WhatsApp Image 2026-09-04 at 20.19.06.jpeg
TRK_00193,EVT_04,22,Offer Nissim Feat. Maya Simantov - Miracle,Offer Nissim Feat. Maya Simantov,Miracle,,,SONG_0130,HIGH,,WhatsApp Image 2026-09-04 at 20.19.06.jpeg
TRK_00194,EVT_04,23,Extasia & Zach Adam feat. Rony G - Light Beams - Offer Nissim Remix,Extasia & Zach Adam Feat. Rony G,Light Beams,Offer Nissim Remix,,SONG_0007,HIGH,Artist normalized: 'Extasia & Zach Adam feat. Rony G' -> 'Extasia & Zach Adam Feat. Rony G',WhatsApp Image 2026-09-04 at 20.19.06.jpeg
TRK_00195,EVT_04,24,Offer Nissim Feat. Riki Ben-Ari - Dance The Night,Offer Nissim Feat. Riki Ben-Ari,Dance The Night,,,SONG_0006,HIGH,,WhatsApp Image 2026-09-04 at 20.19.06.jpeg
TRK_00196,EVT_04,25,Offer Nissim - Movement - Let The Music Play | Shannon,Offer Nissim,Movement - Let The Music Play | Shannon,,,SONG_0115,HIGH,"Track name kept whole ('Movement', built on Shannon's 'Let The Music Play'); no version stated.",WhatsApp Image 2026-09-04 at 20.19.06.jpeg
TRK_00197,EVT_04,26,The Young Professionals - Be With You Tonight - Offer Nissim Remix,The Young Professionals,Be With You Tonight,Offer Nissim Remix,,SONG_0131,HIGH,,WhatsApp Image 2026-09-04 at 20.19.06.jpeg
TRK_00198,EVT_04,27,Madonna - God Control - Offer Nissim's Rosh Hashana Remix,Madonna,God Control,Offer Nissim's Rosh Hashana Remix,,SONG_0093,HIGH,,WhatsApp Image 2026-09-04 at 20.19.06.jpeg
TRK_00199,EVT_04,28,Madonna - I Rise - Offer Nissim remix,Madonna,I Rise,Offer Nissim remix,,SONG_0105,HIGH,,WhatsApp Image 2026-09-04 at 20.19.06.jpeg
TRK_00200,EVT_04,29,Offer Nissim - Up To The Top,Offer Nissim,Up To The Top,,,SONG_0113,HIGH,,WhatsApp Image 2026-09-04 at 20.19.06.jpeg
TRK_00201,EVT_04,30,Offer Nissim Feat. Eyal Golan - Lo Mevina Ivrit,Offer Nissim Feat. Eyal Golan,Lo Mevina Ivrit,,,SONG_0027,HIGH,,WhatsApp Image 2026-09-04 at 20.19.06.jpeg
TRK_00202,EVT_04,31,Offer Nissim Feat. Maya Simantov - Everybody Needs A Man,Offer Nissim Feat. Maya Simantov,Everybody Needs A Man,,,SONG_0032,HIGH,,WhatsApp Image 2026-09-04 at 20.19.06.jpeg
TRK_00203,EVT_04,32,Offer Nissim Feat. Maya Simantov - Im In Love,Offer Nissim Feat. Maya Simantov,I'm In Love,,,SONG_0033,HIGH,,WhatsApp Image 2026-09-04 at 20.19.06.jpeg
TRK_00204,EVT_04,33,Anita Mayer - Why Tell Me Why (Offer Nissim Remix),Anita Meyer,Why Tell Me Why,Offer Nissim Remix,,SONG_0055,HIGH,Artist normalized: 'Anita Mayer' -> 'Anita Meyer',WhatsApp Image 2026-09-04 at 20.19.06.jpeg
TRK_00205,EVT_04,34,Be Alright Feat. Kristine W. (Offer Nissim Mix),Kristine W.,Be Alright,Offer Nissim Mix,,SONG_0132,HIGH,Source lists title before artist ('Be Alright Feat. Kristine W.'); reordered - confirmed by archive owner. Version wording kept as printed.,WhatsApp Image 2026-09-04 at 20.19.06.jpeg
TRK_00206,EVT_04,35,Jean-Jacques Goldman - La vie par procuration (Offer Nissim Remix),Jean-Jacques Goldman,La Vie Par Procuration,Offer Nissim Remix,,SONG_0133,HIGH,,WhatsApp Image 2026-09-04 at 20.19.06.jpeg
TRK_00207,EVT_04,36,Offer Nissim Feat. Assaf Amdrusky - Again,Offer Nissim Feat. Assaf Amdursky,Again,,,SONG_0134,HIGH,Corrected 26.09.2026: Artist spelling: 'Amdrusky' -> 'Amdursky',WhatsApp Image 2026-09-04 at 20.19.06.jpeg
TRK_00208,EVT_04,37,Offer Nissim - Each Other,Offer Nissim,Each Other,,,SONG_0135,HIGH,,WhatsApp Image 2026-09-04 at 20.19.06.jpeg
TRK_00209,EVT_04,38,Offer Nissim - Crazy Things At Night,Offer Nissim,Crazy Things At Night,,,SONG_0001,HIGH,,WhatsApp Image 2026-09-04 at 20.19.06.jpeg
TRK_00210,EVT_04,39,Offer Nissim - Set My Mind Free,Offer Nissim,Set My Mind Free,,,SONG_0035,HIGH,,WhatsApp Image 2026-09-04 at 20.19.06.jpeg
TRK_00211,EVT_04,40,Chic - I Want Your Love (Nirious Remix),Chic,I Want Your Love,Nirious Remix,,SONG_0136,HIGH,"Corrected 26.09.2026: Transcription error: image reads 'Chic', not 'Cher'",WhatsApp Image 2026-09-04 at 20.19.06.jpeg
TRK_00212,EVT_04,41,Age of Love - The Age Of Love (Solomun Remix),Age of Love,The Age Of Love,Solomun Remix,,SONG_0137,HIGH,,WhatsApp Image 2026-09-04 at 20.19.06.jpeg
TRK_00213,EVT_04,42,Celeda - The Underground - Peter Rauhofer's Original Underground Mix,Celeda,The Underground,Peter Rauhofer's Original Underground Mix,,SONG_0138,HIGH,,WhatsApp Image 2026-09-04 at 20.19.06.jpeg
TRK_00214,EVT_04,43,Offer Nissim - A Relationship With A Man,Offer Nissim,A Relationship With A Man,,,SONG_0082,HIGH,,WhatsApp Image 2026-09-04 at 20.19.06.jpeg
TRK_00215,EVT_04,44,Offer Nissim Feat. Maya Simantov - Hook Up,Offer Nissim Feat. Maya Simantov,Hook Up,,,SONG_0139,HIGH,,WhatsApp Image 2026-09-04 at 20.19.06.jpeg
TRK_00216,EVT_04,45,Offer Nissim Feat. Maya - Wish You Were Here,Offer Nissim Feat. Maya Simantov,Wish You Were Here,,,SONG_0072,HIGH,Artist normalized: 'Offer Nissim Feat. Maya' -> 'Offer Nissim Feat. Maya Simantov',WhatsApp Image 2026-09-04 at 20.19.06.jpeg
TRK_00217,EVT_04,46,Offer Nissim Feat. Epiphony - Out Of My Skin,Offer Nissim Feat. Epiphony,Out Of My Skin,,,SONG_0140,HIGH,,WhatsApp Image 2026-09-04 at 20.19.06.jpeg
TRK_00218,EVT_04,47,Chrissy Metz - I'm Standing With You - Offer Nissim Remix,Chrissy Metz,I'm Standing With You,Offer Nissim Remix,,SONG_0118,HIGH,,WhatsApp Image 2026-09-04 at 20.19.06.jpeg
TRK_00219,EVT_04,48,Offer Nissim Feat. Meital De Razon & Riki Ben-Ari - Better Man,Offer Nissim Feat. Meital De Razon & Riki Ben-Ari,Better Man,,,SONG_0086,HIGH,,WhatsApp Image 2026-09-04 at 20.19.06.jpeg
TRK_00220,EVT_04,49,Offer Nissim Presents: The Bitches - Ain't No Mountain,Offer Nissim Presents The Bitches,Ain't No Mountain,,,SONG_0064,HIGH,Artist normalized: 'Offer Nissim Presents: The Bitches' -> 'Offer Nissim Presents The Bitches',WhatsApp Image 2026-09-04 at 20.19.06.jpeg
TRK_00221,EVT_04,50,Anggun - The Good Is Back - Offer Nissim Remix,Anggun,The Good Is Back,Offer Nissim Remix,,SONG_0089,HIGH,,WhatsApp Image 2026-09-04 at 20.19.06.jpeg
TRK_00222,EVT_04,51,Billie Ray Martin - The Glittering Gutter (Offer Nissim Remix),Billie Ray Martin,The Glittering Gutter,Offer Nissim Remix,,SONG_0051,HIGH,,WhatsApp Image 2026-09-04 at 20.19.06.jpeg
TRK_00223,EVT_04,52,Offer Nissim Feat. Maya Simantov - Let Me Live,Offer Nissim Feat. Maya Simantov,Let Me Live,,,SONG_0040,HIGH,,WhatsApp Image 2026-09-04 at 20.19.06.jpeg
TRK_00224,EVT_04,53,Offer Nissim Feat. Ilan Peled - Mushi Mushi,Offer Nissim Feat. Ilan Peled,Mushi Mushi,,,SONG_0015,HIGH,,WhatsApp Image 2026-09-04 at 20.19.06.jpeg
TRK_00225,EVT_04,54,Offer Nissim Feat. Yael Poliakov And Ilan Peled - Sing From Your Pussy,Offer Nissim Feat. Yael Poliakov And Ilan Peled,Sing From Your Pussy,,,SONG_0014,HIGH,,WhatsApp Image 2026-09-04 at 20.19.06.jpeg
TRK_00226,EVT_04,55,Offer Nissim - Completely Yourself,Offer Nissim,Completely Yourself,,,SONG_0045,HIGH,,WhatsApp Image 2026-09-04 at 20.19.06.jpeg
TRK_00227,EVT_05,1,Offer Nissim Feat. The Israeli Opera - Hymns To God,Offer Nissim Feat. The Israeli Opera,Hymns To God,,,SONG_0060,HIGH,,WhatsApp Image 2026-09-04 at 20.19.06 (1).jpeg
TRK_00228,EVT_05,2,Madonna - I Don't Search I Find - Offer Nissim Remix,Madonna,I Don't Search I Find,Offer Nissim Remix,,SONG_0122,HIGH,,WhatsApp Image 2026-09-04 at 20.19.06 (1).jpeg
TRK_00229,EVT_05,3,Offer Nissim - Esther,Offer Nissim,Esther,,,SONG_0002,HIGH,,WhatsApp Image 2026-09-04 at 20.19.06 (1).jpeg
TRK_00230,EVT_05,4,Cher - Gimme! Gimme! Gimme! (A Man After Midnight),Cher,Gimme! Gimme! Gimme! (A Man After Midnight),,,SONG_0031,HIGH,No version stated in source.,WhatsApp Image 2026-09-04 at 20.19.06 (1).jpeg
TRK_00231,EVT_05,5,The Trash Mermaids - Xperiel - Offer Nissim Remix,The Trash Mermaids,Xperiel,Offer Nissim Remix,,SONG_0018,HIGH,,WhatsApp Image 2026-09-04 at 20.19.06 (1).jpeg
TRK_00232,EVT_05,6,Offer Nissim Feat. Riki Ben-Ari - Dance The Night,Offer Nissim Feat. Riki Ben-Ari,Dance The Night,,,SONG_0006,HIGH,,WhatsApp Image 2026-09-04 at 20.19.06 (1).jpeg
TRK_00233,EVT_05,7,Amelia Lily - You Bring Me Joy - Offer Nissim Remix,Amelia Lily,You Bring Me Joy,Offer Nissim Remix,,SONG_0020,HIGH,,WhatsApp Image 2026-09-04 at 20.19.06 (1).jpeg
TRK_00234,EVT_05,8,Offer Nissim Feat. Maya Simantov - I'm In Love,Offer Nissim Feat. Maya Simantov,I'm In Love,,,SONG_0033,HIGH,,WhatsApp Image 2026-09-04 at 20.19.06 (1).jpeg
TRK_00235,EVT_05,9,Offer Nissim Feat. Maya Simantov - Let Me Live,Offer Nissim Feat. Maya Simantov,Let Me Live,,,SONG_0040,HIGH,,WhatsApp Image 2026-09-04 at 20.19.06 (1).jpeg
TRK_00236,EVT_05,10,Offer Nissim Present: The Bitches - Ain't No Mountain,Offer Nissim Presents The Bitches,Ain't No Mountain,,,SONG_0064,HIGH,Artist normalized: 'Offer Nissim Present: The Bitches' -> 'Offer Nissim Presents The Bitches',WhatsApp Image 2026-09-04 at 20.19.06 (1).jpeg
TRK_00237,EVT_05,11,Michelle Obama All-Star Girl Power Anthem - This Is For My Girls - Offer Nissim Remix,Michelle Obama All-Star Girl Power Anthem,This Is For My Girls,Offer Nissim Remix,,SONG_0069,HIGH,,WhatsApp Image 2026-09-04 at 20.19.06 (1).jpeg
TRK_00238,EVT_05,12,Offer Nissim - Up To The Top,Offer Nissim,Up To The Top,,,SONG_0113,HIGH,,WhatsApp Image 2026-09-04 at 20.19.06 (1).jpeg
TRK_00239,EVT_05,13,Offer Nissim - Osa Osa (Original Mix),Offer Nissim,Osa Osa,Original Mix,,SONG_0078,HIGH,,WhatsApp Image 2026-09-04 at 20.19.06 (1).jpeg
TRK_00240,EVT_05,14,Offer Nissim - Africa,Offer Nissim,Africa,,,SONG_0077,HIGH,,WhatsApp Image 2026-09-04 at 20.19.06 (1).jpeg
TRK_00241,EVT_05,15,Offer Nissim - Cha Cha Cha (Peter Rauhofer's NYC Edit),Offer Nissim,Cha Cha Cha,Peter Rauhofer NYC Edit,,SONG_0023,HIGH,"Same track as 'Another Cha Cha' (Offer Nissim's production of Santa Esmeralda's song, Peter Rauhofer NYC Edit) - confirmed by archive owner 06.09.2026. | Corrected 03.10.2026: official title per Offer Nissim's release (Spotify / Beatport / Star 69 Records: 'Cha Cha Cha (Peter Rauhofer NYC Edit)')",WhatsApp Image 2026-09-04 at 20.19.06 (1).jpeg
TRK_00242,EVT_05,16,Shirley Bassey - La Passione - Offer Nissim Remix,Shirley Bassey,La Passione,Offer Nissim Remix,,SONG_0058,HIGH,,WhatsApp Image 2026-09-04 at 20.19.06 (1).jpeg
TRK_00243,EVT_05,17,Suzanne Palmer - Free My Love - Offer Nissim Remix,Suzanne Palmer,Free My Love,Offer Nissim Remix,,SONG_0123,HIGH,,WhatsApp Image 2026-09-04 at 20.19.06 (1).jpeg
TRK_00244,EVT_05,18,Offer Nissim - Lost The Music,Offer Nissim,Lost In Music,,,SONG_0120,HIGH,Title spelling normalized: 'Lost The Music' -> 'Lost In Music',WhatsApp Image 2026-09-04 at 20.19.06 (1).jpeg
TRK_00245,EVT_05,19,Offer Nissim - Movement - Let The Music Play | Shannon,Offer Nissim,Movement - Let The Music Play | Shannon,,,SONG_0115,HIGH,"Track name kept whole ('Movement', built on Shannon's 'Let The Music Play'); no version stated.",WhatsApp Image 2026-09-04 at 20.19.06 (1).jpeg
TRK_00246,EVT_05,20,Offer Nissim Feat. Maya Simantov - Everybody Needs A Man,Offer Nissim Feat. Maya Simantov,Everybody Needs A Man,,,SONG_0032,HIGH,,WhatsApp Image 2026-09-04 at 20.19.06 (1).jpeg
TRK_00247,EVT_05,21,Eartha Kitt - Where Is My Man - Offer Nissim Remix,Eartha Kitt,Where Is My Man,Offer Nissim Remix,,SONG_0079,HIGH,,WhatsApp Image 2026-09-04 at 20.19.06 (1).jpeg
TRK_00248,EVT_05,22,Katy B - Crying For No Reason (Offer Nissim Remix),Katy B,Crying For No Reason,Offer Nissim Remix,,SONG_0128,HIGH,,WhatsApp Image 2026-09-04 at 20.19.06 (1).jpeg
TRK_00249,EVT_05,23,Offer Nissim Feat. Epiphony - Out Of My Skin,Offer Nissim Feat. Epiphony,Out Of My Skin,,,SONG_0140,HIGH,,WhatsApp Image 2026-09-04 at 20.19.06 (1).jpeg
TRK_00250,EVT_05,24,Anita Mayer - Why Tell Me Why (Offer Nissim Remix),Anita Meyer,Why Tell Me Why,Offer Nissim Remix,,SONG_0055,HIGH,Artist normalized: 'Anita Mayer' -> 'Anita Meyer',WhatsApp Image 2026-09-04 at 20.19.06 (1).jpeg
TRK_00251,EVT_05,25,Offer Nissim - Crazy Things At Night,Offer Nissim,Crazy Things At Night,,,SONG_0001,HIGH,,WhatsApp Image 2026-09-04 at 20.19.06 (1).jpeg
TRK_00252,EVT_05,26,Suzanne Palmer - Fascinated (Offer Nissim Remix),Suzanne Palmer,Fascinated,Offer Nissim Remix,,SONG_0047,HIGH,,WhatsApp Image 2026-09-04 at 20.19.06 (1).jpeg
TRK_00253,EVT_05,27,U2 – Love Is Bigger Than Anything In Its Way – Offer Nissim Remix,U2,Love Is Bigger Than Anything In Its Way,Offer Nissim Remix,,SONG_0141,HIGH,,WhatsApp Image 2026-09-04 at 20.19.06 (1).jpeg
TRK_00254,EVT_05,28,Offer Nissim Feat. Maya Simantov - Perfect Love,Offer Nissim Feat. Maya Simantov,Perfect Love,,,SONG_0041,HIGH,,WhatsApp Image 2026-09-04 at 20.19.06 (1).jpeg
TRK_00255,EVT_05,29,Madonna - I Rise - Offer Nissim Remix,Madonna,I Rise,Offer Nissim Remix,,SONG_0105,HIGH,,WhatsApp Image 2026-09-04 at 20.19.06 (1).jpeg
TRK_00256,EVT_05,30,Offer Nissim - Completely Yourself,Offer Nissim,Completely Yourself,,,SONG_0045,HIGH,,WhatsApp Image 2026-09-04 at 20.19.06 (1).jpeg
TRK_00257,EVT_06,1,Offer Nissim Feat. Maya Simantov - Like There Is No Tomorrow INTRO,Offer Nissim Feat. Maya Simantov,Like There Is No Tomorrow,INTRO,,SONG_0142,HIGH,'INTRO' appended to title without separator; treated as version.,WhatsApp Image 2026-09-04 at 20.36.46.jpeg
TRK_00258,EVT_06,2,Offer Nissim - Studio 54,Offer Nissim,Studio 54,,,SONG_0143,HIGH,,WhatsApp Image 2026-09-04 at 20.36.46.jpeg
TRK_00259,EVT_06,3,Brothers In Rhythm - Such a Good Feeling -  Offer Nissim Remix,Brothers In Rhythm,Such A Good Feeling,Offer Nissim Remix,,SONG_0050,HIGH,,WhatsApp Image 2026-09-04 at 20.36.46.jpeg
TRK_00260,EVT_06,4,Amelia Lily - You Bring Me Joy - Offer Nissim Remix,Amelia Lily,You Bring Me Joy,Offer Nissim Remix,,SONG_0020,HIGH,,WhatsApp Image 2026-09-04 at 20.36.46.jpeg
TRK_00261,EVT_06,5,Offer Nissim Feat. Deborah Cox - Summer Of Love,Offer Nissim Feat. Deborah Cox,Summer Of Love,,,SONG_0144,HIGH,,WhatsApp Image 2026-09-04 at 20.36.46.jpeg
TRK_00262,EVT_06,6,Offer Nissim Feat. Ilan Peled - Pot Pot,Offer Nissim Feat. Ilan Peled,Pot Pot,,,SONG_0116,HIGH,,WhatsApp Image 2026-09-04 at 20.36.46.jpeg
TRK_00263,EVT_06,7,Cher - Gimme! Gimme! Gimme! (Offer Nissim Needs A Man Remix),Cher,Gimme! Gimme! Gimme! (A Man After Midnight),Offer Nissim Needs A Man Remix,,SONG_0031,HIGH,Title spelling normalized: 'Gimme! Gimme! Gimme!' -> 'Gimme! Gimme! Gimme! (A Man After Midnight)',WhatsApp Image 2026-09-04 at 20.36.46.jpeg
TRK_00264,EVT_06,8,MR.BLACK & Offer Nissim - Mucho Bien - Reconstruction Mix,Mr. Black & Offer Nissim,Mucho Bien,Reconstruction Mix,,SONG_0145,HIGH,Artist normalized: 'MR.BLACK & Offer Nissim' -> 'Mr. Black & Offer Nissim',WhatsApp Image 2026-09-04 at 20.36.46.jpeg
TRK_00265,EVT_06,9,Offer Nissim - Bombay,Offer Nissim,Bombay,,,SONG_0146,HIGH,,WhatsApp Image 2026-09-04 at 20.36.46.jpeg
TRK_00266,EVT_06,10,Lara Fabian - Growing Wings - Offer Nissim Remix,Lara Fabian,Growing Wings,Offer Nissim Remix,,SONG_0005,HIGH,,WhatsApp Image 2026-09-04 at 20.36.46.jpeg
TRK_00267,EVT_06,11,Offer Nissim - Shalom Aleychem,Offer Nissim,Shalom Aleychem,,,SONG_0044,HIGH,,WhatsApp Image 2026-09-04 at 20.36.46.jpeg
TRK_00268,EVT_06,12,Offer Nissim - La Talya,Offer Nissim,La Talya,,,SONG_0147,HIGH,,WhatsApp Image 2026-09-04 at 20.36.46.jpeg
TRK_00269,EVT_06,13,Offer Nissim - Bimbo (Original Mix),Offer Nissim,Bimbo,Original Mix,,SONG_0129,HIGH,,WhatsApp Image 2026-09-04 at 20.36.46.jpeg
TRK_00270,EVT_06,14,Offer Nissim Feat. Riki Ben Ari - I Can't Sleep At Night,Offer Nissim Feat. Riki Ben-Ari,I Can't Sleep At Night,,,SONG_0148,HIGH,Artist normalized: 'Offer Nissim Feat. Riki Ben Ari' -> 'Offer Nissim Feat. Riki Ben-Ari',WhatsApp Image 2026-09-04 at 20.36.46.jpeg
TRK_00271,EVT_06,15,Offer Nissim Presents: The Bitches - Ain't No Mountain,Offer Nissim Presents The Bitches,Ain't No Mountain,,,SONG_0064,HIGH,Artist normalized: 'Offer Nissim Presents: The Bitches' -> 'Offer Nissim Presents The Bitches',WhatsApp Image 2026-09-04 at 20.36.46.jpeg
TRK_00272,EVT_06,16,M.O. All-Star Girl Power Anthem - This Is For My Girls - Offer Nissim Remix,Michelle Obama All-Star Girl Power Anthem,This Is For My Girls,Offer Nissim Remix,,SONG_0069,HIGH,Artist normalized: 'M.O. All-Star Girl Power Anthem' -> 'Michelle Obama All-Star Girl Power Anthem',WhatsApp Image 2026-09-04 at 20.36.46.jpeg
TRK_00273,EVT_06,17,Madonna - I Don't Search I Find - Offer Nissim Remix,Madonna,I Don't Search I Find,Offer Nissim Remix,,SONG_0122,HIGH,,WhatsApp Image 2026-09-04 at 20.36.46.jpeg
TRK_00274,EVT_06,18,Offer Nissim - Lost The Music,Offer Nissim,Lost In Music,,,SONG_0120,HIGH,Title spelling normalized: 'Lost The Music' -> 'Lost In Music',WhatsApp Image 2026-09-04 at 20.36.46.jpeg
TRK_00275,EVT_06,19,Offer Nissim Feat. Maya Simantov - Open Up,Offer Nissim Feat. Maya Simantov,Open Up,,,SONG_0061,HIGH,,WhatsApp Image 2026-09-04 at 20.36.46.jpeg
TRK_00276,EVT_06,20,Offer Nissim Feat. Robin S. - Show Me Love,Offer Nissim Feat. Robin S.,Show Me Love,,,SONG_0149,HIGH,,WhatsApp Image 2026-09-04 at 20.36.46.jpeg
TRK_00277,EVT_06,21,Offer Nissim & Mr. Black - Show Me Love - Pride Version - Vox By SAILO,Offer Nissim & Mr. Black,Show Me Love,Pride Version - Vox By SAILO,,SONG_0149,HIGH,"A version of Show Me Love (Robin S.); same song, different version - confirmed by archive owner.",WhatsApp Image 2026-09-04 at 20.36.46.jpeg
TRK_00278,EVT_06,22,Offer Nissim Feat. The Israeli Opera - Hymns To God,Offer Nissim Feat. The Israeli Opera,Hymns To God,,,SONG_0060,HIGH,,WhatsApp Image 2026-09-04 at 20.36.46.jpeg
TRK_00279,EVT_06,23,Offer Nissim X Harel Skaat - Ahava Nafshi (Live Performance),Offer Nissim X Harel Skaat,Ahava Nafshi,Live Performance,,SONG_0150,HIGH,,WhatsApp Image 2026-09-04 at 20.36.46.jpeg
TRK_00280,EVT_06,24,Offer Nissim Feat. Ania Bukstein - ROKEDET,Offer Nissim Feat. Ania Bukstein,Rokedet,,,SONG_0034,HIGH,,WhatsApp Image 2026-09-04 at 20.36.46.jpeg
TRK_00281,EVT_06,25,Offer Nissim Feat. Maya Simantov - Everybody Needs A Man,Offer Nissim Feat. Maya Simantov,Everybody Needs A Man,,,SONG_0032,HIGH,,WhatsApp Image 2026-09-04 at 20.36.46.jpeg
TRK_00282,EVT_06,26,Love De-Luxe - Here Comes That Sound - Offer Nissim Remix,Love De-Luxe,Here Comes That Sound Again,Offer Nissim Remix,,SONG_0095,HIGH,Corrected 26.09.2026: Official title is 'Here Comes That Sound Again' (Discogs / Wikipedia),WhatsApp Image 2026-09-04 at 20.36.46.jpeg
TRK_00283,EVT_06,27,Offer Nissim - Movement - Let The Music Play | Shannon,Offer Nissim,Movement - Let The Music Play | Shannon,,,SONG_0115,HIGH,"Track name kept whole ('Movement', built on Shannon's 'Let The Music Play'); no version stated.",WhatsApp Image 2026-09-04 at 20.36.46.jpeg
TRK_00284,EVT_06,28,"MNEK - At Night , I Think About You (Offer Nissim Remix)",MNEK,"At Night, I Think About You",Offer Nissim Remix,,SONG_0151,HIGH,,WhatsApp Image 2026-09-04 at 20.36.46.jpeg
TRK_00285,EVT_06,29,Madonna - Living For Love (Offer Nissim Living For Drums Vocal Remix),Madonna,Living For Love,Offer Nissim Living For Drums Vocal Remix,,SONG_0152,HIGH,,WhatsApp Image 2026-09-04 at 20.36.46.jpeg
TRK_00286,EVT_06,30,Offer Nissim Feat. Maya Simantov – First Time,Offer Nissim Feat. Maya Simantov,First Time,,,SONG_0153,HIGH,,WhatsApp Image 2026-09-04 at 20.36.46.jpeg
TRK_00287,EVT_06,31,Offer Nissim Feat. Maya Simantov - I'm In Love,Offer Nissim Feat. Maya Simantov,I'm In Love,,,SONG_0033,HIGH,,WhatsApp Image 2026-09-04 at 20.36.46.jpeg
TRK_00288,EVT_06,32,Offer Nissim Feat. Maya Simantov - Like A Woman,Offer Nissim Feat. Maya Simantov,Like A Woman,,,SONG_0154,HIGH,,WhatsApp Image 2026-09-04 at 20.36.46.jpeg
TRK_00289,EVT_06,33,Offer Nissim Feat. Nasrin Kadry - Hubby,Offer Nissim Feat. Nasrin Kadri,Hubby,,,SONG_0155,HIGH,Artist normalized: 'Offer Nissim Feat. Nasrin Kadry' -> 'Offer Nissim Feat. Nasrin Kadri',WhatsApp Image 2026-09-04 at 20.36.46.jpeg
TRK_00290,EVT_06,34,Offer Nissim X Zehava Ben - ELAI (Live Performance),Offer Nissim X Zehava Ben,Elai,Live Performance,,SONG_0156,HIGH,,WhatsApp Image 2026-09-04 at 20.36.46.jpeg
TRK_00291,EVT_06,35,Offer Nissim Feat. Betty - Kol Doudi,Offer Nissim Feat. Betty,Kol Doudi,,,SONG_0157,HIGH,,WhatsApp Image 2026-09-04 at 20.36.46.jpeg
TRK_00292,EVT_06,36,Keren Peles // MI ANI - OFFER NISSIM REMIX,Keren Peles,Mi Ani,Offer Nissim Remix,,SONG_0103,HIGH,Unusual '//' separator and all-caps in source.,WhatsApp Image 2026-09-04 at 20.36.46.jpeg
TRK_00293,EVT_06,37,Miri Mesika - Mefahed Allay'ich - Offer Nissim Remix,Miri Mesika,Mefahed Allay'ich,Offer Nissim Remix,,SONG_0013,HIGH,,WhatsApp Image 2026-09-04 at 20.36.46.jpeg
TRK_00294,EVT_06,38,Dana International - Petra - Offer Nissim Reconstruction Mix,Dana International,Petra,Offer Nissim Reconstruction Mix,,SONG_0099,HIGH,,WhatsApp Image 2026-09-04 at 20.36.46.jpeg
TRK_00295,EVT_06,39,Offer Nissim Feat E.G. - Lo Mevina Ivrit - Pride Version (Live Performance),Offer Nissim Feat. Eyal Golan,Lo Mevina Ivrit,Pride Version (Live Performance),,SONG_0027,HIGH,'E.G.' = Eyal Golan - confirmed by archive owner.,WhatsApp Image 2026-09-04 at 20.36.46.jpeg
TRK_00296,EVT_06,40,U2 – Love Is Bigger Than Anything In Its Way – Offer Nissim Remix,U2,Love Is Bigger Than Anything In Its Way,Offer Nissim Remix,,SONG_0141,HIGH,,WhatsApp Image 2026-09-04 at 20.36.46.jpeg
TRK_00297,EVT_06,41,Anggun - The Good Is Back - Offer Nissim Remix,Anggun,The Good Is Back,Offer Nissim Remix,,SONG_0089,HIGH,,WhatsApp Image 2026-09-04 at 20.36.46.jpeg
TRK_00298,EVT_06,42,Offer Nissim Feat. Epiphony - Out Of My Skin,Offer Nissim Feat. Epiphony,Out Of My Skin,,,SONG_0140,HIGH,,WhatsApp Image 2026-09-04 at 20.36.46.jpeg
TRK_00299,EVT_06,43,Angie Stone - Wish I Didn't Miss You - Offer Nissim Remix,Angie Stone,Wish I Didn't Miss You,Offer Nissim Remix,,SONG_0106,HIGH,,WhatsApp Image 2026-09-04 at 20.36.46.jpeg
TRK_00300,EVT_06,44,Suzanne Palmer - Free My Love - Offer Nissim Remix,Suzanne Palmer,Free My Love,Offer Nissim Remix,,SONG_0123,HIGH,,WhatsApp Image 2026-09-04 at 20.36.46.jpeg
TRK_00301,EVT_06,45,Offer Nissim Feat. Maya - Wish You Were Here,Offer Nissim Feat. Maya Simantov,Wish You Were Here,,,SONG_0072,HIGH,Artist normalized: 'Offer Nissim Feat. Maya' -> 'Offer Nissim Feat. Maya Simantov',WhatsApp Image 2026-09-04 at 20.36.46.jpeg
TRK_00302,EVT_06,46,Offer Nissim Feat. Ilan Peled - Like A Mouse (Live Perfomance),Offer Nissim Feat. Ilan Peled,Like A Mouse,Live Perfomance,,SONG_0158,HIGH,,WhatsApp Image 2026-09-04 at 20.36.46.jpeg
TRK_00303,EVT_06,47,Offer Nissim Feat. Masaki Durian & Ilan Peled - Mayim,Offer Nissim Feat. Masaki Durian & Ilan Peled,Mayim,,,SONG_0159,HIGH,,WhatsApp Image 2026-09-04 at 20.36.46.jpeg
TRK_00304,EVT_06,48,Offer Nissim Feat. Maya Simantov - Tel Aviv,Offer Nissim Feat. Maya Simantov,Tel Aviv,,,SONG_0042,HIGH,,WhatsApp Image 2026-09-04 at 20.36.46.jpeg
TRK_00305,EVT_06,49,Offer Nissim Feat. Maya Simantov - Let Me Live (Live Performance),Offer Nissim Feat. Maya Simantov,Let Me Live,Live Performance,,SONG_0040,HIGH,,WhatsApp Image 2026-09-04 at 20.36.46.jpeg
TRK_00306,EVT_06,50,Offer Nissim - Completely Yourself,Offer Nissim,Completely Yourself,,,SONG_0045,HIGH,,WhatsApp Image 2026-09-04 at 20.36.46.jpeg
TRK_00307,EVT_07,1,Offer Nissim Feat. Meital De Razon - Like This Like That,Offer Nissim Feat. Meital De Razon,Like This Like That,,,SONG_0160,HIGH,,WhatsApp Image 2026-09-04 at 20.36.47.jpeg
TRK_00308,EVT_07,2,Offer Nissim - Esther,Offer Nissim,Esther,,,SONG_0002,HIGH,,WhatsApp Image 2026-09-04 at 20.36.47.jpeg
TRK_00309,EVT_07,3,Offer Nissim Feat. Maya Simantov - Zero Fucks,Offer Nissim Feat. Maya Simantov,Zero Fucks,,,SONG_0161,HIGH,,WhatsApp Image 2026-09-04 at 20.36.47.jpeg
TRK_00310,EVT_07,4,Offer Nissim - Studio 54,Offer Nissim,Studio 54,,,SONG_0143,HIGH,,WhatsApp Image 2026-09-04 at 20.36.47.jpeg
TRK_00311,EVT_07,5,Offer Nissim Feat. Maya Simantov - Illusion,Offer Nissim Feat. Maya Simantov,Illusion,,,SONG_0162,HIGH,,WhatsApp Image 2026-09-04 at 20.36.47.jpeg
TRK_00312,EVT_07,6,Offer Nissim Feat. Maya Simantov - I'm In Love,Offer Nissim Feat. Maya Simantov,I'm In Love,,,SONG_0033,HIGH,,WhatsApp Image 2026-09-04 at 20.36.47.jpeg
TRK_00313,EVT_07,7,Offer Nissim Feat. Ivana Lola - Kriminal Eye,Offer Nissim Feat. Ivana Lola,Kriminal Eye,,,SONG_0019,HIGH,,WhatsApp Image 2026-09-04 at 20.36.47.jpeg
TRK_00314,EVT_07,8,Offer Nissim Feat. Masaki Durian & Ilan Peled - Mayim,Offer Nissim Feat. Masaki Durian & Ilan Peled,Mayim,,,SONG_0159,HIGH,,WhatsApp Image 2026-09-04 at 20.36.47.jpeg
TRK_00315,EVT_07,9,Offer Nissim Feat. Ilan Peled - Viado Presidente (Live Performance),Offer Nissim Feat. Ilan Peled,Viado Presidente,Live Performance,,SONG_0163,HIGH,,WhatsApp Image 2026-09-04 at 20.36.47.jpeg
TRK_00316,EVT_07,10,Suzanne Palmer - Free My Love - Offer Nissim Remix,Suzanne Palmer,Free My Love,Offer Nissim Remix,,SONG_0123,HIGH,,WhatsApp Image 2026-09-04 at 20.36.47.jpeg
TRK_00317,EVT_07,11,Offer Nissim Feat. The Israeli Opera - Hymns To God,Offer Nissim Feat. The Israeli Opera,Hymns To God,,,SONG_0060,HIGH,,WhatsApp Image 2026-09-04 at 20.36.47.jpeg
TRK_00318,EVT_07,12,Offer Nissim Feat. Deborah Cox - Summer Of Love,Offer Nissim Feat. Deborah Cox,Summer Of Love,,,SONG_0144,HIGH,,WhatsApp Image 2026-09-04 at 20.36.47.jpeg
TRK_00319,EVT_07,13,Offer Nissim Feat. Riki Ben-Ari - Light My Fire,Offer Nissim Feat. Riki Ben-Ari,Light My Fire,,,SONG_0119,HIGH,,WhatsApp Image 2026-09-04 at 20.36.47.jpeg
TRK_00320,EVT_07,14,Kristine W. - The Wonder Of It All - Offer Nissim 2011 Remix,Kristine W.,The Wonder Of It All,Offer Nissim 2011 Remix,,SONG_0164,HIGH,,WhatsApp Image 2026-09-04 at 20.36.47.jpeg
TRK_00321,EVT_07,15,Offer Nissim Feat. Rivka Zohar - Shoshanat Yaakov,Offer Nissim Feat. Rivka Zohar,Shoshanat Yaakov,,,SONG_0165,HIGH,,WhatsApp Image 2026-09-04 at 20.36.47.jpeg
TRK_00322,EVT_07,16,Offer Nissim X Tair Haim - Laila (Live Performance),Offer Nissim X Tair Haim,Laila,Live Performance,,SONG_0166,HIGH,,WhatsApp Image 2026-09-04 at 20.36.47.jpeg
TRK_00323,EVT_07,17,Farid El Atrache - Banadi Aleik - Offer Nissim Remix,Farid El Atrache,Banadi Aleik,Offer Nissim Remix,,SONG_0067,HIGH,,WhatsApp Image 2026-09-04 at 20.36.47.jpeg
TRK_00324,EVT_07,18,Offer Nissim Feat. Nasrin Kadry - Hubby,Offer Nissim Feat. Nasrin Kadri,Hubby,,,SONG_0155,HIGH,Artist normalized: 'Offer Nissim Feat. Nasrin Kadry' -> 'Offer Nissim Feat. Nasrin Kadri',WhatsApp Image 2026-09-04 at 20.36.47.jpeg
TRK_00325,EVT_07,19,Rita - Beegharar - Offer Nissim Remix,Rita,Beegharar,Offer Nissim Remix,,SONG_0026,HIGH,Corrected 26.09.2026: Title spelling per Offer Nissim's official release (Spotify: 'Beegharar - Offer Nissim Club Remix'),WhatsApp Image 2026-09-04 at 20.36.47.jpeg
TRK_00326,EVT_07,20,Eyal Golan Feat. Offer Nissim - Eshal,Eyal Golan Feat. Offer Nissim,Eshal,,,SONG_0167,HIGH,Artist order reversed compared with later listings; same song.,WhatsApp Image 2026-09-04 at 20.36.47.jpeg
TRK_00327,EVT_07,21,Offer Nissim Feat. Eyal Golan - Lo Mevina Ivrit,Offer Nissim Feat. Eyal Golan,Lo Mevina Ivrit,,,SONG_0027,HIGH,,WhatsApp Image 2026-09-04 at 20.36.47.jpeg
TRK_00328,EVT_07,22,Offer Nissim - Ahasuerus,Offer Nissim,Ahasuerus,,,SONG_0003,HIGH,,WhatsApp Image 2026-09-04 at 20.36.47.jpeg
TRK_00329,EVT_07,23,Miri Paskal Feat. Firkat Al Nour - Tigi Nesam El Amar - Offer Nissim Remix,Miri Paskal Feat. Firkat Al Nour,Tigi Nesam El Amar,Offer Nissim Remix,,SONG_0168,HIGH,,WhatsApp Image 2026-09-04 at 20.36.47.jpeg
TRK_00330,EVT_07,24,Offer Nissim Present Linet & Ilan Peled - Falan Filan,Offer Nissim Presents Linet & Ilan Peled,Falan Filan,,,SONG_0169,HIGH,Artist normalized: 'Offer Nissim Present Linet & Ilan Peled' -> 'Offer Nissim Presents Linet & Ilan Peled',WhatsApp Image 2026-09-04 at 20.36.47.jpeg
TRK_00331,EVT_07,25,Offer Nissim - Shalom Aleychem,Offer Nissim,Shalom Aleychem,,,SONG_0044,HIGH,,WhatsApp Image 2026-09-04 at 20.36.47.jpeg
TRK_00332,EVT_07,26,Offer Nissim - Africa,Offer Nissim,Africa,,,SONG_0077,HIGH,,WhatsApp Image 2026-09-04 at 20.36.47.jpeg
TRK_00333,EVT_07,27,Offer Nissim Feat. Gila Goldstein - Feel It,Offer Nissim Feat. Gila Goldstein,Feel It,,,SONG_0010,HIGH,,WhatsApp Image 2026-09-04 at 20.36.47.jpeg
TRK_00334,EVT_07,28,Cher - Gimme! Gimme! Gimme! - Offer Nissim Needs A Man Remix,Cher,Gimme! Gimme! Gimme! (A Man After Midnight),Offer Nissim Needs A Man Remix,,SONG_0031,HIGH,Title spelling normalized: 'Gimme! Gimme! Gimme!' -> 'Gimme! Gimme! Gimme! (A Man After Midnight)',WhatsApp Image 2026-09-04 at 20.36.47.jpeg
TRK_00335,EVT_07,29,Kristine W. - Be Alright - Offer Nissim Remix,Kristine W.,Be Alright,Offer Nissim Remix,,SONG_0132,HIGH,,WhatsApp Image 2026-09-04 at 20.36.47.jpeg
TRK_00336,EVT_07,30,Offer Nissim - Another Cha Cha - Peter Rauhofer's NYC Edit,Offer Nissim,Cha Cha Cha,Peter Rauhofer NYC Edit,,SONG_0023,HIGH,Corrected 03.10.2026: official title per Offer Nissim's release (Spotify / Beatport / Star 69 Records: 'Cha Cha Cha (Peter Rauhofer NYC Edit)'),WhatsApp Image 2026-09-04 at 20.36.47.jpeg
TRK_00337,EVT_07,31,Offer Nissim - Bimbo,Offer Nissim,Bimbo,,,SONG_0129,HIGH,,WhatsApp Image 2026-09-04 at 20.36.47.jpeg
TRK_00338,EVT_07,32,Offer Nissim Feat. Ania Bukstein - ROKEDET,Offer Nissim Feat. Ania Bukstein,Rokedet,,,SONG_0034,HIGH,,WhatsApp Image 2026-09-04 at 20.36.47.jpeg
TRK_00339,EVT_07,33,MR.BLACK & Offer Nissim - Mucho Bien - Reconstruction Mix,Mr. Black & Offer Nissim,Mucho Bien,Reconstruction Mix,,SONG_0145,HIGH,Artist normalized: 'MR.BLACK & Offer Nissim' -> 'Mr. Black & Offer Nissim',WhatsApp Image 2026-09-04 at 20.36.47.jpeg
TRK_00340,EVT_07,34,Offer Nissim - Crazy Things At Night,Offer Nissim,Crazy Things At Night,,,SONG_0001,HIGH,,WhatsApp Image 2026-09-04 at 20.36.47.jpeg
TRK_00341,EVT_07,35,Eartha Kitt - Where Is My Man - Offer Nissim Remix,Eartha Kitt,Where Is My Man,Offer Nissim Remix,,SONG_0079,HIGH,,WhatsApp Image 2026-09-04 at 20.36.47.jpeg
TRK_00342,EVT_07,36,Offer Nissim Feat. Maya Simantov - Let Me Live,Offer Nissim Feat. Maya Simantov,Let Me Live,,,SONG_0040,HIGH,,WhatsApp Image 2026-09-04 at 20.36.47.jpeg
TRK_00343,EVT_07,37,Offer Nissim Feat. Maya Simantov - Happy People,Offer Nissim Feat. Maya Simantov,Happy People,,,SONG_0124,HIGH,,WhatsApp Image 2026-09-04 at 20.36.47.jpeg
TRK_00344,EVT_07,38,Aviv Geffen & Ella-Lee - Varod Mavrik - Offer Nissim Remix (Live Performance),Aviv Geffen & Ella-Lee,Varod Mavrik,Offer Nissim Remix (Live Performance),,SONG_0170,HIGH,,WhatsApp Image 2026-09-04 at 20.36.47.jpeg
TRK_00345,EVT_07,39,Offer Nissim Feat Sailo - Forgive Me,Offer Nissim Feat. Sailo,Forgive Me,,,SONG_0049,HIGH,Artist normalized: 'Offer Nissim Feat Sailo' -> 'Offer Nissim Feat. Sailo',WhatsApp Image 2026-09-04 at 20.36.47.jpeg
TRK_00346,EVT_07,40,Therese - Put 'Em High - Elad Navon Remix,StoneBridge Feat. Therese,Put 'Em High,Elad Navon Remix,,SONG_0171,HIGH,Corrected 26.09.2026: Original is credited 'StoneBridge feat. Therese' (Discogs / Spotify),WhatsApp Image 2026-09-04 at 20.36.47.jpeg
TRK_00347,EVT_07,41,Offer Nissim Feat. Maya Simantov - Perfect Love,Offer Nissim Feat. Maya Simantov,Perfect Love,,,SONG_0041,HIGH,,WhatsApp Image 2026-09-04 at 20.36.47.jpeg
TRK_00348,EVT_07,42,Offer Nissim Feat. Maya Simantov - Alone,Offer Nissim Feat. Maya Simantov,Alone,,,SONG_0172,HIGH,,WhatsApp Image 2026-09-04 at 20.36.47.jpeg
TRK_00349,EVT_07,43,Offer Nissim Feat. Epiphony - Out Of My Skin,Offer Nissim Feat. Epiphony,Out Of My Skin,,,SONG_0140,HIGH,,WhatsApp Image 2026-09-04 at 20.36.47.jpeg
TRK_00350,EVT_07,44,Deborah Cox - Easy As Life - Offer Nissim Remix,Deborah Cox,Easy As Life,Offer Nissim Remix,,SONG_0083,HIGH,,WhatsApp Image 2026-09-04 at 20.36.47.jpeg
TRK_00351,EVT_07,45,Offer Nissim Feat. Riki Ben-Ari - Dance The Night,Offer Nissim Feat. Riki Ben-Ari,Dance The Night,,,SONG_0006,HIGH,,WhatsApp Image 2026-09-04 at 20.36.47.jpeg
TRK_00352,EVT_07,46,Offer Nissim Feat. Riki Ben Ari - I Can't Sleep At Night,Offer Nissim Feat. Riki Ben-Ari,I Can't Sleep At Night,,,SONG_0148,HIGH,Artist normalized: 'Offer Nissim Feat. Riki Ben Ari' -> 'Offer Nissim Feat. Riki Ben-Ari',WhatsApp Image 2026-09-04 at 20.36.47.jpeg
TRK_00353,EVT_07,47,Angie Stone - Wish I Didn't Miss You - Offer Nissim Remix,Angie Stone,Wish I Didn't Miss You,Offer Nissim Remix,,SONG_0106,HIGH,,WhatsApp Image 2026-09-04 at 20.36.47.jpeg
TRK_00354,EVT_07,48,Madonna - I Don't Search I Find - Offer Nissim Remix,Madonna,I Don't Search I Find,Offer Nissim Remix,,SONG_0122,HIGH,,WhatsApp Image 2026-09-04 at 20.36.47.jpeg
TRK_00355,EVT_07,49,Madonna - God Control - Offer Nissim's Rosh Hashana Remix,Madonna,God Control,Offer Nissim's Rosh Hashana Remix,,SONG_0093,HIGH,,WhatsApp Image 2026-09-04 at 20.36.47.jpeg
TRK_00356,EVT_07,50,Offer Nissim - Lost The Music,Offer Nissim,Lost In Music,,,SONG_0120,HIGH,Title spelling normalized: 'Lost The Music' -> 'Lost In Music',WhatsApp Image 2026-09-04 at 20.36.47.jpeg
TRK_00357,EVT_07,51,Offer Nissim - Infected Love,Offer Nissim,Infected Love,,,SONG_0173,HIGH,,WhatsApp Image 2026-09-04 at 20.36.47.jpeg
TRK_00358,EVT_07,52,Offer Nissim Feat. Maya Simantov - Like There Is No Tomorrow,Offer Nissim Feat. Maya Simantov,Like There Is No Tomorrow,,,SONG_0142,HIGH,,WhatsApp Image 2026-09-04 at 20.36.47.jpeg
TRK_00359,EVT_07,53,Offer Nissim Feat. Maya Simantov  - Everybody Needs A Man,Offer Nissim Feat. Maya Simantov,Everybody Needs A Man,,,SONG_0032,HIGH,,WhatsApp Image 2026-09-04 at 20.36.47.jpeg
TRK_00360,EVT_07,54,Offer Nissim Feat. Maya Simantov - Searching,Offer Nissim Feat. Maya Simantov,Searching,,,SONG_0107,HIGH,,WhatsApp Image 2026-09-04 at 20.36.47.jpeg
TRK_00361,EVT_07,55,Offer Nissim Feat. Maya Simantov - Like A Woman (Live Performance),Offer Nissim Feat. Maya Simantov,Like A Woman,Live Performance,,SONG_0154,HIGH,,WhatsApp Image 2026-09-04 at 20.36.47.jpeg
TRK_00362,EVT_07,56,Offer Nissim - Completely Yourself,Offer Nissim,Completely Yourself,,,SONG_0045,HIGH,,WhatsApp Image 2026-09-04 at 20.36.47.jpeg
TRK_00363,EVT_08,1,Offer Nissim - Move Your Body,Offer Nissim,Move Your Body,,,SONG_0174,HIGH,,WhatsApp Image 2026-09-04 at 20.36.47 (1).jpeg
TRK_00364,EVT_08,2,Silver Convention - Fly Robin Fly - Offer Nissim Remix,Silver Convention,Fly Robin Fly,Offer Nissim Remix,,SONG_0175,HIGH,,WhatsApp Image 2026-09-04 at 20.36.47 (1).jpeg
TRK_00365,EVT_08,3,Eliran Halevy - In My Heart,Eliran Halevy,In My Heart,,,SONG_0176,HIGH,,WhatsApp Image 2026-09-04 at 20.36.47 (1).jpeg
TRK_00366,EVT_08,4,Offer Nissim Feat. Epiphony - Heaven In Your Eyes - Avicii Tribute,Offer Nissim Feat. Epiphony,Heaven In Your Eyes,Avicii Tribute,,SONG_0125,HIGH,,WhatsApp Image 2026-09-04 at 20.36.47 (1).jpeg
TRK_00367,EVT_08,5,Offer Nissim Feat. Maya Simantov - Open Up,Offer Nissim Feat. Maya Simantov,Open Up,,,SONG_0061,HIGH,,WhatsApp Image 2026-09-04 at 20.36.47 (1).jpeg
TRK_00368,EVT_08,6,Offer Nissim Feat. Maya Simantov - Come Out,Offer Nissim Feat. Maya Simantov,Come Out,,,SONG_0076,HIGH,,WhatsApp Image 2026-09-04 at 20.36.47 (1).jpeg
TRK_00369,EVT_08,7,Beyonce – Run Da World - Itay Kalderon & Adi Perez Remix,Beyoncé,Run The World (Girls),Itay Kalderon & Adi Perez Remix,,SONG_0102,HIGH,Title spelling normalized: 'Run Da World' -> 'Run The World'; Corrected 26.09.2026: Official spelling: 'Beyonce - Run The World' -> 'Beyoncé - Run The World (Girls)',WhatsApp Image 2026-09-04 at 20.36.47 (1).jpeg
TRK_00370,EVT_08,8,Offer Nissim Presents: The Bitches - Ain't No Mountain,Offer Nissim Presents The Bitches,Ain't No Mountain,,,SONG_0064,HIGH,Artist normalized: 'Offer Nissim Presents: The Bitches' -> 'Offer Nissim Presents The Bitches',WhatsApp Image 2026-09-04 at 20.36.47 (1).jpeg
TRK_00371,EVT_08,9,Offer Nissim Feat. Riki Ben-Ari - Dance The Night,Offer Nissim Feat. Riki Ben-Ari,Dance The Night,,,SONG_0006,HIGH,,WhatsApp Image 2026-09-04 at 20.36.47 (1).jpeg
TRK_00372,EVT_08,10,Offer Nissim Feat. Maya Simantov - Like There Is No Tomorrow - Club Mix,Offer Nissim Feat. Maya Simantov,Like There Is No Tomorrow,Club Mix,,SONG_0142,HIGH,,WhatsApp Image 2026-09-04 at 20.36.47 (1).jpeg
TRK_00373,EVT_08,11,Offer Nissim - Infected Love,Offer Nissim,Infected Love,,,SONG_0173,HIGH,,WhatsApp Image 2026-09-04 at 20.36.47 (1).jpeg
TRK_00374,EVT_08,12,Offer Nissim Feat. Ilan Peled - Mesuchsechet - Live Performance,Offer Nissim Feat. Ilan Peled,Mesuchsechet,Live Performance,,SONG_0177,HIGH,,WhatsApp Image 2026-09-04 at 20.36.47 (1).jpeg
TRK_00375,EVT_08,13,Madonna - Turn Up The Radio - Offer Nissim Club Remix,Madonna,Turn Up The Radio,Offer Nissim Club Remix,,SONG_0178,HIGH,,WhatsApp Image 2026-09-04 at 20.36.47 (1).jpeg
TRK_00376,EVT_08,14,Black Box - Everybody Everybody - Offer Nissim Remix,Black Box,Everybody Everybody,Offer Nissim Remix,,SONG_0062,HIGH,,WhatsApp Image 2026-09-04 at 20.36.47 (1).jpeg
TRK_00377,EVT_08,15,Offer Nissim Feat. Maya Simantov - Let Me Live,Offer Nissim Feat. Maya Simantov,Let Me Live,,,SONG_0040,HIGH,,WhatsApp Image 2026-09-04 at 20.36.47 (1).jpeg
TRK_00378,EVT_08,16,Offer Nissim X Harel Skaat - Ahava Nafshi,Offer Nissim X Harel Skaat,Ahava Nafshi,,,SONG_0150,HIGH,,WhatsApp Image 2026-09-04 at 20.36.47 (1).jpeg
TRK_00379,EVT_08,17,Offer Nissim Feat. Meital De Razon - Like This Like That,Offer Nissim Feat. Meital De Razon,Like This Like That,,,SONG_0160,HIGH,,WhatsApp Image 2026-09-04 at 20.36.47 (1).jpeg
TRK_00380,EVT_08,18,Offer Nissim X Netta Barzilai - We Are Drunk,Offer Nissim X Netta Barzilai,We Are Drunk,,,SONG_0179,HIGH,,WhatsApp Image 2026-09-04 at 20.36.47 (1).jpeg
TRK_00381,EVT_08,19,Cher - Gimme! Gimme! Gimme! - Offer Nissim Needs A Man Remix,Cher,Gimme! Gimme! Gimme! (A Man After Midnight),Offer Nissim Needs A Man Remix,,SONG_0031,HIGH,Title spelling normalized: 'Gimme! Gimme! Gimme!' -> 'Gimme! Gimme! Gimme! (A Man After Midnight)',WhatsApp Image 2026-09-04 at 20.36.47 (1).jpeg
TRK_00382,EVT_08,20,Offer Nissim Feat. Riki Ben-Ari - Light My Fire,Offer Nissim Feat. Riki Ben-Ari,Light My Fire,,,SONG_0119,HIGH,,WhatsApp Image 2026-09-04 at 20.36.47 (1).jpeg
TRK_00383,EVT_08,21,Aretha Franklin - Rolling In The Deep - Offer Nissim Remix,Aretha Franklin,Rolling In The Deep,Offer Nissim Remix,,SONG_0087,HIGH,,WhatsApp Image 2026-09-04 at 20.36.47 (1).jpeg
TRK_00384,EVT_08,22,Offer Nissim Feat. Robin S. - Show Me Love,Offer Nissim Feat. Robin S.,Show Me Love,,,SONG_0149,HIGH,,WhatsApp Image 2026-09-04 at 20.36.47 (1).jpeg
TRK_00385,EVT_08,23,Suzanne Palmer - Free My Love - Offer Nissim Remix,Suzanne Palmer,Free My Love,Offer Nissim Remix,,SONG_0123,HIGH,,WhatsApp Image 2026-09-04 at 20.36.47 (1).jpeg
TRK_00386,EVT_08,24,Suzanne Palmer - Fascinated  - Offer Nissim Remix,Suzanne Palmer,Fascinated,Offer Nissim Remix,,SONG_0047,HIGH,,WhatsApp Image 2026-09-04 at 20.36.47 (1).jpeg
TRK_00387,EVT_08,25,Deborah Cox - Everbody Dance - Offer Nissim Show Mix - Live Performance,Deborah Cox,Everybody Dance,Offer Nissim Show Mix - Live Performance,,SONG_0180,HIGH,Title spelling normalized: 'Everbody Dance' -> 'Everybody Dance',WhatsApp Image 2026-09-04 at 20.36.47 (1).jpeg
TRK_00388,EVT_08,26,Deborah Cox - Easy As Life - Offer Nissim Show Mix - Live Performance,Deborah Cox,Easy As Life,Offer Nissim Show Mix - Live Performance,,SONG_0083,HIGH,,WhatsApp Image 2026-09-04 at 20.36.47 (1).jpeg
TRK_00389,EVT_08,27,Deborah Cox - Summer Of Love - Offer Nissim Show Mix - Live Performance,Deborah Cox,Summer Of Love,Offer Nissim Show Mix - Live Performance,,SONG_0144,HIGH,,WhatsApp Image 2026-09-04 at 20.36.47 (1).jpeg
TRK_00390,EVT_08,28,Michelle Obama All-Star Girl Power Anthem - This Is For My Girls - Offer Nissim Remix,Michelle Obama All-Star Girl Power Anthem,This Is For My Girls,Offer Nissim Remix,,SONG_0069,HIGH,,WhatsApp Image 2026-09-04 at 20.36.47 (1).jpeg
TRK_00391,EVT_08,29,Offer Nissim Feat. Maya Simantov - Everybody Needs A Man,Offer Nissim Feat. Maya Simantov,Everybody Needs A Man,,,SONG_0032,HIGH,,WhatsApp Image 2026-09-04 at 20.36.47 (1).jpeg
TRK_00392,EVT_08,30,Offer Nissim Feat. Dana International - We Can Make It,Offer Nissim Feat. Dana International,We Can Make It,,,SONG_0048,HIGH,,WhatsApp Image 2026-09-04 at 20.36.47 (1).jpeg
TRK_00393,EVT_08,31,Offer Nissim Feat. Eyal Golan - Lo Mevina Ivrit,Offer Nissim Feat. Eyal Golan,Lo Mevina Ivrit,,,SONG_0027,HIGH,,WhatsApp Image 2026-09-04 at 20.36.47 (1).jpeg
TRK_00394,EVT_08,32,Rita & ELK (DUENDE) - Boom Boom Boom - Offer Nissim Show Mix - Live Performance,Rita & ELK,Boom Boom Boom,Offer Nissim Show Mix - Live Performance,,SONG_0181,HIGH,'(DUENDE)' is the duo name in source.,WhatsApp Image 2026-09-04 at 20.36.47 (1).jpeg
TRK_00395,EVT_08,33,Offer Nissim - Atencion Alegria,Offer Nissim,Atencion Alegria,,,SONG_0182,HIGH,,WhatsApp Image 2026-09-04 at 20.36.47 (1).jpeg
TRK_00396,EVT_08,34,MR.BLACK & Offer Nissim - Mucho Bien - Reconstruction Mix,Mr. Black & Offer Nissim,Mucho Bien,Reconstruction Mix,,SONG_0145,HIGH,Artist normalized: 'MR.BLACK & Offer Nissim' -> 'Mr. Black & Offer Nissim',WhatsApp Image 2026-09-04 at 20.36.47 (1).jpeg
TRK_00397,EVT_08,35,Offer Nissim - La Talya,Offer Nissim,La Talya,,,SONG_0147,HIGH,,WhatsApp Image 2026-09-04 at 20.36.47 (1).jpeg
TRK_00398,EVT_08,36,Shirley Bassey - La Passione - Offer Nissim Remix,Shirley Bassey,La Passione,Offer Nissim Remix,,SONG_0058,HIGH,,WhatsApp Image 2026-09-04 at 20.36.47 (1).jpeg
TRK_00399,EVT_08,37,Donna Summer - Power Of Love - Offer Nissim Remix,Donna Summer,Power Of Love,Offer Nissim Remix,,SONG_0183,HIGH,,WhatsApp Image 2026-09-04 at 20.36.47 (1).jpeg
TRK_00400,EVT_08,38,Offer Nissim Feat. Maya Simantov - Wish You Were Here,Offer Nissim Feat. Maya Simantov,Wish You Were Here,,,SONG_0072,HIGH,,WhatsApp Image 2026-09-04 at 20.36.47 (1).jpeg
TRK_00401,EVT_08,39,Offer Nissim Feat. Ania Bukstein - ROKEDET,Offer Nissim Feat. Ania Bukstein,Rokedet,,,SONG_0034,HIGH,,WhatsApp Image 2026-09-04 at 20.36.47 (1).jpeg
TRK_00402,EVT_08,40,Offer Nissim X Tal Ramon - Lo Levad - Live Performance,Offer Nissim X Tal Ramon,Lo Levad,Live Performance,,SONG_0184,HIGH,,WhatsApp Image 2026-09-04 at 20.36.47 (1).jpeg
TRK_00403,EVT_08,41,Offer Nissim - Crazy Things At Night,Offer Nissim,Crazy Things At Night,,,SONG_0001,HIGH,,WhatsApp Image 2026-09-04 at 20.36.47 (1).jpeg
TRK_00404,EVT_08,42,Offer Nissim Feat. The Israeli Opera - Hymns To God,Offer Nissim Feat. The Israeli Opera,Hymns To God,,,SONG_0060,HIGH,,WhatsApp Image 2026-09-04 at 20.36.47 (1).jpeg
TRK_00405,EVT_08,43,Offer Nissim - Lost The Music,Offer Nissim,Lost In Music,,,SONG_0120,HIGH,Title spelling normalized: 'Lost The Music' -> 'Lost In Music',WhatsApp Image 2026-09-04 at 20.36.47 (1).jpeg
TRK_00406,EVT_08,44,Mariah Carey Vs Maya - I'm That Chick - Offer Nissim Remix,Mariah Carey Vs Maya,I'm That Chick,Offer Nissim Remix,,SONG_0185,HIGH,,WhatsApp Image 2026-09-04 at 20.36.47 (1).jpeg
TRK_00407,EVT_08,45,Offer Nissim Feat. Maya Simantov - Boys - Live Performance,Offer Nissim Feat. Maya Simantov,Boys,Live Performance,,SONG_0186,HIGH,,WhatsApp Image 2026-09-04 at 20.36.47 (1).jpeg
TRK_00408,EVT_08,46,Offer Nissim - Completely Yourself,Offer Nissim,Completely Yourself,,,SONG_0045,HIGH,,WhatsApp Image 2026-09-04 at 20.36.47 (1).jpeg
TRK_00409,EVT_09,1,Madonna - Finally Enough Love - Offer Nissim Requiem Remix,Madonna,Finally Enough Love,Offer Nissim Requiem Remix,,SONG_0187,HIGH,,WhatsApp Image 2026-09-04 at 20.36.47 (2).jpeg
TRK_00410,EVT_09,2,Ivana Lola Feat. AC & GetFar - Don't You Hide (L.I.B.) - Offer Nissim Remix,Ivana Lola Feat. AC & GetFar,Don't You Hide (L.I.B.),Offer Nissim Remix,,SONG_0121,HIGH,,WhatsApp Image 2026-09-04 at 20.36.47 (2).jpeg
TRK_00411,EVT_09,3,Offer Nissim - Get What I Want,Offer Nissim,Get What I Want,,,SONG_0188,HIGH,,WhatsApp Image 2026-09-04 at 20.36.47 (2).jpeg
TRK_00412,EVT_09,4,Offer Nissim Feat. Maya Simantov - Bitch,Offer Nissim Feat. Maya Simantov,Bitch,,,SONG_0189,HIGH,,WhatsApp Image 2026-09-04 at 20.36.47 (2).jpeg
TRK_00413,EVT_09,5,Offer Nissim Feat. Maya Simantov - Like A Woman,Offer Nissim Feat. Maya Simantov,Like A Woman,,,SONG_0154,HIGH,,WhatsApp Image 2026-09-04 at 20.36.47 (2).jpeg
TRK_00414,EVT_09,6,Offer Nissim - I Want Muscles,Offer Nissim,I Want Muscles,,,SONG_0190,HIGH,,WhatsApp Image 2026-09-04 at 20.36.47 (2).jpeg
TRK_00415,EVT_09,7,Offer Nissim Feat. Maya Simantov - Like There Is No Tomorrow - Club Mix,Offer Nissim Feat. Maya Simantov,Like There Is No Tomorrow,Club Mix,,SONG_0142,HIGH,,WhatsApp Image 2026-09-04 at 20.36.47 (2).jpeg
TRK_00416,EVT_09,8,Extasia & Zach Adam feat Rony G - Light Beams - Offer Nissim Remix,Extasia & Zach Adam Feat. Rony G,Light Beams,Offer Nissim Remix,,SONG_0007,HIGH,Artist normalized: 'Extasia & Zach Adam feat Rony G' -> 'Extasia & Zach Adam Feat. Rony G',WhatsApp Image 2026-09-04 at 20.36.47 (2).jpeg
TRK_00417,EVT_09,9,Offer Nissim - La Talya,Offer Nissim,La Talya,,,SONG_0147,HIGH,,WhatsApp Image 2026-09-04 at 20.36.47 (2).jpeg
TRK_00418,EVT_09,10,Offer Nissim - Another Cha Cha - Peter Rauhofer's NYC Edit,Offer Nissim,Cha Cha Cha,Peter Rauhofer NYC Edit,,SONG_0023,HIGH,Corrected 03.10.2026: official title per Offer Nissim's release (Spotify / Beatport / Star 69 Records: 'Cha Cha Cha (Peter Rauhofer NYC Edit)'),WhatsApp Image 2026-09-04 at 20.36.47 (2).jpeg
TRK_00419,EVT_09,11,Offer Nissim - Up To The Top,Offer Nissim,Up To The Top,,,SONG_0113,HIGH,,WhatsApp Image 2026-09-04 at 20.36.47 (2).jpeg
TRK_00420,EVT_09,12,Offer Nissim - Dancing,Offer Nissim,Dancing,,,SONG_0068,HIGH,,WhatsApp Image 2026-09-04 at 20.36.47 (2).jpeg
TRK_00421,EVT_09,13,Offer Nissim Feat. Meital De Razon - Like This Like That,Offer Nissim Feat. Meital De Razon,Like This Like That,,,SONG_0160,HIGH,,WhatsApp Image 2026-09-04 at 20.36.47 (2).jpeg
TRK_00422,EVT_09,14,Offer Nissim Feat. Shai Tsabari - Shalom Leah Dudi,Offer Nissim Feat. Shai Tsabari,Shalom Leah Dudi,,,SONG_0191,HIGH,,WhatsApp Image 2026-09-04 at 20.36.47 (2).jpeg
TRK_00423,EVT_09,15,Ilan Peled - Frachtnin - Offer Nissim Remix  - Live Performance,Ilan Peled,Frachtnin,Offer Nissim Remix - Live Performance,,SONG_0192,HIGH,,WhatsApp Image 2026-09-04 at 20.36.47 (2).jpeg
TRK_00424,EVT_09,16,Rita and ELK - Boom Boom Boom - Offer Nissim Remix,Rita and ELK,Boom Boom Boom,Offer Nissim Remix,,SONG_0181,HIGH,,WhatsApp Image 2026-09-04 at 20.36.47 (2).jpeg
TRK_00425,EVT_09,17,Offer Nissim - Atencion Alegria,Offer Nissim,Atencion Alegria,,,SONG_0182,HIGH,,WhatsApp Image 2026-09-04 at 20.36.47 (2).jpeg
TRK_00426,EVT_09,18,Meital De Razon & Asi Tal - Toda La Noche Offer Nissim & Asi Tal Remix,Meital De Razon & Asi Tal,Toda La Noche,Offer Nissim & Asi Tal Remix,,SONG_0024,HIGH,Remix credit written without separating dash.,WhatsApp Image 2026-09-04 at 20.36.47 (2).jpeg
TRK_00427,EVT_09,19,Offer Nissim Feat. Riki Ben-Ari - Light My Fire,Offer Nissim Feat. Riki Ben-Ari,Light My Fire,,,SONG_0119,HIGH,,WhatsApp Image 2026-09-04 at 20.36.47 (2).jpeg
TRK_00428,EVT_09,20,Aretha Franklin - Rolling In The Deep - Offer Nissim Remix,Aretha Franklin,Rolling In The Deep,Offer Nissim Remix,,SONG_0087,HIGH,,WhatsApp Image 2026-09-04 at 20.36.47 (2).jpeg
TRK_00429,EVT_09,21,Offer Nissim - Infected Love,Offer Nissim,Infected Love,,,SONG_0173,HIGH,,WhatsApp Image 2026-09-04 at 20.36.47 (2).jpeg
TRK_00430,EVT_09,22,Chava Alberstein - The Treasure - Offer Nissim Remix,Chava Alberstein,The Treasure,Offer Nissim Remix,,SONG_0114,HIGH,,WhatsApp Image 2026-09-04 at 20.36.47 (2).jpeg
TRK_00431,EVT_09,23,Aviv Geffen & Ella-Lee - Varod Mavrik - Offer Nissim Remix,Aviv Geffen & Ella-Lee,Varod Mavrik,Offer Nissim Remix,,SONG_0170,HIGH,,WhatsApp Image 2026-09-04 at 20.36.47 (2).jpeg
TRK_00432,EVT_09,24,Offer Nissim Feat. Maya Simantov - Cuando,Offer Nissim Feat. Maya Simantov,Cuando,,,SONG_0193,HIGH,,WhatsApp Image 2026-09-04 at 20.36.47 (2).jpeg
TRK_00433,EVT_09,25,MR.BLACK & Offer Nissim - Mucho Bien - Reconstruction Mix,Mr. Black & Offer Nissim,Mucho Bien,Reconstruction Mix,,SONG_0145,HIGH,Artist normalized: 'MR.BLACK & Offer Nissim' -> 'Mr. Black & Offer Nissim',WhatsApp Image 2026-09-04 at 20.36.47 (2).jpeg
TRK_00434,EVT_09,26,Offer Nissim & Mr. Black - Show Me Love,Offer Nissim & Mr. Black,Show Me Love,,,SONG_0149,HIGH,Mr. Black version of Show Me Love (Robin S.); same song - confirmed by archive owner.,WhatsApp Image 2026-09-04 at 20.36.47 (2).jpeg
TRK_00435,EVT_09,27,Offer Nissim Feat. Maya Simantov - For Your Love,Offer Nissim Feat. Maya Simantov,For Your Love,,,SONG_0194,HIGH,,WhatsApp Image 2026-09-04 at 20.36.47 (2).jpeg
TRK_00436,EVT_09,28,Offer Nissim Feat. Symphony X - I Close My Eyes,Offer Nissim Feat. Symphony X,I Close My Eyes,,,SONG_0195,HIGH,,WhatsApp Image 2026-09-04 at 20.36.47 (2).jpeg
TRK_00437,EVT_09,29,Offer Nissim Feat. Epiphony - Believe In Me,Offer Nissim Feat. Epiphony,Believe In Me,,,SONG_0043,HIGH,,WhatsApp Image 2026-09-04 at 20.36.47 (2).jpeg
TRK_00438,EVT_09,30,Offer Nissim Feat. Maya Simantov - Love Me,Offer Nissim Feat. Maya Simantov,Love Me,,,SONG_0196,HIGH,,WhatsApp Image 2026-09-04 at 20.36.47 (2).jpeg
TRK_00439,EVT_09,31,Offer Nissim Feat. Maya Simantov - Be My Boyfriend,Offer Nissim Feat. Maya Simantov,Be My Boyfriend,,,SONG_0197,HIGH,,WhatsApp Image 2026-09-04 at 20.36.47 (2).jpeg
TRK_00440,EVT_09,32,Offer Nissim Feat. Maya Simantov - Boys,Offer Nissim Feat. Maya Simantov,Boys,,,SONG_0186,HIGH,,WhatsApp Image 2026-09-04 at 20.36.47 (2).jpeg
TRK_00441,EVT_09,33,Offer Nissim Feat. Ania Bukstein - ROKEDET,Offer Nissim Feat. Ania Bukstein,Rokedet,,,SONG_0034,HIGH,,WhatsApp Image 2026-09-04 at 20.36.47 (2).jpeg
TRK_00442,EVT_09,34,Cher - Gimme! Gimme! Gimme! - Offer Nissim Needs A Man Remix,Cher,Gimme! Gimme! Gimme! (A Man After Midnight),Offer Nissim Needs A Man Remix,,SONG_0031,HIGH,Title spelling normalized: 'Gimme! Gimme! Gimme!' -> 'Gimme! Gimme! Gimme! (A Man After Midnight)',WhatsApp Image 2026-09-04 at 20.36.47 (2).jpeg
TRK_00443,EVT_09,35,Offer Nissim Feat. Ilan Peled - Mesuchsechet,Offer Nissim Feat. Ilan Peled,Mesuchsechet,,,SONG_0177,HIGH,,WhatsApp Image 2026-09-04 at 20.36.47 (2).jpeg
TRK_00444,EVT_09,36,Offer Nissim Presents. Ilan Peled - Aprikose,Offer Nissim Presents Ilan Peled,Aprikose,,,SONG_0198,HIGH,Artist normalized: 'Offer Nissim Presents. Ilan Peled' -> 'Offer Nissim Presents Ilan Peled',WhatsApp Image 2026-09-04 at 20.36.47 (2).jpeg
TRK_00445,EVT_09,37,Offer Nissim - Move Your Body - Club Mix,Offer Nissim,Move Your Body,Club Mix,,SONG_0174,HIGH,,WhatsApp Image 2026-09-04 at 20.36.47 (2).jpeg
TRK_00446,EVT_09,38,The KLF - What Time Is Love - Offer Nissim Remix,The KLF,What Time Is Love,Offer Nissim Remix,,SONG_0199,HIGH,,WhatsApp Image 2026-09-04 at 20.36.47 (2).jpeg
TRK_00447,EVT_09,39,Pet Shop Boys - The Pop Kids - Offer Nissim Drama Remix,Pet Shop Boys,The Pop Kids,Offer Nissim Drama Remix,,SONG_0200,HIGH,,WhatsApp Image 2026-09-04 at 20.36.47 (2).jpeg
TRK_00448,EVT_09,40,Offer Nissim Feat. Robin S. - Show Me Love,Offer Nissim Feat. Robin S.,Show Me Love,,,SONG_0149,HIGH,,WhatsApp Image 2026-09-04 at 20.36.47 (2).jpeg
TRK_00449,EVT_09,41,Offer Nissim Feat. Maya Simantov - Let Me Live,Offer Nissim Feat. Maya Simantov,Let Me Live,,,SONG_0040,HIGH,,WhatsApp Image 2026-09-04 at 20.36.47 (2).jpeg
TRK_00450,EVT_09,42,Offer Nissim Feat. Maya Simantov - Everybody Needs A Man,Offer Nissim Feat. Maya Simantov,Everybody Needs A Man,,,SONG_0032,HIGH,,WhatsApp Image 2026-09-04 at 20.36.47 (2).jpeg
TRK_00451,EVT_09,43,Ran Danker - Malkat Harahava - Offer Nissim Remix  - Live Performance,Ran Danker,Malkat Harahava,Offer Nissim Remix - Live Performance,,SONG_0201,HIGH,,WhatsApp Image 2026-09-04 at 20.36.47 (2).jpeg
TRK_00452,EVT_09,44,Offer Nissim Feat. Maya Simantov - Cafe Del Mar First Time,Offer Nissim Feat. Maya Simantov,First Time,Cafe Del Mar,,SONG_0153,HIGH,A remix of First Time (Cafe Del Mar version) - confirmed by archive owner.,WhatsApp Image 2026-09-04 at 20.36.47 (2).jpeg
TRK_00453,EVT_09,45,Offer Nissim Presents: Amir Haddad - Désenchantée,Offer Nissim Presents Amir Haddad,Désenchantée,,,SONG_0202,HIGH,Artist normalized: 'Offer Nissim Presents: Amir Haddad' -> 'Offer Nissim Presents Amir Haddad',WhatsApp Image 2026-09-04 at 20.36.47 (2).jpeg
TRK_00454,EVT_09,46,Offer Nissim Feat. Maya Simantov - You'll Never Know,Offer Nissim Feat. Maya Simantov,You'll Never Know,,,SONG_0203,HIGH,,WhatsApp Image 2026-09-04 at 20.36.47 (2).jpeg
TRK_00455,EVT_09,47,Eliran Halevy - In My Heart,Eliran Halevy,In My Heart,,,SONG_0176,HIGH,,WhatsApp Image 2026-09-04 at 20.36.47 (2).jpeg
TRK_00456,EVT_09,48,Offer Nissim - High In Bed,Offer Nissim,High In Bed,,,SONG_0204,HIGH,,WhatsApp Image 2026-09-04 at 20.36.47 (2).jpeg
TRK_00457,EVT_09,49,Celeda - The Underground - Peter Rauhofer's Original Underground Mix,Celeda,The Underground,Peter Rauhofer's Original Underground Mix,,SONG_0138,HIGH,,WhatsApp Image 2026-09-04 at 20.36.47 (2).jpeg
TRK_00458,EVT_09,50,Ivri Lider & Rita - Cinderella Rockefella - Offer Nissim 2005 The Chin Reconstruction Mix,Ivri Lider & Rita,Cinderella Rockefella,Offer Nissim 2005 The Chin Reconstruction Mix,,SONG_0205,HIGH,,WhatsApp Image 2026-09-04 at 20.36.47 (2).jpeg
TRK_00459,EVT_09,51,Offer Nissim Feat. Dana International -  Ani Lo Yechola Biladecha - Rosh Hashana Version,Offer Nissim Feat. Dana International,Ani Lo Yechola Biladecha,Rosh Hashana Version,,SONG_0206,HIGH,,WhatsApp Image 2026-09-04 at 20.36.47 (2).jpeg
TRK_00460,EVT_09,52,Offer Nissim - Completely Yourself,Offer Nissim,Completely Yourself,,,SONG_0045,HIGH,,WhatsApp Image 2026-09-04 at 20.36.47 (2).jpeg
TRK_00461,EVT_10,1,Offer Nissim X Tamir Grinberg - Our Love,Offer Nissim X Tamir Grinberg,Our Love,,,SONG_0207,HIGH,,WhatsApp Image 2026-09-04 at 20.36.47 (3).jpeg
TRK_00462,EVT_10,2,Rita And Elk - BAILADOR - Offer Nissim Remix,Rita & ELK,Bailador,Offer Nissim Remix,,SONG_0208,HIGH,Artist normalized: 'Rita And Elk' -> 'Rita & ELK',WhatsApp Image 2026-09-04 at 20.36.47 (3).jpeg
TRK_00463,EVT_10,3,Offer Nissim - Umpatampa,Offer Nissim,Umpatampa,,,SONG_0004,HIGH,,WhatsApp Image 2026-09-04 at 20.36.47 (3).jpeg
TRK_00464,EVT_10,4,Offer Nissim - Underground,Offer Nissim,Underground,,,SONG_0209,HIGH,,WhatsApp Image 2026-09-04 at 20.36.47 (3).jpeg
TRK_00465,EVT_10,5,Offer Nissim - Get What I Want,Offer Nissim,Get What I Want,,,SONG_0188,HIGH,,WhatsApp Image 2026-09-04 at 20.36.47 (3).jpeg
TRK_00466,EVT_10,6,Eartha Kitt – Where Is My Man - Offer Nissim Remix,Eartha Kitt,Where Is My Man,Offer Nissim Remix,,SONG_0079,HIGH,,WhatsApp Image 2026-09-04 at 20.36.47 (3).jpeg
TRK_00467,EVT_10,7,Offer Nissim Feat. Maya Simantov - Miracle - Part B,Offer Nissim Feat. Maya Simantov,Miracle,Part B,,SONG_0130,HIGH,,WhatsApp Image 2026-09-04 at 20.36.47 (3).jpeg
TRK_00468,EVT_10,8,The Trash Mermaids - Cryptic Love - Offer Nissim Remix,The Trash Mermaids,Cryptic Love,Offer Nissim Remix,,SONG_0210,HIGH,,WhatsApp Image 2026-09-04 at 20.36.47 (3).jpeg
TRK_00469,EVT_10,9,Suzanne Palmer - Free My Love - Offer Nissim Remix,Suzanne Palmer,Free My Love,Offer Nissim Remix,,SONG_0123,HIGH,,WhatsApp Image 2026-09-04 at 20.36.47 (3).jpeg
TRK_00470,EVT_10,10,Offer Nissim Feat. Maya Simantov - Boys,Offer Nissim Feat. Maya Simantov,Boys,,,SONG_0186,HIGH,,WhatsApp Image 2026-09-04 at 20.36.47 (3).jpeg
TRK_00471,EVT_10,11,Offer Nissim Feat. Maya Simantov - Zero Fucks,Offer Nissim Feat. Maya Simantov,Zero Fucks,,,SONG_0161,HIGH,,WhatsApp Image 2026-09-04 at 20.36.47 (3).jpeg
TRK_00472,EVT_10,12,Amelia Lily - You Bring Me Joy - Offer Nissim Remix,Amelia Lily,You Bring Me Joy,Offer Nissim Remix,,SONG_0020,HIGH,,WhatsApp Image 2026-09-04 at 20.36.47 (3).jpeg
TRK_00473,EVT_10,13,Offer Nissim - Theater Club,Offer Nissim,Theater Club,,,SONG_0094,HIGH,,WhatsApp Image 2026-09-04 at 20.36.47 (3).jpeg
TRK_00474,EVT_10,14,Offer Nissim Feat. Riki Ben-Ari - Dance The Night,Offer Nissim Feat. Riki Ben-Ari,Dance The Night,,,SONG_0006,HIGH,,WhatsApp Image 2026-09-04 at 20.36.47 (3).jpeg
TRK_00475,EVT_10,15,Offer Nissim - I Want Muscles,Offer Nissim,I Want Muscles,,,SONG_0190,HIGH,,WhatsApp Image 2026-09-04 at 20.36.47 (3).jpeg
TRK_00476,EVT_10,16,Cher - Gimme! Gimme! Gimme! - Offer Nissim Needs A Man Remix,Cher,Gimme! Gimme! Gimme! (A Man After Midnight),Offer Nissim Needs A Man Remix,,SONG_0031,HIGH,Title spelling normalized: 'Gimme! Gimme! Gimme!' -> 'Gimme! Gimme! Gimme! (A Man After Midnight)',WhatsApp Image 2026-09-04 at 20.36.47 (3).jpeg
TRK_00477,EVT_10,17,Steps - Scared Of The Dark (Offer Nissim Remix),Steps,Scared Of The Dark,Offer Nissim Remix,,SONG_0025,HIGH,,WhatsApp Image 2026-09-04 at 20.36.47 (3).jpeg
TRK_00478,EVT_10,18,Offer Nissim - High In Bed,Offer Nissim,High In Bed,,,SONG_0204,HIGH,,WhatsApp Image 2026-09-04 at 20.36.47 (3).jpeg
TRK_00479,EVT_10,19,Offer Nissim Feat. Meital De Razon - Like This Like That,Offer Nissim Feat. Meital De Razon,Like This Like That,,,SONG_0160,HIGH,,WhatsApp Image 2026-09-04 at 20.36.47 (3).jpeg
TRK_00480,EVT_10,20,Offer Nissim X Harel Skaat - Ahava Nafsh,Offer Nissim X Harel Skaat,Ahava Nafshi,,,SONG_0150,HIGH,Title spelling normalized: 'Ahava Nafsh' -> 'Ahava Nafshi',WhatsApp Image 2026-09-04 at 20.36.47 (3).jpeg
TRK_00481,EVT_10,21,Offer Nissim X Tair Haim - Laila,Offer Nissim X Tair Haim,Laila,,,SONG_0166,HIGH,,WhatsApp Image 2026-09-04 at 20.36.47 (3).jpeg
TRK_00482,EVT_10,22,Offer Nissim - Bombay,Offer Nissim,Bombay,,,SONG_0146,HIGH,,WhatsApp Image 2026-09-04 at 20.36.47 (3).jpeg
TRK_00483,EVT_10,23,Dana International - Maganuna - Offer Nissim Reconstruction,Dana International,Maganuna,Offer Nissim Reconstruction,,SONG_0211,HIGH,,WhatsApp Image 2026-09-04 at 20.36.47 (3).jpeg
TRK_00484,EVT_10,24,Offer Nissim X ODEYA - Baleylot,Offer Nissim X ODEYA,Baleylot,,,SONG_0212,HIGH,,WhatsApp Image 2026-09-04 at 20.36.47 (3).jpeg
TRK_00485,EVT_10,25,Whitney Houston - I Didn't Know My Own Strength - Offer Nissim Remix,Whitney Houston,I Didn't Know My Own Strength,Offer Nissim Remix,,SONG_0213,HIGH,,WhatsApp Image 2026-09-04 at 20.36.47 (3).jpeg
TRK_00486,EVT_10,26,Offer Nissim - Atencion Alegria,Offer Nissim,Atencion Alegria,,,SONG_0182,HIGH,,WhatsApp Image 2026-09-04 at 20.36.47 (3).jpeg
TRK_00487,EVT_10,27,MR.BLACK & Offer Nissim - Mucho Bien - Reconstruction Mix,Mr. Black & Offer Nissim,Mucho Bien,Reconstruction Mix,,SONG_0145,HIGH,Artist normalized: 'MR.BLACK & Offer Nissim' -> 'Mr. Black & Offer Nissim',WhatsApp Image 2026-09-04 at 20.36.47 (3).jpeg
TRK_00488,EVT_10,28,Offer Nissim - Cha Cha Cha - Peter Rauhofer Nyc Edit,Offer Nissim,Cha Cha Cha,Peter Rauhofer NYC Edit,,SONG_0023,HIGH,Same track as 'Another Cha Cha' - confirmed by archive owner. | Corrected 03.10.2026: official title per Offer Nissim's release (Spotify / Beatport / Star 69 Records: 'Cha Cha Cha (Peter Rauhofer NYC Edit)'),WhatsApp Image 2026-09-04 at 20.36.47 (3).jpeg
TRK_00489,EVT_10,29,Offer Nissim Feat. Ania Bukstein - ROKEDET,Offer Nissim Feat. Ania Bukstein,Rokedet,,,SONG_0034,HIGH,,WhatsApp Image 2026-09-04 at 20.36.47 (3).jpeg
TRK_00490,EVT_10,30,Offer Nissim Feat. Maya Simantov - Let Me Live,Offer Nissim Feat. Maya Simantov,Let Me Live,,,SONG_0040,HIGH,,WhatsApp Image 2026-09-04 at 20.36.47 (3).jpeg
TRK_00491,EVT_10,31,Deborah Cox - Easy As Life - Offer Nissim Remix,Deborah Cox,Easy As Life,Offer Nissim Remix,,SONG_0083,HIGH,,WhatsApp Image 2026-09-04 at 20.36.47 (3).jpeg
TRK_00492,EVT_10,32,Angie Stone - Wish I Didn't Miss You - Offer Nissim Remix,Angie Stone,Wish I Didn't Miss You,Offer Nissim Remix,,SONG_0106,HIGH,,WhatsApp Image 2026-09-04 at 20.36.47 (3).jpeg
TRK_00493,EVT_10,33,Offer Nissim Feat. Maya Simantov - Like There Is No Tomorrow - Club Mix,Offer Nissim Feat. Maya Simantov,Like There Is No Tomorrow,Club Mix,,SONG_0142,HIGH,,WhatsApp Image 2026-09-04 at 20.36.47 (3).jpeg
TRK_00494,EVT_10,34,Offer Nissim - Infected Love,Offer Nissim,Infected Love,,,SONG_0173,HIGH,,WhatsApp Image 2026-09-04 at 20.36.47 (3).jpeg
TRK_00495,EVT_10,35,Eliran Halevy - Entourage,Eliran Halevy,Entourage,,,SONG_0214,HIGH,,WhatsApp Image 2026-09-04 at 20.36.47 (3).jpeg
TRK_00496,EVT_10,36,Offer Nissim Pres. Dynasty Season - The Children,Offer Nissim Presents Dynasty Season,The Children,,,SONG_0215,HIGH,Artist normalized: 'Offer Nissim Pres. Dynasty Season' -> 'Offer Nissim Presents Dynasty Season',WhatsApp Image 2026-09-04 at 20.36.47 (3).jpeg
TRK_00497,EVT_10,37,Offer Nissim Feat. Ilan Peled - Hypno Dance,Offer Nissim Feat. Ilan Peled,Hypno Dance,,,SONG_0216,HIGH,,WhatsApp Image 2026-09-04 at 20.36.47 (3).jpeg
TRK_00498,EVT_10,38,Ran Danker -Malkat Harahva - Offer Nissim Remix,Ran Danker,Malkat Harahava,Offer Nissim Remix,,SONG_0201,HIGH,Title spelling normalized: 'Malkat Harahva' -> 'Malkat Harahava',WhatsApp Image 2026-09-04 at 20.36.47 (3).jpeg
TRK_00499,EVT_10,39,Madonna - God Control - Offer Nissim Remix,Madonna,God Control,Offer Nissim Remix,,SONG_0093,HIGH,,WhatsApp Image 2026-09-04 at 20.36.47 (3).jpeg
TRK_00500,EVT_10,40,Vali - Pluto - Offer Nissim Remix,Vali,Pluto,Offer Nissim Remix,,SONG_0030,HIGH,,WhatsApp Image 2026-09-04 at 20.36.47 (3).jpeg
TRK_00501,EVT_10,41,Offer Nissim Feat. Meital De Razon - Saved Me,Offer Nissim Feat. Meital De Razon,Saved Me,,,SONG_0217,HIGH,,WhatsApp Image 2026-09-04 at 20.36.47 (3).jpeg
TRK_00502,EVT_10,42,Offer Nissim Feat. Betty Pablo - Poison (Ra'al),Offer Nissim Feat. Betty Pablo,Poison (Ra'al),,,SONG_0081,HIGH,Same song as 'Offer Nisim ft. Betty - Poison' (2019 spelling).,WhatsApp Image 2026-09-04 at 20.36.47 (3).jpeg
TRK_00503,EVT_10,43,Offer Nissim Feat. Maya Simantov - Anything,Offer Nissim Feat. Maya Simantov,Anything,,,SONG_0218,HIGH,,WhatsApp Image 2026-09-04 at 20.36.47 (3).jpeg
TRK_00504,EVT_10,44,Offer Nissim Feat. Maya Simantov - Tel Aviv,Offer Nissim Feat. Maya Simantov,Tel Aviv,,,SONG_0042,HIGH,,WhatsApp Image 2026-09-04 at 20.36.47 (3).jpeg
TRK_00505,EVT_10,45,Anggun - The Good Is Back - Offer Nissim Remix,Anggun,The Good Is Back,Offer Nissim Remix,,SONG_0089,HIGH,,WhatsApp Image 2026-09-04 at 20.36.47 (3).jpeg
TRK_00506,EVT_10,46,Offer Nissim Feat. The Israeli Opera - Hymns To God,Offer Nissim Feat. The Israeli Opera,Hymns To God,,,SONG_0060,HIGH,,WhatsApp Image 2026-09-04 at 20.36.47 (3).jpeg
TRK_00507,EVT_10,47,Offer Nissim - Lost The Music,Offer Nissim,Lost In Music,,,SONG_0120,HIGH,Title spelling normalized: 'Lost The Music' -> 'Lost In Music',WhatsApp Image 2026-09-04 at 20.36.47 (3).jpeg
TRK_00508,EVT_10,48,Donna Summer & Barbra Streisand - Enough is Enough 2017 (Offer Nissim Remix),Donna Summer & Barbra Streisand,Enough Is Enough,2017 (Offer Nissim Remix),,SONG_0084,HIGH,'2017' belongs to the remix label.,WhatsApp Image 2026-09-04 at 20.36.47 (3).jpeg
TRK_00509,EVT_10,49,Billie Ray Martin - The Glittering Gutter (Offer Nissim Remix),Billie Ray Martin,The Glittering Gutter,Offer Nissim Remix,,SONG_0051,HIGH,,WhatsApp Image 2026-09-04 at 20.36.47 (3).jpeg
TRK_00510,EVT_10,50,Anita Mayer - Why Tell Me Why (Offer Nissim Remix),Anita Meyer,Why Tell Me Why,Offer Nissim Remix,,SONG_0055,HIGH,Artist normalized: 'Anita Mayer' -> 'Anita Meyer',WhatsApp Image 2026-09-04 at 20.36.47 (3).jpeg
TRK_00511,EVT_10,51,Lana Del Rey - Young And Beautiful (Offer Nissim Remix),Lana Del Rey,Young And Beautiful,Offer Nissim Remix,,SONG_0219,HIGH,,WhatsApp Image 2026-09-04 at 20.36.47 (3).jpeg
TRK_00512,EVT_10,52,Katy B - Crying For No Reason (Offer Nissim Remix),Katy B,Crying For No Reason,Offer Nissim Remix,,SONG_0128,HIGH,,WhatsApp Image 2026-09-04 at 20.36.47 (3).jpeg
TRK_00513,EVT_10,53,Offer Nissim Feat. Maya Simantov - Searching,Offer Nissim Feat. Maya Simantov,Searching,,,SONG_0107,HIGH,,WhatsApp Image 2026-09-04 at 20.36.47 (3).jpeg
TRK_00514,EVT_10,54,Offer Nissim Feat. Maya Simantov - Everybody Needs A Man,Offer Nissim Feat. Maya Simantov,Everybody Needs A Man,,,SONG_0032,HIGH,,WhatsApp Image 2026-09-04 at 20.36.47 (3).jpeg
TRK_00515,EVT_10,55,Offer Nissim Feat. Maya Simantov - Let God (LIVE SHOW),Offer Nissim Feat. Maya Simantov,Let God,LIVE SHOW,,SONG_0220,HIGH,,WhatsApp Image 2026-09-04 at 20.36.47 (3).jpeg
TRK_00516,EVT_10,56,Offer Nissim - Completely Yourself,Offer Nissim,Completely Yourself,,,SONG_0045,HIGH,,WhatsApp Image 2026-09-04 at 20.36.47 (3).jpeg
TRK_00517,EVT_11,1,Offer Nissim - Welcome,Offer Nissim,Welcome,,,SONG_0221,HIGH,,WhatsApp Image 2026-09-04 at 20.36.47 (4).jpeg
TRK_00518,EVT_11,2,Offer Nissim  - Celebration,Offer Nissim,Celebration,,,SONG_0222,HIGH,,WhatsApp Image 2026-09-04 at 20.36.47 (4).jpeg
TRK_00519,EVT_11,3,Kristine W - Everything That I Got - Offer Nissim Tel Aviv Mix,Kristine W.,Everything That I Got,Offer Nissim Tel Aviv Mix,,SONG_0223,HIGH,Artist normalized: 'Kristine W' -> 'Kristine W.',WhatsApp Image 2026-09-04 at 20.36.47 (4).jpeg
TRK_00520,EVT_11,4,Offer Nissim Feat. Ivana Lola - Kriminal Eye,Offer Nissim Feat. Ivana Lola,Kriminal Eye,,,SONG_0019,HIGH,,WhatsApp Image 2026-09-04 at 20.36.47 (4).jpeg
TRK_00521,EVT_11,5,Offer Nissim Feat. Maya Simantov - Bitch,Offer Nissim Feat. Maya Simantov,Bitch,,,SONG_0189,HIGH,,WhatsApp Image 2026-09-04 at 20.36.47 (4).jpeg
TRK_00522,EVT_11,6,Offer Nissim Feat. Epiphony - Mr Charming,Offer Nissim Feat. Epiphony,Mr Charming,,,SONG_0224,HIGH,,WhatsApp Image 2026-09-04 at 20.36.47 (4).jpeg
TRK_00523,EVT_11,7,Offer Nissim - I Want Muscles,Offer Nissim,I Want Muscles,,,SONG_0190,HIGH,,WhatsApp Image 2026-09-04 at 20.36.47 (4).jpeg
TRK_00524,EVT_11,8,Offer Nissim Feat. Zach Adam - You Need My Love,Offer Nissim Feat. Zach Adam,You Need My Love,,,SONG_0098,HIGH,,WhatsApp Image 2026-09-04 at 20.36.47 (4).jpeg
TRK_00525,EVT_11,9,Kim Wilde - Loved -Offer Nissim Remix,Kim Wilde,Loved,Offer Nissim Remix,,SONG_0059,HIGH,,WhatsApp Image 2026-09-04 at 20.36.47 (4).jpeg
TRK_00526,EVT_11,10,Lara Fabian - Growing Wings - Offer Nissim Remix,Lara Fabian,Growing Wings,Offer Nissim Remix,,SONG_0005,HIGH,,WhatsApp Image 2026-09-04 at 20.36.47 (4).jpeg
TRK_00527,EVT_11,11,Offer Nissim Feat. Ilan Peled and Nasrin Kadri - LIBERTÉ,Offer Nissim Feat. Ilan Peled and Nasrin Kadri,Liberté,,,SONG_0225,HIGH,,WhatsApp Image 2026-09-04 at 20.36.47 (4).jpeg
TRK_00528,EVT_11,12,JJ Goldman - La Vie Par Procuration - Offer Nissim '08 Reconstruction,Jean-Jacques Goldman,La Vie Par Procuration,Offer Nissim '08 Reconstruction,,SONG_0133,HIGH,Artist normalized: 'JJ Goldman' -> 'Jean-Jacques Goldman',WhatsApp Image 2026-09-04 at 20.36.47 (4).jpeg
TRK_00529,EVT_11,13,Ran Danker - Malkat Harahava - Offer Nissim Show Mix,Ran Danker,Malkat Harahava,Offer Nissim Show Mix,,SONG_0201,HIGH,,WhatsApp Image 2026-09-04 at 20.36.47 (4).jpeg
TRK_00530,EVT_11,14,TYP - Be With You Tonight - Offer Nissim Remix,The Young Professionals,Be With You Tonight,Offer Nissim Remix,,SONG_0131,HIGH,Artist normalized: 'TYP' -> 'The Young Professionals',WhatsApp Image 2026-09-04 at 20.36.47 (4).jpeg
TRK_00531,EVT_11,15,Offer Nissim X Tamir Grinberg - Our Love,Offer Nissim X Tamir Grinberg,Our Love,,,SONG_0207,HIGH,,WhatsApp Image 2026-09-04 at 20.36.47 (4).jpeg
TRK_00532,EVT_11,16,Offer Nissim Feat. Riki Ben-Ari - Light My Fire,Offer Nissim Feat. Riki Ben-Ari,Light My Fire,,,SONG_0119,HIGH,,WhatsApp Image 2026-09-04 at 20.36.47 (4).jpeg
TRK_00533,EVT_11,17,Offer Nissim Feat. Rivka Zohar - Shoshanat Yaakov,Offer Nissim Feat. Rivka Zohar,Shoshanat Yaakov,,,SONG_0165,HIGH,,WhatsApp Image 2026-09-04 at 20.36.47 (4).jpeg
TRK_00534,EVT_11,18,Offer Nissim Feat. Meital De Razon - Like This Like That,Offer Nissim Feat. Meital De Razon,Like This Like That,,,SONG_0160,HIGH,,WhatsApp Image 2026-09-04 at 20.36.47 (4).jpeg
TRK_00535,EVT_11,19,Offer Nissim - La Talya,Offer Nissim,La Talya,,,SONG_0147,HIGH,,WhatsApp Image 2026-09-04 at 20.36.47 (4).jpeg
TRK_00536,EVT_11,20,Offer Nissim Feat. Gila Goldstein - Feel It,Offer Nissim Feat. Gila Goldstein,Feel It,,,SONG_0010,HIGH,,WhatsApp Image 2026-09-04 at 20.36.47 (4).jpeg
TRK_00537,EVT_11,21,Rita And Elk - BAILADOR - Offer Nissim Remix,Rita & ELK,Bailador,Offer Nissim Remix,,SONG_0208,HIGH,Artist normalized: 'Rita And Elk' -> 'Rita & ELK',WhatsApp Image 2026-09-04 at 20.36.47 (4).jpeg
TRK_00538,EVT_11,22,Offer Nissim Feat. Betty - Kol Doudi,Offer Nissim Feat. Betty,Kol Doudi,,,SONG_0157,HIGH,,WhatsApp Image 2026-09-04 at 20.36.47 (4).jpeg
TRK_00539,EVT_11,23,Aviv Geffen & Ella-Lee - Varod Mavrik - Offer Nissim Remix,Aviv Geffen & Ella-Lee,Varod Mavrik,Offer Nissim Remix,,SONG_0170,HIGH,,WhatsApp Image 2026-09-04 at 20.36.47 (4).jpeg
TRK_00540,EVT_11,24,Offer Nissim Feat. Maya Simantov - Like There Is No Tomorrow,Offer Nissim Feat. Maya Simantov,Like There Is No Tomorrow,,,SONG_0142,HIGH,,WhatsApp Image 2026-09-04 at 20.36.47 (4).jpeg
TRK_00541,EVT_11,25,Offer Nissim Feat. Maya Simantov - I'm In Love,Offer Nissim Feat. Maya Simantov,I'm In Love,,,SONG_0033,HIGH,,WhatsApp Image 2026-09-04 at 20.36.47 (4).jpeg
TRK_00542,EVT_11,26,Offer Nissim Feat. Epiphony - Out Of My Skin,Offer Nissim Feat. Epiphony,Out Of My Skin,,,SONG_0140,HIGH,,WhatsApp Image 2026-09-04 at 20.36.47 (4).jpeg
TRK_00543,EVT_11,27,Amelia Lily - You Bring Me Joy - Offer Nissim Remix,Amelia Lily,You Bring Me Joy,Offer Nissim Remix,,SONG_0020,HIGH,,WhatsApp Image 2026-09-04 at 20.36.47 (4).jpeg
TRK_00544,EVT_11,28,Vali - Ain't No Friend of Mine - Offer Nissim Remix,Vali,Ain't No Friend Of Mine,Offer Nissim Remix,,SONG_0029,HIGH,,WhatsApp Image 2026-09-04 at 20.36.47 (4).jpeg
TRK_00545,EVT_11,29,Offer Nissim - Underground,Offer Nissim,Underground,,,SONG_0209,HIGH,,WhatsApp Image 2026-09-04 at 20.36.47 (4).jpeg
TRK_00546,EVT_11,30,Offer Nissim Feat. Nasrin Kadri - Lusi,Offer Nissim Feat. Nasrin Kadri,Lusi,,,SONG_0226,HIGH,,WhatsApp Image 2026-09-04 at 20.36.47 (4).jpeg
TRK_00547,EVT_11,31,Offer Nissim Feat. Nasrin Kadri - Hubby - Show Mix,Offer Nissim Feat. Nasrin Kadri,Hubby,Show Mix,,SONG_0155,HIGH,,WhatsApp Image 2026-09-04 at 20.36.47 (4).jpeg
TRK_00548,EVT_11,32,Offer Nissim Feat. Eyal Golan - ESHAL,Offer Nissim Feat. Eyal Golan,Eshal,,,SONG_0167,HIGH,,WhatsApp Image 2026-09-04 at 20.36.47 (4).jpeg
TRK_00549,EVT_11,33,Offer Nissim Feat. Eyal Golan - Lo Mevina Ivrit,Offer Nissim Feat. Eyal Golan,Lo Mevina Ivrit,,,SONG_0027,HIGH,,WhatsApp Image 2026-09-04 at 20.36.47 (4).jpeg
TRK_00550,EVT_11,34,Offer Nissim Feat. Maya Simantov - Everybody Needs A Man,Offer Nissim Feat. Maya Simantov,Everybody Needs A Man,,,SONG_0032,HIGH,,WhatsApp Image 2026-09-04 at 20.36.47 (4).jpeg
TRK_00551,EVT_11,35,Offer Nissim Feat. Maya Simantov - Let Me Live,Offer Nissim Feat. Maya Simantov,Let Me Live,,,SONG_0040,HIGH,,WhatsApp Image 2026-09-04 at 20.36.47 (4).jpeg
TRK_00552,EVT_11,36,Offer Nissim - Ahasuerus,Offer Nissim,Ahasuerus,,,SONG_0003,HIGH,,WhatsApp Image 2026-09-04 at 20.36.47 (4).jpeg
TRK_00553,EVT_11,37,Offer Nissim - Esther,Offer Nissim,Esther,,,SONG_0002,HIGH,,WhatsApp Image 2026-09-04 at 20.36.47 (4).jpeg
TRK_00554,EVT_11,38,Offer Nissim - Get What I Want,Offer Nissim,Get What I Want,,,SONG_0188,HIGH,,WhatsApp Image 2026-09-04 at 20.36.47 (4).jpeg
TRK_00555,EVT_11,39,Offer Nissim - Infected Love,Offer Nissim,Infected Love,,,SONG_0173,HIGH,,WhatsApp Image 2026-09-04 at 20.36.47 (4).jpeg
TRK_00556,EVT_11,40,Eliran Halevy - Can You Feel It,Eliran Halevy,Can You Feel It,,,SONG_0227,HIGH,,WhatsApp Image 2026-09-04 at 20.36.47 (4).jpeg
TRK_00557,EVT_11,41,I Promised Mom & ANGST vor GRETA - My Sweet Stranger - Adam Ten & Mita Gami Remix,I Promised Mom & ANGST vor GRETA,My Sweet Stranger,Adam Ten & Mita Gami Remix,,SONG_0228,HIGH,,WhatsApp Image 2026-09-04 at 20.36.47 (4).jpeg
TRK_00558,EVT_11,42,"Thayana Valle, Botteon, Out_Ctrl - Justify - Original Mix","Thayana Valle, Botteon, Out_Ctrl",Justify,Original Mix,,SONG_0229,HIGH,,WhatsApp Image 2026-09-04 at 20.36.47 (4).jpeg
TRK_00559,EVT_11,43,Offer Nissim Feat. Ilan Peled - Hypno Dance,Offer Nissim Feat. Ilan Peled,Hypno Dance,,,SONG_0216,HIGH,,WhatsApp Image 2026-09-04 at 20.36.47 (4).jpeg
TRK_00560,EVT_11,44,Offer Nissim X Dana International - Dana Kama,Offer Nissim X Dana International,Dana Kama,,,SONG_0230,HIGH,,WhatsApp Image 2026-09-04 at 20.36.47 (4).jpeg
TRK_00561,EVT_11,45,Offer Nissim Feat. Maya Simantov - We Can Make It - Show Mix,Offer Nissim Feat. Maya Simantov,We Can Make It,Show Mix,,SONG_0048,HIGH,,WhatsApp Image 2026-09-04 at 20.36.47 (4).jpeg
TRK_00562,EVT_11,46,Offer Nissim - Shalom Aleychem,Offer Nissim,Shalom Aleychem,,,SONG_0044,HIGH,,WhatsApp Image 2026-09-04 at 20.36.47 (4).jpeg
TRK_00563,EVT_11,47,Offer Nissim Feat. Ania Bukstein - ROKEDET,Offer Nissim Feat. Ania Bukstein,Rokedet,,,SONG_0034,HIGH,,WhatsApp Image 2026-09-04 at 20.36.47 (4).jpeg
TRK_00564,EVT_11,48,Offer Nissim Feat. Riki Ben-Ari - Fame,Offer Nissim Feat. Riki Ben-Ari,Fame,,,SONG_0021,HIGH,,WhatsApp Image 2026-09-04 at 20.36.47 (4).jpeg
TRK_00565,EVT_11,49,Cher - Gimme! Gimme! Gimme! - Offer Nissim Needs A Man Remix,Cher,Gimme! Gimme! Gimme! (A Man After Midnight),Offer Nissim Needs A Man Remix,,SONG_0031,HIGH,Title spelling normalized: 'Gimme! Gimme! Gimme!' -> 'Gimme! Gimme! Gimme! (A Man After Midnight)',WhatsApp Image 2026-09-04 at 20.36.47 (4).jpeg
TRK_00566,EVT_11,50,Suzanne Palmer - Home - Offer Nissim Remix - Part 1,Suzanne Palmer,Home,Offer Nissim Remix - Part 1,,SONG_0231,HIGH,,WhatsApp Image 2026-09-04 at 20.36.47 (4).jpeg
TRK_00567,EVT_11,51,Offer Nissim Feat. Maya Simantov - Alone,Offer Nissim Feat. Maya Simantov,Alone,,,SONG_0172,HIGH,,WhatsApp Image 2026-09-04 at 20.36.47 (4).jpeg
TRK_00568,EVT_11,52,Offer Nissim X ODEYA - Baleylot,Offer Nissim X ODEYA,Baleylot,,,SONG_0212,HIGH,,WhatsApp Image 2026-09-04 at 20.36.47 (4).jpeg
TRK_00569,EVT_11,53,Offer Nissim X Arik Einstein - Ma Shehaya Haya,Offer Nissim X Arik Einstein,Ma Shehaya Haya,,,SONG_0232,HIGH,,WhatsApp Image 2026-09-04 at 20.36.47 (4).jpeg
TRK_00570,EVT_11,54,Mono - Life in Mono - Offer Nissim Remix,Mono,Life In Mono,Offer Nissim Remix,,SONG_0233,HIGH,,WhatsApp Image 2026-09-04 at 20.36.47 (4).jpeg
TRK_00571,EVT_11,55,Offer Nissim Feat. Ilan Peled and Nasrin Kadri - LIBERTÉ,Offer Nissim Feat. Ilan Peled and Nasrin Kadri,Liberté,,,SONG_0225,HIGH,,WhatsApp Image 2026-09-04 at 20.36.47 (4).jpeg
TRK_00572,EVT_11,56,Offer Nissim - Completely Yourself,Offer Nissim,Completely Yourself,,,SONG_0045,HIGH,,WhatsApp Image 2026-09-04 at 20.36.47 (4).jpeg
TRK_00573,EVT_12,1,Offer Nissim - Don't Know What To Do,Offer Nissim,Don't Know What To Do,,,SONG_0234,HIGH,,WhatsApp Image 2026-09-04 at 20.36.48.jpeg
TRK_00574,EVT_12,2,Amanda Lear - Follow Me - Offer Nissim Remix,Amanda Lear,Follow Me,Offer Nissim Remix,,SONG_0235,HIGH,,WhatsApp Image 2026-09-04 at 20.36.48.jpeg
TRK_00575,EVT_12,3,Nina Hagen - New York New York - Offer Nissim Remix,Nina Hagen,New York New York,Offer Nissim Remix,,SONG_0236,HIGH,,WhatsApp Image 2026-09-04 at 20.36.48.jpeg
TRK_00576,EVT_12,4,Offer Nissim Feat. Maya Simantov - First Time - Show Mix,Offer Nissim Feat. Maya Simantov,First Time,Show Mix,,SONG_0153,HIGH,,WhatsApp Image 2026-09-04 at 20.36.48.jpeg
TRK_00577,EVT_12,5,Offer Nissim Feat. Maya Simantov - Happy People - Show Mix,Offer Nissim Feat. Maya Simantov,Happy People,Show Mix,,SONG_0124,HIGH,,WhatsApp Image 2026-09-04 at 20.36.48.jpeg
TRK_00578,EVT_12,6,Offer Nissim Feat. Deborah Cox - Summer Of Love,Offer Nissim Feat. Deborah Cox,Summer Of Love,,,SONG_0144,HIGH,,WhatsApp Image 2026-09-04 at 20.36.48.jpeg
TRK_00579,EVT_12,7,Offer Nissim - Studio 54,Offer Nissim,Studio 54,,,SONG_0143,HIGH,,WhatsApp Image 2026-09-04 at 20.36.48.jpeg
TRK_00580,EVT_12,8,Offer Nissim  - Celebration,Offer Nissim,Celebration,,,SONG_0222,HIGH,,WhatsApp Image 2026-09-04 at 20.36.48.jpeg
TRK_00581,EVT_12,9,Offer Nissim Feat. Riki Ben Ari - Dance The Night,Offer Nissim Feat. Riki Ben-Ari,Dance The Night,,,SONG_0006,HIGH,Artist normalized: 'Offer Nissim Feat. Riki Ben Ari' -> 'Offer Nissim Feat. Riki Ben-Ari',WhatsApp Image 2026-09-04 at 20.36.48.jpeg
TRK_00582,EVT_12,10,Offer Nissim - I Want Muscles,Offer Nissim,I Want Muscles,,,SONG_0190,HIGH,,WhatsApp Image 2026-09-04 at 20.36.48.jpeg
TRK_00583,EVT_12,11,Offer Nissim - Atencion Alegria,Offer Nissim,Atencion Alegria,,,SONG_0182,HIGH,,WhatsApp Image 2026-09-04 at 20.36.48.jpeg
TRK_00584,EVT_12,12,Offer Nissim Feat. Shirley Bassey - La Passione,Offer Nissim Feat. Shirley Bassey,La Passione,,,SONG_0058,HIGH,,WhatsApp Image 2026-09-04 at 20.36.48.jpeg
TRK_00585,EVT_12,13,Offer Nissim - Osa Osa,Offer Nissim,Osa Osa,,,SONG_0078,HIGH,,WhatsApp Image 2026-09-04 at 20.36.48.jpeg
TRK_00586,EVT_12,14,Offer Nissim Feat. Ilan Peled - Mesuchsechet,Offer Nissim Feat. Ilan Peled,Mesuchsechet,,,SONG_0177,HIGH,,WhatsApp Image 2026-09-04 at 20.36.48.jpeg
TRK_00587,EVT_12,15,Offer Nissim Feat. Ilan Peled - Free To Change,Offer Nissim Feat. Ilan Peled,Free To Change,,,SONG_0237,HIGH,,WhatsApp Image 2026-09-04 at 20.36.48.jpeg
TRK_00588,EVT_12,16,Offer Nissim - Up To The Top,Offer Nissim,Up To The Top,,,SONG_0113,HIGH,,WhatsApp Image 2026-09-04 at 20.36.48.jpeg
TRK_00589,EVT_12,17,Offer Nissim - Get What I Want,Offer Nissim,Get What I Want,,,SONG_0188,HIGH,,WhatsApp Image 2026-09-04 at 20.36.48.jpeg
TRK_00590,EVT_12,18,Offer Nissim - Lost In Music,Offer Nissim,Lost In Music,,,SONG_0120,HIGH,,WhatsApp Image 2026-09-04 at 20.36.48.jpeg
TRK_00591,EVT_12,19,Cher - Gimme! Gimme! Gimme! - Offer Nissim Needs A Man Remix,Cher,Gimme! Gimme! Gimme! (A Man After Midnight),Offer Nissim Needs A Man Remix,,SONG_0031,HIGH,Title spelling normalized: 'Gimme! Gimme! Gimme!' -> 'Gimme! Gimme! Gimme! (A Man After Midnight)',WhatsApp Image 2026-09-04 at 20.36.48.jpeg
TRK_00592,EVT_12,20,Offer Nissim Feat. Robin S. - Show Me Love,Offer Nissim Feat. Robin S.,Show Me Love,,,SONG_0149,HIGH,,WhatsApp Image 2026-09-04 at 20.36.48.jpeg
TRK_00593,EVT_12,21,Offer Nissim Presents: The Bitches - Ain't No Mountain,Offer Nissim Presents The Bitches,Ain't No Mountain,,,SONG_0064,HIGH,Artist normalized: 'Offer Nissim Presents: The Bitches' -> 'Offer Nissim Presents The Bitches',WhatsApp Image 2026-09-04 at 20.36.48.jpeg
TRK_00594,EVT_12,22,Offer Nissim Feat. Meital De Razon - Like This Like That,Offer Nissim Feat. Meital De Razon,Like This Like That,,,SONG_0160,HIGH,,WhatsApp Image 2026-09-04 at 20.36.48.jpeg
TRK_00595,EVT_12,23,Offer Nissim X Harel Skaat - Ahava Nafshi,Offer Nissim X Harel Skaat,Ahava Nafshi,,,SONG_0150,HIGH,,WhatsApp Image 2026-09-04 at 20.36.48.jpeg
TRK_00596,EVT_12,24,Offer Nissim - Bimbo,Offer Nissim,Bimbo,,,SONG_0129,HIGH,,WhatsApp Image 2026-09-04 at 20.36.48.jpeg
TRK_00597,EVT_12,25,Offer Nissim Feat. Epiphony - Boxing Ring,Offer Nissim Feat. Epiphony,Boxing Ring,,,SONG_0238,HIGH,,WhatsApp Image 2026-09-04 at 20.36.48.jpeg
TRK_00598,EVT_12,26,Offer Nissim - Crazy Things At Night,Offer Nissim,Crazy Things At Night,,,SONG_0001,HIGH,,WhatsApp Image 2026-09-04 at 20.36.48.jpeg
TRK_00599,EVT_12,27,Offer Nissim Feat. Maya Simantov - Like There Is No Tomorrow,Offer Nissim Feat. Maya Simantov,Like There Is No Tomorrow,,,SONG_0142,HIGH,,WhatsApp Image 2026-09-04 at 20.36.48.jpeg
TRK_00600,EVT_12,28,Offer Nissim - Bombay,Offer Nissim,Bombay,,,SONG_0146,HIGH,,WhatsApp Image 2026-09-04 at 20.36.48.jpeg
TRK_00601,EVT_12,29,Offer Nissim Feat. Ania Bukstein - ROKEDET,Offer Nissim Feat. Ania Bukstein,Rokedet,,,SONG_0034,HIGH,,WhatsApp Image 2026-09-04 at 20.36.48.jpeg
TRK_00602,EVT_12,30,Sarit Hadad - Ze She'shomer Alay - Offer Nissim Vs Yinon Yahel Club Mix,Sarit Hadad,Ze She'shomer Alay,Offer Nissim Vs Yinon Yahel Club Mix,,SONG_0011,HIGH,,WhatsApp Image 2026-09-04 at 20.36.48.jpeg
TRK_00603,EVT_12,31,Offer Nissim X Dana International - Good Night Europe - Show Mix,Offer Nissim X Dana International,Layla Tov Eropa,Show Mix,,SONG_0091,HIGH,English title of Layla Tov Eropa; same song - confirmed by archive owner (probable).,WhatsApp Image 2026-09-04 at 20.36.48.jpeg
TRK_00604,EVT_12,32,Offer Nissim Feat. Dana International - Power - Show Mix,Offer Nissim Feat. Dana International,Power,Show Mix,,SONG_0239,HIGH,,WhatsApp Image 2026-09-04 at 20.36.48.jpeg
TRK_00605,EVT_12,33,Dana International - Ahlah Gever - Offer Nissim Show Mix,Dana International,Ahlah Gever,Offer Nissim Show Mix,,SONG_0240,HIGH,,WhatsApp Image 2026-09-04 at 20.36.48.jpeg
TRK_00606,EVT_12,34,Offer Nissim Feat. Dana International - Ani Lo Yechola Biladecha (Rosh Hashana Version),Offer Nissim Feat. Dana International,Ani Lo Yechola Biladecha,Rosh Hashana Version,,SONG_0206,HIGH,,WhatsApp Image 2026-09-04 at 20.36.48.jpeg
TRK_00607,EVT_12,35,Offer Nissim X Dana International - Down On Me,Offer Nissim X Dana International,Down On Me,,,SONG_0241,HIGH,,WhatsApp Image 2026-09-04 at 20.36.48.jpeg
TRK_00608,EVT_12,36,Ran Danker - Malkat Harahava - Offer Nissim Show Mix,Ran Danker,Malkat Harahava,Offer Nissim Show Mix,,SONG_0201,HIGH,,WhatsApp Image 2026-09-04 at 20.36.48.jpeg
TRK_00609,EVT_12,37,Elad Navon - Flow,Elad Navon,Flow,,,SONG_0242,HIGH,,WhatsApp Image 2026-09-04 at 20.36.48.jpeg
TRK_00610,EVT_12,38,Amuka vs Shakedown - Appreciate Me At Night - Offer Nissim Mash Up,Amuka vs Shakedown,Appreciate Me At Night,Offer Nissim Mash Up,,SONG_0243,HIGH,,WhatsApp Image 2026-09-04 at 20.36.48.jpeg
TRK_00611,EVT_12,39,Offer Nissim - Infected Love,Offer Nissim,Infected Love,,,SONG_0173,HIGH,,WhatsApp Image 2026-09-04 at 20.36.48.jpeg
TRK_00612,EVT_12,40,Eliran Halevy - Vicious Games,Yello,Vicious Games,Eliran Halevy Remix,,SONG_0244,HIGH,Printed as an Eliran Halevy original; it is Eliran Halevy's remix of Yello's Vicious Games (same track as the NYC Pride 2023 line) - confirmed by archive owner 06.09.2026.,WhatsApp Image 2026-09-04 at 20.36.48.jpeg
TRK_00613,EVT_12,41,Eliran Halevy - In My Heart,Eliran Halevy,In My Heart,,,SONG_0176,HIGH,,WhatsApp Image 2026-09-04 at 20.36.48.jpeg
TRK_00614,EVT_12,42,David Bowie - Wild Is The Wind - Eliran Halevy Remix,David Bowie,Wild Is The Wind,Eliran Halevy Remix,,SONG_0245,HIGH,,WhatsApp Image 2026-09-04 at 20.36.48.jpeg
TRK_00615,EVT_12,43,Madonna - I Don't Search I Find - Offer Nissim Remix,Madonna,I Don't Search I Find,Offer Nissim Remix,,SONG_0122,HIGH,,WhatsApp Image 2026-09-04 at 20.36.48.jpeg
TRK_00616,EVT_12,44,Offer Nissim Feat. Maya Simantov - Let Me Live,Offer Nissim Feat. Maya Simantov,Let Me Live,,,SONG_0040,HIGH,,WhatsApp Image 2026-09-04 at 20.36.48.jpeg
TRK_00617,EVT_12,45,Michelle Obama All-Star Girl Power Anthem - This Is For My Girls - Offer Nissim Remix,Michelle Obama All-Star Girl Power Anthem,This Is For My Girls,Offer Nissim Remix,,SONG_0069,HIGH,,WhatsApp Image 2026-09-04 at 20.36.48.jpeg
TRK_00618,EVT_12,46,Yehuda Poliker X Offer Nissim - Aphrodite - Show Mix,Yehuda Poliker X Offer Nissim,Aphrodite,Show Mix,,SONG_0246,HIGH,,WhatsApp Image 2026-09-04 at 20.36.48.jpeg
TRK_00619,EVT_12,47,Rita & ELK (Duende) - Boom Boom Boom - Offer Nissim Remix,Rita & ELK,Boom Boom Boom,Offer Nissim Remix,,SONG_0181,HIGH,,WhatsApp Image 2026-09-04 at 20.36.48.jpeg
TRK_00620,EVT_12,48,Offer Nissim Feat. Masaki Durian & Ilan Peled - Mayim,Offer Nissim Feat. Masaki Durian & Ilan Peled,Mayim,,,SONG_0159,HIGH,,WhatsApp Image 2026-09-04 at 20.36.48.jpeg
TRK_00621,EVT_12,49,The KLF - What Time Is Love - Offer Nissim Remix,The KLF,What Time Is Love,Offer Nissim Remix,,SONG_0199,HIGH,,WhatsApp Image 2026-09-04 at 20.36.48.jpeg
TRK_00622,EVT_12,50,Offer Nissim - Move Your Body,Offer Nissim,Move Your Body,,,SONG_0174,HIGH,,WhatsApp Image 2026-09-04 at 20.36.48.jpeg
TRK_00623,EVT_12,51,Offer Nissim Feat. Maya Simantov - Tel Aviv,Offer Nissim Feat. Maya Simantov,Tel Aviv,,,SONG_0042,HIGH,,WhatsApp Image 2026-09-04 at 20.36.48.jpeg
TRK_00624,EVT_12,52,Offer Nissim - Completely Yourself,Offer Nissim,Completely Yourself,,,SONG_0045,HIGH,,WhatsApp Image 2026-09-04 at 20.36.48.jpeg
TRK_00625,EVT_13,0,"Deborah Cox Opening act  - Everybody Dance, Easy As, Summer Of Love - Offer Nissim Show Mix",Deborah Cox,Everybody Dance / Easy As Life / Summer Of Love (opening-act medley),Offer Nissim Show Mix,,SONG_0247,HIGH,"OPENING ACT (02:30), not part of Offer Nissim's set proper; included per archive owner's instruction. Medley of three Deborah Cox songs; given its own canonical id. Component songs: Everybody Dance, Easy As Life, Summer Of Love.",WhatsApp Image 2026-09-04 at 20.36.48 (1).jpeg
TRK_00626,EVT_13,1,Offer Nissim - Don't Know What To Do,Offer Nissim,Don't Know What To Do,,,SONG_0234,HIGH,,WhatsApp Image 2026-09-04 at 20.36.48 (1).jpeg
TRK_00627,EVT_13,2,Offer Nissim Feat. The Israeli Opera - Hymns To God,Offer Nissim Feat. The Israeli Opera,Hymns To God,,,SONG_0060,HIGH,,WhatsApp Image 2026-09-04 at 20.36.48 (1).jpeg
TRK_00628,EVT_13,3,Madonna - Celebration - Offer Nissim dub Remix,Madonna,Celebration,Offer Nissim dub Remix,,SONG_0222,HIGH,,WhatsApp Image 2026-09-04 at 20.36.48 (1).jpeg
TRK_00629,EVT_13,4,Offer Nissim Feat. Maya Simantov - Zero Fucks,Offer Nissim Feat. Maya Simantov,Zero Fucks,,,SONG_0161,HIGH,,WhatsApp Image 2026-09-04 at 20.36.48 (1).jpeg
TRK_00630,EVT_13,5,Amelia Lily - You Bring Me Joy - Offer Nissim Remix,Amelia Lily,You Bring Me Joy,Offer Nissim Remix,,SONG_0020,HIGH,,WhatsApp Image 2026-09-04 at 20.36.48 (1).jpeg
TRK_00631,EVT_13,6,Offer Nissim - Studio 54,Offer Nissim,Studio 54,,,SONG_0143,HIGH,,WhatsApp Image 2026-09-04 at 20.36.48 (1).jpeg
TRK_00632,EVT_13,7,Offer Nissim - Get What I Want,Offer Nissim,Get What I Want,,,SONG_0188,HIGH,,WhatsApp Image 2026-09-04 at 20.36.48 (1).jpeg
TRK_00633,EVT_13,8,Vali - Ain't No Friend of Mine - Offer Nissim Remix,Vali,Ain't No Friend Of Mine,Offer Nissim Remix,,SONG_0029,HIGH,,WhatsApp Image 2026-09-04 at 20.36.48 (1).jpeg
TRK_00634,EVT_13,9,Offer Nissim Present: The Bitches - Ain't No Mountain,Offer Nissim Presents The Bitches,Ain't No Mountain,,,SONG_0064,HIGH,Artist normalized: 'Offer Nissim Present: The Bitches' -> 'Offer Nissim Presents The Bitches',WhatsApp Image 2026-09-04 at 20.36.48 (1).jpeg
TRK_00635,EVT_13,10,Offer Nissim - I Want Muscles,Offer Nissim,I Want Muscles,,,SONG_0190,HIGH,,WhatsApp Image 2026-09-04 at 20.36.48 (1).jpeg
TRK_00636,EVT_13,11,Michelle Obama Power Anthem - This Is For My Girls - Offer Nissim Remix,Michelle Obama All-Star Girl Power Anthem,This Is For My Girls,Offer Nissim Remix,,SONG_0069,HIGH,Artist normalized: 'Michelle Obama Power Anthem' -> 'Michelle Obama All-Star Girl Power Anthem',WhatsApp Image 2026-09-04 at 20.36.48 (1).jpeg
TRK_00637,EVT_13,12,Offer Nissim Feat. Maya Simantov - Let Me Live,Offer Nissim Feat. Maya Simantov,Let Me Live,,,SONG_0040,HIGH,,WhatsApp Image 2026-09-04 at 20.36.48 (1).jpeg
TRK_00638,EVT_13,13,MR.BLACK & Offer Nissim - Mucho Bien - Reconstruction Mix,Mr. Black & Offer Nissim,Mucho Bien,Reconstruction Mix,,SONG_0145,HIGH,Artist normalized: 'MR.BLACK & Offer Nissim' -> 'Mr. Black & Offer Nissim',WhatsApp Image 2026-09-04 at 20.36.48 (1).jpeg
TRK_00639,EVT_13,14,Offer Nissim - Cha Cha Cha - Peter Rauhofer's NYC Edit,Offer Nissim,Cha Cha Cha,Peter Rauhofer NYC Edit,,SONG_0023,HIGH,Same track as 'Another Cha Cha' - confirmed by archive owner. | Corrected 03.10.2026: official title per Offer Nissim's release (Spotify / Beatport / Star 69 Records: 'Cha Cha Cha (Peter Rauhofer NYC Edit)'),WhatsApp Image 2026-09-04 at 20.36.48 (1).jpeg
TRK_00640,EVT_13,15,Nina Hagen - New York New York - Offer Nissim Remix,Nina Hagen,New York New York,Offer Nissim Remix,,SONG_0236,HIGH,,WhatsApp Image 2026-09-04 at 20.36.48 (1).jpeg
TRK_00641,EVT_13,16,Offer Nissim Feat. Maya Simantov - First Time - Show Mix,Offer Nissim Feat. Maya Simantov,First Time,Show Mix,,SONG_0153,HIGH,,WhatsApp Image 2026-09-04 at 20.36.48 (1).jpeg
TRK_00642,EVT_13,17,Offer Nissim Feat. Maya Simantov - I'm In Love,Offer Nissim Feat. Maya Simantov,I'm In Love,,,SONG_0033,HIGH,,WhatsApp Image 2026-09-04 at 20.36.48 (1).jpeg
TRK_00643,EVT_13,18,Suzanne Palmer - Free My Love - Offer Nissim Remix,Suzanne Palmer,Free My Love,Offer Nissim Remix,,SONG_0123,HIGH,,WhatsApp Image 2026-09-04 at 20.36.48 (1).jpeg
TRK_00644,EVT_13,19,Offer Nissim Feat. Riki Ben-Ari - Light My Fire,Offer Nissim Feat. Riki Ben-Ari,Light My Fire,,,SONG_0119,HIGH,,WhatsApp Image 2026-09-04 at 20.36.48 (1).jpeg
TRK_00645,EVT_13,20,Aretha Franklin - Rolling In The Deep - Offer Nissim Remix,Aretha Franklin,Rolling In The Deep,Offer Nissim Remix,,SONG_0087,HIGH,,WhatsApp Image 2026-09-04 at 20.36.48 (1).jpeg
TRK_00646,EVT_13,21,Scissor Sisters - Fire With Fire - Peter Rauhofer Reconstruction Mix,Scissor Sisters,Fire With Fire,Peter Rauhofer Reconstruction Mix,,SONG_0248,HIGH,,WhatsApp Image 2026-09-04 at 20.36.48 (1).jpeg
TRK_00647,EVT_13,22,Offer Nissim Feat. Dana International - Power,Offer Nissim Feat. Dana International,Power,,,SONG_0239,HIGH,,WhatsApp Image 2026-09-04 at 20.36.48 (1).jpeg
TRK_00648,EVT_13,23,Offer Nissim Feat. Meital De Razon - Like This Like That,Offer Nissim Feat. Meital De Razon,Like This Like That,,,SONG_0160,HIGH,,WhatsApp Image 2026-09-04 at 20.36.48 (1).jpeg
TRK_00649,EVT_13,24,Offer Nissim - Lost In Music,Offer Nissim,Lost In Music,,,SONG_0120,HIGH,,WhatsApp Image 2026-09-04 at 20.36.48 (1).jpeg
TRK_00650,EVT_13,25,Cher - Gimme! Gimme! Gimme! - Offer Nissim Needs A Man Remix,Cher,Gimme! Gimme! Gimme! (A Man After Midnight),Offer Nissim Needs A Man Remix,,SONG_0031,HIGH,Title spelling normalized: 'Gimme! Gimme! Gimme!' -> 'Gimme! Gimme! Gimme! (A Man After Midnight)',WhatsApp Image 2026-09-04 at 20.36.48 (1).jpeg
TRK_00651,EVT_13,26,Offer Nissim Feat. Maya Simantov - Everybody Needs A Man,Offer Nissim Feat. Maya Simantov,Everybody Needs A Man,,,SONG_0032,HIGH,,WhatsApp Image 2026-09-04 at 20.36.48 (1).jpeg
TRK_00652,EVT_13,27,Offer Nissim Feat. Maya Simantov - Like There Is No Tomorrow,Offer Nissim Feat. Maya Simantov,Like There Is No Tomorrow,,,SONG_0142,HIGH,,WhatsApp Image 2026-09-04 at 20.36.48 (1).jpeg
TRK_00653,EVT_13,28,Offer Nissim - Infected Love,Offer Nissim,Infected Love,,,SONG_0173,HIGH,,WhatsApp Image 2026-09-04 at 20.36.48 (1).jpeg
TRK_00654,EVT_13,29,Yello - Vicious Games - Eliran Halevy Remix(?),Yello,Vicious Games,Eliran Halevy Remix,,SONG_0244,HIGH,Source has '(?)' after the remix credit; archive owner confirmed on 06.09.2026 that it is the Eliran Halevy Remix.,WhatsApp Image 2026-09-04 at 20.36.48 (1).jpeg
TRK_00655,EVT_13,30,David Bowie - Wild Is The Wind - Eliran Halevy Remix,David Bowie,Wild Is The Wind,Eliran Halevy Remix,,SONG_0245,HIGH,,WhatsApp Image 2026-09-04 at 20.36.48 (1).jpeg
TRK_00656,EVT_13,31,Madonna - I Don't Search I Find - Offer Nissim Remix,Madonna,I Don't Search I Find,Offer Nissim Remix,,SONG_0122,HIGH,,WhatsApp Image 2026-09-04 at 20.36.48 (1).jpeg
TRK_00657,EVT_13,32,"MNEK - At Night , I Think About You - Offer Nissim Remix",MNEK,"At Night, I Think About You",Offer Nissim Remix,,SONG_0151,HIGH,,WhatsApp Image 2026-09-04 at 20.36.48 (1).jpeg
TRK_00658,EVT_13,33,Suzanne Palmer - Fascinated - Offer Nissim Remix,Suzanne Palmer,Fascinated,Offer Nissim Remix,,SONG_0047,HIGH,,WhatsApp Image 2026-09-04 at 20.36.48 (1).jpeg
TRK_00659,EVT_13,34,Offer Nissim Feat. Maya Simantov - Searching,Offer Nissim Feat. Maya Simantov,Searching,,,SONG_0107,HIGH,,WhatsApp Image 2026-09-04 at 20.36.48 (1).jpeg
TRK_00660,EVT_13,35,The KLF - What Time Is Love - Offer Nissim Remix,The KLF,What Time Is Love,Offer Nissim Remix,,SONG_0199,HIGH,,WhatsApp Image 2026-09-04 at 20.36.48 (1).jpeg
TRK_00661,EVT_13,36,Offer Nissim Feat. Omri Mizrahi - Don't Stop The Dance,Offer Nissim Feat. Omri Mizrahi,Don't Stop The Dance,,,SONG_0110,HIGH,,WhatsApp Image 2026-09-04 at 20.36.48 (1).jpeg
TRK_00662,EVT_13,37,Offer Nissim - Completely Yourself,Offer Nissim,Completely Yourself,,,SONG_0045,HIGH,,WhatsApp Image 2026-09-04 at 20.36.48 (1).jpeg
TRK_00663,EVT_14,1,Offer Nissim Feat. Ilan Peled - One Minute Before We All Die - Intro Mix,Offer Nissim Feat. Ilan Peled,One Minute Before We All Die,Intro Mix,,SONG_0249,HIGH,,WhatsApp Image 2026-09-04 at 20.41.01.jpeg
TRK_00664,EVT_14,2,Offer Nissim - Keep On Dancing,Offer Nissim,Keep On Dancing,,,SONG_0250,HIGH,,WhatsApp Image 2026-09-04 at 20.41.01.jpeg
TRK_00665,EVT_14,3,Offer Nissim - Feel Free,Offer Nissim,Feel Free,,,SONG_0251,HIGH,,WhatsApp Image 2026-09-04 at 20.41.01.jpeg
TRK_00666,EVT_14,4,Black Box - Everybody Everybody - Offer Nissim Remix,Black Box,Everybody Everybody,Offer Nissim Remix,,SONG_0062,HIGH,,WhatsApp Image 2026-09-04 at 20.41.01.jpeg
TRK_00667,EVT_14,5,Offer Nissim Feat. Robin S. - Show Me Love,Offer Nissim Feat. Robin S.,Show Me Love,,,SONG_0149,HIGH,,WhatsApp Image 2026-09-04 at 20.41.01.jpeg
TRK_00668,EVT_14,6,Offer Nissim - Move Your Body,Offer Nissim,Move Your Body,,,SONG_0174,HIGH,,WhatsApp Image 2026-09-04 at 20.41.01.jpeg
TRK_00669,EVT_14,7,Offer Nissim - Welcome,Offer Nissim,Welcome,,,SONG_0221,HIGH,,WhatsApp Image 2026-09-04 at 20.41.01.jpeg
TRK_00670,EVT_14,8,Madonna - God Control - Offer Nissim Rosh Hashana Remix,Madonna,God Control,Offer Nissim Rosh Hashana Remix,,SONG_0093,HIGH,,WhatsApp Image 2026-09-04 at 20.41.01.jpeg
TRK_00671,EVT_14,9,Offer Nissim Feat. Maya Simantov - LIE,Offer Nissim Feat. Maya Simantov,Lie,,,SONG_0097,HIGH,,WhatsApp Image 2026-09-04 at 20.41.01.jpeg
TRK_00672,EVT_14,10,Extasia & Zach Adam feat Rony G - Light Beams - Offer Nissim Remix,Extasia & Zach Adam Feat. Rony G,Light Beams,Offer Nissim Remix,,SONG_0007,HIGH,Artist normalized: 'Extasia & Zach Adam feat Rony G' -> 'Extasia & Zach Adam Feat. Rony G',WhatsApp Image 2026-09-04 at 20.41.01.jpeg
TRK_00673,EVT_14,11,Offer Nissim - Bombay,Offer Nissim,Bombay,,,SONG_0146,HIGH,,WhatsApp Image 2026-09-04 at 20.41.01.jpeg
TRK_00674,EVT_14,12,Brothers In Rhythm - Such a Good Feeling -  Offer Nissim Remix,Brothers In Rhythm,Such A Good Feeling,Offer Nissim Remix,,SONG_0050,HIGH,,WhatsApp Image 2026-09-04 at 20.41.01.jpeg
TRK_00675,EVT_14,13,Offer Nissim Feat. The Israeli Opera - Hymns To God,Offer Nissim Feat. The Israeli Opera,Hymns To God,,,SONG_0060,HIGH,,WhatsApp Image 2026-09-04 at 20.41.01.jpeg
TRK_00676,EVT_14,14,Aretha Franklin - Rolling In The Deep - Offer Nissim Remix,Aretha Franklin,Rolling In The Deep,Offer Nissim Remix,,SONG_0087,HIGH,,WhatsApp Image 2026-09-04 at 20.41.01.jpeg
TRK_00677,EVT_14,15,Offer Nissim Feat. Riki Ben Ari - I Can't Sleep At Night,Offer Nissim Feat. Riki Ben-Ari,I Can't Sleep At Night,,,SONG_0148,HIGH,Artist normalized: 'Offer Nissim Feat. Riki Ben Ari' -> 'Offer Nissim Feat. Riki Ben-Ari',WhatsApp Image 2026-09-04 at 20.41.01.jpeg
TRK_00678,EVT_14,16,Offer Nissim Feat. Maya Simantov - Tel Aviv,Offer Nissim Feat. Maya Simantov,Tel Aviv,,,SONG_0042,HIGH,,WhatsApp Image 2026-09-04 at 20.41.01.jpeg
TRK_00679,EVT_14,17,"MNEK - At Night , I Think About You - Offer Nissim Remix",MNEK,"At Night, I Think About You",Offer Nissim Remix,,SONG_0151,HIGH,,WhatsApp Image 2026-09-04 at 20.41.01.jpeg
TRK_00680,EVT_14,18,Kristine W. - Be Alright - Offer Nissim Remix,Kristine W.,Be Alright,Offer Nissim Remix,,SONG_0132,HIGH,,WhatsApp Image 2026-09-04 at 20.41.01.jpeg
TRK_00681,EVT_14,19,Donna Summer & Barbra Streisand - Enough is Enough 2017 - Offer Nissim Remix,Donna Summer & Barbra Streisand,Enough Is Enough,2017 - Offer Nissim Remix,,SONG_0084,HIGH,'2017' belongs to the remix label.,WhatsApp Image 2026-09-04 at 20.41.01.jpeg
TRK_00682,EVT_14,20,Cher - Gimme! Gimme! Gimme! - Offer Nissim Needs A Man Remix,Cher,Gimme! Gimme! Gimme! (A Man After Midnight),Offer Nissim Needs A Man Remix,,SONG_0031,HIGH,Title spelling normalized: 'Gimme! Gimme! Gimme!' -> 'Gimme! Gimme! Gimme! (A Man After Midnight)',WhatsApp Image 2026-09-04 at 20.41.01.jpeg
TRK_00683,EVT_14,21,Nina Hagen - New York New York - Offer Nissim Remix,Nina Hagen,New York New York,Offer Nissim Remix,,SONG_0236,HIGH,,WhatsApp Image 2026-09-04 at 20.41.01.jpeg
TRK_00684,EVT_14,22,Offer Nissim Feat. Maya Simantov - Everybody Needs A Man,Offer Nissim Feat. Maya Simantov,Everybody Needs A Man,,,SONG_0032,HIGH,,WhatsApp Image 2026-09-04 at 20.41.01.jpeg
TRK_00685,EVT_14,23,Offer Nissim Feat. Maya Simantov - Zero Fucks,Offer Nissim Feat. Maya Simantov,Zero Fucks,,,SONG_0161,HIGH,,WhatsApp Image 2026-09-04 at 20.41.01.jpeg
TRK_00686,EVT_14,24,Offer Nissim - Get What I Want,Offer Nissim,Get What I Want,,,SONG_0188,HIGH,,WhatsApp Image 2026-09-04 at 20.41.01.jpeg
TRK_00687,EVT_14,25,Rihanna - Disturbia - Offer Nissim Remix,Rihanna,Disturbia,Offer Nissim Remix,,SONG_0252,HIGH,,WhatsApp Image 2026-09-04 at 20.41.01.jpeg
TRK_00688,EVT_14,26,Alain Chamfort - Manureva 07 - Offer Nissim Remix - OMG!,Alain Chamfort,Manureva 07,Offer Nissim Remix - OMG!,,SONG_0253,HIGH,"'OMG!' is a comment in the source, kept in version field.",WhatsApp Image 2026-09-04 at 20.41.01.jpeg
TRK_00689,EVT_14,27,Rita - Beegharar - Offer Nissim Remix,Rita,Beegharar,Offer Nissim Remix,,SONG_0026,HIGH,Corrected 26.09.2026: Title spelling per Offer Nissim's official release (Spotify: 'Beegharar - Offer Nissim Club Remix'),WhatsApp Image 2026-09-04 at 20.41.01.jpeg
TRK_00690,EVT_14,28,Offer Nissim X ODEYA - Baleylot,Offer Nissim X ODEYA,Baleylot,,,SONG_0212,HIGH,,WhatsApp Image 2026-09-04 at 20.41.01.jpeg
TRK_00691,EVT_14,29,Offer Nissim  - Celebration,Offer Nissim,Celebration,,,SONG_0222,HIGH,,WhatsApp Image 2026-09-04 at 20.41.01.jpeg
TRK_00692,EVT_14,30,Offer Nissim X Netta - Turn Up The Heat - Live Performance,Offer Nissim X Netta,Turn Up The Heat,Live Performance,,SONG_0254,HIGH,,WhatsApp Image 2026-09-04 at 20.41.01.jpeg
TRK_00693,EVT_14,31,Offer Nissim Feat. Meital De Razon - Like This Like That,Offer Nissim Feat. Meital De Razon,Like This Like That,,,SONG_0160,HIGH,,WhatsApp Image 2026-09-04 at 20.41.01.jpeg
TRK_00694,EVT_14,32,Offer Nissim Feat. Meital De Razon - My Pride,Offer Nissim Feat. Meital De Razon,My Pride,,,SONG_0063,HIGH,,WhatsApp Image 2026-09-04 at 20.41.01.jpeg
TRK_00695,EVT_14,33,Offer Nissim X Tair Haim - Laila,Offer Nissim X Tair Haim,Laila,,,SONG_0166,HIGH,,WhatsApp Image 2026-09-04 at 20.41.01.jpeg
TRK_00696,EVT_14,34,Offer Nissim Feat. Betty - Kol Doudi,Offer Nissim Feat. Betty,Kol Doudi,,,SONG_0157,HIGH,,WhatsApp Image 2026-09-04 at 20.41.01.jpeg
TRK_00697,EVT_14,35,Deborah Cox - Everbody Dance - Offer Nissim Show Mix,Deborah Cox,Everybody Dance,Offer Nissim Show Mix,,SONG_0180,HIGH,Title spelling normalized: 'Everbody Dance' -> 'Everybody Dance',WhatsApp Image 2026-09-04 at 20.41.01.jpeg
TRK_00698,EVT_14,36,Deborah Cox - Easy As Life - Offer Nissim Show Mix,Deborah Cox,Easy As Life,Offer Nissim Show Mix,,SONG_0083,HIGH,,WhatsApp Image 2026-09-04 at 20.41.01.jpeg
TRK_00699,EVT_14,37,Offer Nissim Feat. Maya Simantov - Like There Is No Tomorrow,Offer Nissim Feat. Maya Simantov,Like There Is No Tomorrow,,,SONG_0142,HIGH,,WhatsApp Image 2026-09-04 at 20.41.01.jpeg
TRK_00700,EVT_14,38,Beyonce – Run Da World - Itay Kalderon & Adi Perez Remix,Beyoncé,Run The World (Girls),Itay Kalderon & Adi Perez Remix,,SONG_0102,HIGH,Title spelling normalized: 'Run Da World' -> 'Run The World'; Corrected 26.09.2026: Official spelling: 'Beyonce - Run The World' -> 'Beyoncé - Run The World (Girls)',WhatsApp Image 2026-09-04 at 20.41.01.jpeg
TRK_00701,EVT_14,39,Britney Spears - Till The World Ends - Offer Nissim & Itay Kalderon Remix,Britney Spears,Till The World Ends,Offer Nissim & Itay Kalderon Remix,,SONG_0101,HIGH,,WhatsApp Image 2026-09-04 at 20.41.01.jpeg
TRK_00702,EVT_14,40,Offer Nissim Feat. Dana International - Power,Offer Nissim Feat. Dana International,Power,,,SONG_0239,HIGH,,WhatsApp Image 2026-09-04 at 20.41.01.jpeg
TRK_00703,EVT_14,41,Shoshana Damari - Adaa'in Kan - Offer Nissim Remix,Shoshana Damari,Adaa'in Kan,Offer Nissim Remix,,SONG_0255,HIGH,,WhatsApp Image 2026-09-04 at 20.41.01.jpeg
TRK_00704,EVT_14,42,Offer Nissim & Firqat Alnoor X Benaia Barabi - Adon Haselichot - Live Performance,Offer Nissim & Firqat Alnoor X Benaia Barabi,Adon Haselichot,Live Performance,,SONG_0256,HIGH,,WhatsApp Image 2026-09-04 at 20.41.01.jpeg
TRK_00705,EVT_14,43,Offer Nissim & Firqat Alnoor X Eden Ben Zaken - Nisbata Aemonim - Live Performance,Offer Nissim & Firqat Alnoor X Eden Ben Zaken,Nisbata Aemonim,Live Performance,,SONG_0257,HIGH,,WhatsApp Image 2026-09-04 at 20.41.01.jpeg
TRK_00706,EVT_14,44,Offer Nissim Feat. Eyal Golan - Lo Mevina Ivrit,Offer Nissim Feat. Eyal Golan,Lo Mevina Ivrit,,,SONG_0027,HIGH,,WhatsApp Image 2026-09-04 at 20.41.01.jpeg
TRK_00707,EVT_14,45,Offer Nissim Feat. Maya Simantov - All The Love,Offer Nissim Feat. Maya Simantov,All The Love,,,SONG_0258,HIGH,,WhatsApp Image 2026-09-04 at 20.41.01.jpeg
TRK_00708,EVT_14,46,Offer Nissim Feat. Maya Simantov - I'm In Love,Offer Nissim Feat. Maya Simantov,I'm In Love,,,SONG_0033,HIGH,,WhatsApp Image 2026-09-04 at 20.41.01.jpeg
TRK_00709,EVT_14,47,Offer Nissim Feat. Maya Simantov - Alone,Offer Nissim Feat. Maya Simantov,Alone,,,SONG_0172,HIGH,,WhatsApp Image 2026-09-04 at 20.41.01.jpeg
TRK_00710,EVT_14,48,The KLF - What Time Is Love - Offer Nissim Remix,The KLF,What Time Is Love,Offer Nissim Remix,,SONG_0199,HIGH,,WhatsApp Image 2026-09-04 at 20.41.01.jpeg
TRK_00711,EVT_14,49,Eliran Halevy - Open The Door,Eliran Halevy,Open The Door,,,SONG_0259,HIGH,,WhatsApp Image 2026-09-04 at 20.41.01.jpeg
TRK_00712,EVT_14,50,Offer Nissim Feat. Maya Simantov - Heart Attack - Live Performance,Offer Nissim Feat. Maya Simantov,Heart Attack,Live Performance,,SONG_0260,HIGH,,WhatsApp Image 2026-09-04 at 20.41.01.jpeg
TRK_00713,EVT_14,51,Offer Nissim - Completely Yourself,Offer Nissim,Completely Yourself,,,SONG_0045,HIGH,,WhatsApp Image 2026-09-04 at 20.41.01.jpeg
TRK_00714,EVT_15,1,Offer Nissim X Ofra Haza - Adagio,Offer Nissim X Ofra Haza,Adagio,,,SONG_0261,HIGH,,WhatsApp Image 2026-09-04 at 20.41.01 (1).jpeg
TRK_00715,EVT_15,2,Offer Nissim - Toro,Offer Nissim,Toro,,,SONG_0262,HIGH,,WhatsApp Image 2026-09-04 at 20.41.01 (1).jpeg
TRK_00716,EVT_15,3,Offer Nissim - How Deep Is Your Love,Offer Nissim,How Deep Is Your Love,,,SONG_0263,HIGH,,WhatsApp Image 2026-09-04 at 20.41.01 (1).jpeg
TRK_00717,EVT_15,4,Offer Nissim - When I Come Alive,Offer Nissim,When I Come Alive,,,SONG_0264,HIGH,,WhatsApp Image 2026-09-04 at 20.41.01 (1).jpeg
TRK_00718,EVT_15,5,Offer Nissim - Can You Feel It,Offer Nissim,Can You Feel It,,,SONG_0265,HIGH,,WhatsApp Image 2026-09-04 at 20.41.01 (1).jpeg
TRK_00719,EVT_15,6,Offer Nissim Feat. Meital De Razon - My Pride,Offer Nissim Feat. Meital De Razon,My Pride,,,SONG_0063,HIGH,,WhatsApp Image 2026-09-04 at 20.41.01 (1).jpeg
TRK_00720,EVT_15,7,Offer Nissim Feat. Meital De Razon - Like This Like That,Offer Nissim Feat. Meital De Razon,Like This Like That,,,SONG_0160,HIGH,,WhatsApp Image 2026-09-04 at 20.41.01 (1).jpeg
TRK_00721,EVT_15,8,Offer Nissim - I Want Muscles,Offer Nissim,I Want Muscles,,,SONG_0190,HIGH,,WhatsApp Image 2026-09-04 at 20.41.01 (1).jpeg
TRK_00722,EVT_15,9,Offer Nissim Present: The Bitches - Ain't No Mountain,Offer Nissim Presents The Bitches,Ain't No Mountain,,,SONG_0064,HIGH,Artist normalized: 'Offer Nissim Present: The Bitches' -> 'Offer Nissim Presents The Bitches',WhatsApp Image 2026-09-04 at 20.41.01 (1).jpeg
TRK_00723,EVT_15,10,Offer Nissim Feat. Maya Simantov - Come Back Home - Live Performance,Offer Nissim Feat. Maya Simantov,Come Back Home,Live Performance,,SONG_0266,HIGH,,WhatsApp Image 2026-09-04 at 20.41.01 (1).jpeg
TRK_00724,EVT_15,11,Offer Nissim Feat. Maya Simantov - Goddess - Live Performance,Offer Nissim Feat. Maya Simantov,Goddess,Live Performance,,SONG_0267,HIGH,,WhatsApp Image 2026-09-04 at 20.41.01 (1).jpeg
TRK_00725,EVT_15,12,Offer Nissim Feat. Deborah Cox - Summer Of Love,Offer Nissim Feat. Deborah Cox,Summer Of Love,,,SONG_0144,HIGH,,WhatsApp Image 2026-09-04 at 20.41.01 (1).jpeg
TRK_00726,EVT_15,13,Madonna - Living For Love - Offer Nissim Remix,Madonna,Living For Love,Offer Nissim Remix,,SONG_0152,HIGH,,WhatsApp Image 2026-09-04 at 20.41.01 (1).jpeg
TRK_00727,EVT_15,14,Offer Nissim X Netta - Turn Up The Heat,Offer Nissim X Netta,Turn Up The Heat,,,SONG_0254,HIGH,,WhatsApp Image 2026-09-04 at 20.41.01 (1).jpeg
TRK_00728,EVT_15,15,Offer Nissim - Umpatampa,Offer Nissim,Umpatampa,,,SONG_0004,HIGH,,WhatsApp Image 2026-09-04 at 20.41.01 (1).jpeg
TRK_00729,EVT_15,16,Offer Nissim Feat. Eyal Golan - ESHAL - Show Mix,Offer Nissim Feat. Eyal Golan,Eshal,Show Mix,,SONG_0167,HIGH,,WhatsApp Image 2026-09-04 at 20.41.01 (1).jpeg
TRK_00730,EVT_15,17,Offer Nissim - Shalom Aleychem,Offer Nissim,Shalom Aleychem,,,SONG_0044,HIGH,,WhatsApp Image 2026-09-04 at 20.41.01 (1).jpeg
TRK_00731,EVT_15,18,Jessica Sanchez - Stronger Together - Offer Nissim Remix,Jessica Sanchez,Stronger Together,Offer Nissim Remix,,SONG_0268,HIGH,,WhatsApp Image 2026-09-04 at 20.41.01 (1).jpeg
TRK_00732,EVT_15,19,Offer Nissim Feat. Cim W - I Want To Be With You,Offer Nissim Feat. Cim W,I Want To Be With You,,,SONG_0269,HIGH,,WhatsApp Image 2026-09-04 at 20.41.01 (1).jpeg
TRK_00733,EVT_15,20,Offer Nissim  X Ania Bukstein - Nesika - Live Performance,Offer Nissim X Ania Bukstein,Nesika,Live Performance,,SONG_0270,HIGH,Artist normalized: 'Offer Nissim  X Ania Bukstein' -> 'Offer Nissim X Ania Bukstein',WhatsApp Image 2026-09-04 at 20.41.01 (1).jpeg
TRK_00734,EVT_15,21,Offer Nissim Feat. Ania Bukstein - ROKEDET 2024 - Live Performance,Offer Nissim Feat. Ania Bukstein,Rokedet,2024 - Live Performance,,SONG_0034,HIGH,'2024' treated as version label of Rokedet.,WhatsApp Image 2026-09-04 at 20.41.01 (1).jpeg
TRK_00735,EVT_15,22,Offer Nissim Feat. Riki Ben-Ari - Dance The Night,Offer Nissim Feat. Riki Ben-Ari,Dance The Night,,,SONG_0006,HIGH,,WhatsApp Image 2026-09-04 at 20.41.01 (1).jpeg
TRK_00736,EVT_15,23,Amelia Lily - You Bring Me Joy - We Will Dance Again - Offer Nissim Remix,Amelia Lily,You Bring Me Joy,We Will Dance Again - Offer Nissim Remix,,SONG_0020,HIGH,,WhatsApp Image 2026-09-04 at 20.41.01 (1).jpeg
TRK_00737,EVT_15,24,Katy B - Crying For No Reason - Offer Nissim Remix,Katy B,Crying For No Reason,Offer Nissim Remix,,SONG_0128,HIGH,,WhatsApp Image 2026-09-04 at 20.41.01 (1).jpeg
TRK_00738,EVT_15,25,Offer Nissim Feat. Maya Simantov - Like There Is No Tomorrow,Offer Nissim Feat. Maya Simantov,Like There Is No Tomorrow,,,SONG_0142,HIGH,,WhatsApp Image 2026-09-04 at 20.41.01 (1).jpeg
TRK_00739,EVT_15,26,Amanda Lear - Follow Me - Offer Nissim Remix,Amanda Lear,Follow Me,Offer Nissim Remix,,SONG_0235,HIGH,,WhatsApp Image 2026-09-04 at 20.41.01 (1).jpeg
TRK_00740,EVT_15,27,Frank Sinatra - The World We Knew - Offer Nissim Remix,Frank Sinatra,The World We Knew,Offer Nissim Remix,,SONG_0271,HIGH,,WhatsApp Image 2026-09-04 at 20.41.01 (1).jpeg
TRK_00741,EVT_15,28,Nina Hagen - New York New York - Offer Nissim Remix,Nina Hagen,New York New York,Offer Nissim Remix,,SONG_0236,HIGH,,WhatsApp Image 2026-09-04 at 20.41.01 (1).jpeg
TRK_00742,EVT_15,29,Britney Spears - Till The World Ends - Offer Nissim & Itay Kalderon Remix,Britney Spears,Till The World Ends,Offer Nissim & Itay Kalderon Remix,,SONG_0101,HIGH,,WhatsApp Image 2026-09-04 at 20.41.01 (1).jpeg
TRK_00743,EVT_15,30,Offer Nissim Feat. Maya Simantov - Everybody Needs A Man,Offer Nissim Feat. Maya Simantov,Everybody Needs A Man,,,SONG_0032,HIGH,,WhatsApp Image 2026-09-04 at 20.41.01 (1).jpeg
TRK_00744,EVT_15,31,Offer Nissim Feat. Dana International - We Can Make It,Offer Nissim Feat. Dana International,We Can Make It,,,SONG_0048,HIGH,,WhatsApp Image 2026-09-04 at 20.41.01 (1).jpeg
TRK_00745,EVT_15,32,Offer Nissim Feat. Boruch Sholom & Ilan Peled - SHUVA - Live Performance,Offer Nissim Feat. Boruch Sholom & Ilan Peled,Shuva,Live Performance,,SONG_0272,HIGH,,WhatsApp Image 2026-09-04 at 20.41.01 (1).jpeg
TRK_00746,EVT_15,33,Madonna - Girls Gone Wild - Offer Nissim Remix,Madonna,Girls Gone Wild,Offer Nissim Remix,,SONG_0046,HIGH,,WhatsApp Image 2026-09-04 at 20.41.01 (1).jpeg
TRK_00747,EVT_15,34,Deborah Cox - Easy As Life - Offer Nissim Show Mix,Deborah Cox,Easy As Life,Offer Nissim Show Mix,,SONG_0083,HIGH,,WhatsApp Image 2026-09-04 at 20.41.01 (1).jpeg
TRK_00748,EVT_15,35,Angie Stone - Wish I Didn't Miss You - Offer Nissim Remix,Angie Stone,Wish I Didn't Miss You,Offer Nissim Remix,,SONG_0106,HIGH,,WhatsApp Image 2026-09-04 at 20.41.01 (1).jpeg
TRK_00749,EVT_15,36,Offer Nissim Feat. Maya Simantov - First Time,Offer Nissim Feat. Maya Simantov,First Time,,,SONG_0153,HIGH,,WhatsApp Image 2026-09-04 at 20.41.01 (1).jpeg
TRK_00750,EVT_15,37,Offer Nissim - Underground,Offer Nissim,Underground,,,SONG_0209,HIGH,,WhatsApp Image 2026-09-04 at 20.41.01 (1).jpeg
TRK_00751,EVT_15,38,Eliran Halevy Feat. Ivana Lola - Egoeista - Live Performance,Eliran Halevy Feat. Ivana Lola,Egoeista,Live Performance,,SONG_0273,HIGH,,WhatsApp Image 2026-09-04 at 20.41.01 (1).jpeg
TRK_00752,EVT_15,39,Eliran Halevy - Romeo And Juliet,Eliran Halevy,Romeo And Juliet,,,SONG_0274,HIGH,,WhatsApp Image 2026-09-04 at 20.41.01 (1).jpeg
TRK_00753,EVT_15,40,Offer Nissim - Saturday Night,Offer Nissim,Saturday Night,,,SONG_0275,HIGH,,WhatsApp Image 2026-09-04 at 20.41.01 (1).jpeg
TRK_00754,EVT_15,41,Offer Nissim - Infected Love,Offer Nissim,Infected Love,,,SONG_0173,HIGH,,WhatsApp Image 2026-09-04 at 20.41.01 (1).jpeg
TRK_00755,EVT_15,42,Offer Nissim & 2050 - Reach Out,Offer Nissim & 2050,Reach Out,,,SONG_0276,HIGH,,WhatsApp Image 2026-09-04 at 20.41.01 (1).jpeg
TRK_00756,EVT_15,43,Offer Nissim x Noa Kirel - Doctor - Live Performance,Offer Nissim X Noa Kirel,Doctor,Live Performance,,SONG_0277,HIGH,Artist normalized: 'Offer Nissim x Noa Kirel' -> 'Offer Nissim X Noa Kirel',WhatsApp Image 2026-09-04 at 20.41.01 (1).jpeg
TRK_00757,EVT_15,44,Offer Nissim Feat. Omri Mizrahi - Don't Stop The Dance,Offer Nissim Feat. Omri Mizrahi,Don't Stop The Dance,,,SONG_0110,HIGH,,WhatsApp Image 2026-09-04 at 20.41.01 (1).jpeg
TRK_00758,EVT_15,45,Rockers Revenge - Walking On Sunshine - Offer Nissim Remix,Rockers Revenge,Walking On Sunshine,Offer Nissim Remix,,SONG_0278,HIGH,,WhatsApp Image 2026-09-04 at 20.41.01 (1).jpeg
TRK_00759,EVT_15,46,Offer Nissim Feat. Maya Simantov - Let Me Live,Offer Nissim Feat. Maya Simantov,Let Me Live,,,SONG_0040,HIGH,,WhatsApp Image 2026-09-04 at 20.41.01 (1).jpeg
TRK_00760,EVT_15,47,Offer Nissim x Sasson Shaulov - Sipur Acher - Live Performance,Offer Nissim X Sasson Shaulov,Sipur Acher,Live Performance,,SONG_0279,HIGH,Artist normalized: 'Offer Nissim x Sasson Shaulov' -> 'Offer Nissim X Sasson Shaulov',WhatsApp Image 2026-09-04 at 20.41.01 (1).jpeg
TRK_00761,EVT_15,48,Suzanne Palmer - Eye Can See You - Offer Nissim Remix,Suzanne Palmer,Eye Can See U,Offer Nissim Remix,,SONG_0280,HIGH,Corrected 26.09.2026: Official title is 'Eye Can See U' (Discogs); earlier normalization to 'Eye Can See You' reversed,WhatsApp Image 2026-09-04 at 20.41.01 (1).jpeg
TRK_00762,EVT_15,49,Offer Nissim Feat. Maya Simantov - Wish You Were Here,Offer Nissim Feat. Maya Simantov,Wish You Were Here,,,SONG_0072,HIGH,,WhatsApp Image 2026-09-04 at 20.41.01 (1).jpeg
TRK_00763,EVT_15,50,Offer Nissim Feat. Ivana Lola - Kissed By You - Show Mix - Live Performance,Offer Nissim Feat. Ivana Lola,Kissed By You,Show Mix - Live Performance,,SONG_0281,HIGH,,WhatsApp Image 2026-09-04 at 20.41.01 (1).jpeg
TRK_00764,EVT_15,51,Offer Nissim - Completely Yourself,Offer Nissim,Completely Yourself,,,SONG_0045,HIGH,,WhatsApp Image 2026-09-04 at 20.41.01 (1).jpeg
TRK_00765,EVT_16,1,Offer Nissim - Everything Is Meaningless,Offer Nissim,Everything Is Meaningless,,,SONG_0282,HIGH,,WhatsApp Image 2026-09-04 at 20.41.01 (2).jpeg
TRK_00766,EVT_16,2,Offer Nissim Feat. Maya Simantov - Hysterical (Live Performance),Offer Nissim Feat. Maya Simantov,Hysterical,Live Performance,,SONG_0283,HIGH,,WhatsApp Image 2026-09-04 at 20.41.01 (2).jpeg
TRK_00767,EVT_16,3,Offer Nissim - Rose,Offer Nissim,Rose,,,SONG_0284,HIGH,,WhatsApp Image 2026-09-04 at 20.41.01 (2).jpeg
TRK_00768,EVT_16,4,Offer Nissim - How Deep Is Your Love,Offer Nissim,How Deep Is Your Love,,,SONG_0263,HIGH,,WhatsApp Image 2026-09-04 at 20.41.01 (2).jpeg
TRK_00769,EVT_16,5,Offer Nissim & 2050 - Reach Out,Offer Nissim & 2050,Reach Out,,,SONG_0276,HIGH,,WhatsApp Image 2026-09-04 at 20.41.01 (2).jpeg
TRK_00770,EVT_16,6,Offer Nissim - Rainbow,Offer Nissim,Rainbow,,,SONG_0070,HIGH,,WhatsApp Image 2026-09-04 at 20.41.01 (2).jpeg
TRK_00771,EVT_16,7,Offer Nissim Feat. Ivana Lola - Kriminal Eye,Offer Nissim Feat. Ivana Lola,Kriminal Eye,,,SONG_0019,HIGH,,WhatsApp Image 2026-09-04 at 20.41.01 (2).jpeg
TRK_00772,EVT_16,8,Offer Nissim - Celebration,Offer Nissim,Celebration,,,SONG_0222,HIGH,,WhatsApp Image 2026-09-04 at 20.41.01 (2).jpeg
TRK_00773,EVT_16,9,The Trash Mermaids - Cryptic Love - Offer Nissim Remix,The Trash Mermaids,Cryptic Love,Offer Nissim Remix,,SONG_0210,HIGH,,WhatsApp Image 2026-09-04 at 20.41.01 (2).jpeg
TRK_00774,EVT_16,10,Offer Nissim Feat. Riki Ben-Ari - Light My Fire,Offer Nissim Feat. Riki Ben-Ari,Light My Fire,,,SONG_0119,HIGH,,WhatsApp Image 2026-09-04 at 20.41.01 (2).jpeg
TRK_00775,EVT_16,11,Cher - Gimme! Gimme! Gimme! - Offer Nissim Remix,Cher,Gimme! Gimme! Gimme! (A Man After Midnight),Offer Nissim Remix,,SONG_0031,HIGH,Title spelling normalized: 'Gimme! Gimme! Gimme!' -> 'Gimme! Gimme! Gimme! (A Man After Midnight)',WhatsApp Image 2026-09-04 at 20.41.01 (2).jpeg
TRK_00776,EVT_16,12,Offer Nissim - Can You Feel It,Offer Nissim,Can You Feel It,,,SONG_0265,HIGH,,WhatsApp Image 2026-09-04 at 20.41.01 (2).jpeg
TRK_00777,EVT_16,13,"Offer Nissim Feat. Meital De Razon - Like This, Like That",Offer Nissim Feat. Meital De Razon,Like This Like That,,,SONG_0160,HIGH,,WhatsApp Image 2026-09-04 at 20.41.01 (2).jpeg
TRK_00778,EVT_16,14,Offer Nissim x Margol & Or Ben David - Pgisha (Live Performance),Offer Nissim X Margol & Or Ben David,Pgisha,Live Performance,,SONG_0285,HIGH,Artist normalized: 'Offer Nissim x Margol & Or Ben David' -> 'Offer Nissim X Margol & Or Ben David',WhatsApp Image 2026-09-04 at 20.41.01 (2).jpeg
TRK_00779,EVT_16,15,Offer Nissim Feat. Eyal Golan - Lo Mevina Ivrit,Offer Nissim Feat. Eyal Golan,Lo Mevina Ivrit,,,SONG_0027,HIGH,,WhatsApp Image 2026-09-04 at 20.41.01 (2).jpeg
TRK_00780,EVT_16,16,Offer Nissim - Movement - Let The Music Play | Shannon,Offer Nissim,Movement - Let The Music Play | Shannon,,,SONG_0115,HIGH,"Track name kept whole ('Movement', built on Shannon's 'Let The Music Play'); no version stated.",WhatsApp Image 2026-09-04 at 20.41.01 (2).jpeg
TRK_00781,EVT_16,17,Offer Nissim - Crazy Things At Night,Offer Nissim,Crazy Things At Night,,,SONG_0001,HIGH,,WhatsApp Image 2026-09-04 at 20.41.01 (2).jpeg
TRK_00782,EVT_16,18,Amanda Lear - Follow Me - Offer Nissim Remix,Amanda Lear,Follow Me,Offer Nissim Remix,,SONG_0235,HIGH,,WhatsApp Image 2026-09-04 at 20.41.01 (2).jpeg
TRK_00783,EVT_16,19,Offer Nissim Feat. Maya Simantov - I'm In Love,Offer Nissim Feat. Maya Simantov,I'm In Love,,,SONG_0033,HIGH,,WhatsApp Image 2026-09-04 at 20.41.01 (2).jpeg
TRK_00784,EVT_16,20,Offer Nissim Feat. Maya Simantov - Hook Up,Offer Nissim Feat. Maya Simantov,Hook Up,,,SONG_0139,HIGH,,WhatsApp Image 2026-09-04 at 20.41.01 (2).jpeg
TRK_00785,EVT_16,21,Offer Nissim - Studio 54,Offer Nissim,Studio 54,,,SONG_0143,HIGH,,WhatsApp Image 2026-09-04 at 20.41.01 (2).jpeg
TRK_00786,EVT_16,22,Offer Nissim - Listen To My Heart,Offer Nissim,Listen To My Heart,,,SONG_0286,HIGH,,WhatsApp Image 2026-09-04 at 20.41.01 (2).jpeg
TRK_00787,EVT_16,23,Elad Navon - HONEY,Elad Navon,Honey,,,SONG_0287,HIGH,,WhatsApp Image 2026-09-04 at 20.41.01 (2).jpeg
TRK_00788,EVT_16,24,Offer Nissim Feat. Maya Simantov - For Your Love,Offer Nissim Feat. Maya Simantov,For Your Love,,,SONG_0194,HIGH,,WhatsApp Image 2026-09-04 at 20.41.01 (2).jpeg
TRK_00789,EVT_16,25,Alain Chamfort - Manureva 07' - Offer Nissim Remix,Alain Chamfort,Manureva 07,Offer Nissim Remix,,SONG_0253,HIGH,Source writes 07' with an apostrophe.,WhatsApp Image 2026-09-04 at 20.41.01 (2).jpeg
TRK_00790,EVT_16,26,SASH! - Encore Une Fois - Offer Nissim Remix,SASH!,Encore Une Fois,Offer Nissim Remix,,SONG_0288,HIGH,,WhatsApp Image 2026-09-04 at 20.41.01 (2).jpeg
TRK_00791,EVT_16,27,Offer Nissim Feat. Maya Simantov - Let Me Live,Offer Nissim Feat. Maya Simantov,Let Me Live,,,SONG_0040,HIGH,,WhatsApp Image 2026-09-04 at 20.41.01 (2).jpeg
TRK_00792,EVT_16,28,Offer Nissim Feat. Maya Simantov - Miracle PART B,Offer Nissim Feat. Maya Simantov,Miracle,Part B,,SONG_0130,HIGH,'PART B' appended to title.,WhatsApp Image 2026-09-04 at 20.41.01 (2).jpeg
TRK_00793,EVT_16,29,Ilan Peled - Lets Fly - Offer Nisim Show Mix,Ilan Peled,Let's Fly,Offer Nisim Show Mix,,SONG_0289,HIGH,,WhatsApp Image 2026-09-04 at 20.41.01 (2).jpeg
TRK_00794,EVT_16,30,Offer Nissim Feat. Maya Simantov - Zero Fucks,Offer Nissim Feat. Maya Simantov,Zero Fucks,,,SONG_0161,HIGH,,WhatsApp Image 2026-09-04 at 20.41.01 (2).jpeg
TRK_00795,EVT_16,31,Billie Ray Martin - The Glittering Gutter (Offer Nissim Remix),Billie Ray Martin,The Glittering Gutter,Offer Nissim Remix,,SONG_0051,HIGH,,WhatsApp Image 2026-09-04 at 20.41.01 (2).jpeg
TRK_00796,EVT_16,32,Offer Nissim - When I Come Alive,Offer Nissim,When I Come Alive,,,SONG_0264,HIGH,,WhatsApp Image 2026-09-04 at 20.41.01 (2).jpeg
TRK_00797,EVT_16,33,Offer Nissim  X Ania Bukstein - Nesika,Offer Nissim X Ania Bukstein,Nesika,,,SONG_0270,HIGH,Artist normalized: 'Offer Nissim  X Ania Bukstein' -> 'Offer Nissim X Ania Bukstein',WhatsApp Image 2026-09-04 at 20.41.01 (2).jpeg
TRK_00798,EVT_16,34,Aviv Geffen & Ella-Lee - Varod Mavrik - Offer Nissim Remix,Aviv Geffen & Ella-Lee,Varod Mavrik,Offer Nissim Remix,,SONG_0170,HIGH,,WhatsApp Image 2026-09-04 at 20.41.01 (2).jpeg
TRK_00799,EVT_16,35,Scissor Sisters - Fire With Fire - Peter Rauhofer Mix,Scissor Sisters,Fire With Fire,Peter Rauhofer Mix,,SONG_0248,HIGH,,WhatsApp Image 2026-09-04 at 20.41.01 (2).jpeg
TRK_00800,EVT_16,36,Eliran Halevy - So Good,Eliran Halevy,So Good,,,SONG_0290,HIGH,,WhatsApp Image 2026-09-04 at 20.41.01 (2).jpeg
TRK_00801,EVT_16,37,Eliran Halevy - Just Can't Stop,Eliran Halevy,Just Can't Stop,,,SONG_0291,HIGH,,WhatsApp Image 2026-09-04 at 20.41.01 (2).jpeg
TRK_00802,EVT_16,38,Eliran Halevy - In My Heart,Eliran Halevy,In My Heart,,,SONG_0176,HIGH,,WhatsApp Image 2026-09-04 at 20.41.01 (2).jpeg
TRK_00803,EVT_16,39,Frank Sinatra - The World We Knew - Offer Nissim Remix,Frank Sinatra,The World We Knew,Offer Nissim Remix,,SONG_0271,HIGH,,WhatsApp Image 2026-09-04 at 20.41.01 (2).jpeg
TRK_00804,EVT_16,40,Offer Nissim Presents: Jimmy Fontana - El Mundo,Offer Nissim Presents Jimmy Fontana,El Mundo,,,SONG_0052,HIGH,Artist normalized: 'Offer Nissim Presents: Jimmy Fontana' -> 'Offer Nissim Presents Jimmy Fontana',WhatsApp Image 2026-09-04 at 20.41.01 (2).jpeg
TRK_00805,EVT_16,41,Offer Nissim X Ofra Haza - Adagio,Offer Nissim X Ofra Haza,Adagio,,,SONG_0261,HIGH,,WhatsApp Image 2026-09-04 at 20.41.01 (2).jpeg
TRK_00806,EVT_16,42,Offer Nissim Feat. Dana International - Power,Offer Nissim Feat. Dana International,Power,,,SONG_0239,HIGH,,WhatsApp Image 2026-09-04 at 20.41.01 (2).jpeg
TRK_00807,EVT_16,43,Offer Nissim - Don't Know What To Do,Offer Nissim,Don't Know What To Do,,,SONG_0234,HIGH,,WhatsApp Image 2026-09-04 at 20.41.01 (2).jpeg
TRK_00808,EVT_16,44,Offer Nissim - Saturday Night,Offer Nissim,Saturday Night,,,SONG_0275,HIGH,,WhatsApp Image 2026-09-04 at 20.41.01 (2).jpeg
TRK_00809,EVT_16,45,Madonna - I Don't Search I Find It - Offer Nissim Remix,Madonna,I Don't Search I Find,Offer Nissim Remix,,SONG_0122,HIGH,Title spelling normalized: 'I Don't Search I Find It' -> 'I Don't Search I Find',WhatsApp Image 2026-09-04 at 20.41.01 (2).jpeg
TRK_00810,EVT_16,46,Offer Nissim Feat. The Israeli Opera - Hymns To God,Offer Nissim Feat. The Israeli Opera,Hymns To God,,,SONG_0060,HIGH,,WhatsApp Image 2026-09-04 at 20.41.01 (2).jpeg
TRK_00811,EVT_16,47,Offer Nissim Feat. Nikka - Never See Me Again (Live Performance),Offer Nissim Feat. Nikka,Never See Me Again,Live Performance,,SONG_0292,HIGH,,WhatsApp Image 2026-09-04 at 20.41.01 (2).jpeg
TRK_00812,EVT_16,48,Offer Nissim Feat. Betty Pablo - Poison (Ra'al),Offer Nissim Feat. Betty Pablo,Poison (Ra'al),,,SONG_0081,HIGH,Same song as 'Offer Nisim ft. Betty - Poison' (2019 spelling).,WhatsApp Image 2026-09-04 at 20.41.01 (2).jpeg
TRK_00813,EVT_16,49,Offer Nissim Feat. Maya Simantov - Everybody Needs A Man,Offer Nissim Feat. Maya Simantov,Everybody Needs A Man,,,SONG_0032,HIGH,,WhatsApp Image 2026-09-04 at 20.41.01 (2).jpeg
TRK_00814,EVT_16,50,Offer Nissim x Noa Kirel - Doctor,Offer Nissim X Noa Kirel,Doctor,,,SONG_0277,HIGH,Artist normalized: 'Offer Nissim x Noa Kirel' -> 'Offer Nissim X Noa Kirel',WhatsApp Image 2026-09-04 at 20.41.01 (2).jpeg
TRK_00815,EVT_16,51,Offer Nissim - Bombay,Offer Nissim,Bombay,,,SONG_0146,HIGH,,WhatsApp Image 2026-09-04 at 20.41.01 (2).jpeg
TRK_00816,EVT_16,52,Suzanne Palmer - Fascinated - Offer Nissim Remix,Suzanne Palmer,Fascinated,Offer Nissim Remix,,SONG_0047,HIGH,,WhatsApp Image 2026-09-04 at 20.41.01 (2).jpeg
TRK_00817,EVT_16,53,Offer Nissim - Lost In Music,Offer Nissim,Lost In Music,,,SONG_0120,HIGH,,WhatsApp Image 2026-09-04 at 20.41.01 (2).jpeg
TRK_00818,EVT_16,54,The KLF - What Time Is Love - Offer Nissim Remix,The KLF,What Time Is Love,Offer Nissim Remix,,SONG_0199,HIGH,,WhatsApp Image 2026-09-04 at 20.41.01 (2).jpeg
TRK_00819,EVT_16,55,Nadia Ali - Rapture - VA MO LA Remix,Nadia Ali,Rapture,VA MO LA Remix,,SONG_0293,HIGH,,WhatsApp Image 2026-09-04 at 20.41.01 (2).jpeg
TRK_00820,EVT_16,56,Offer Nissim - Toro,Offer Nissim,Toro,,,SONG_0262,HIGH,,WhatsApp Image 2026-09-04 at 20.41.01 (2).jpeg
TRK_00821,EVT_16,57,Offer Nissim Feat. Maya Simantov - Alone,Offer Nissim Feat. Maya Simantov,Alone,,,SONG_0172,HIGH,,WhatsApp Image 2026-09-04 at 20.41.01 (2).jpeg
TRK_00822,EVT_16,58,Offer Nissim Feat. Epiphony - Out Of My Skin,Offer Nissim Feat. Epiphony,Out Of My Skin,,,SONG_0140,HIGH,,WhatsApp Image 2026-09-04 at 20.41.01 (2).jpeg
TRK_00823,EVT_16,59,Offer Nissim - Completely Yourself,Offer Nissim,Completely Yourself,,,SONG_0045,HIGH,,WhatsApp Image 2026-09-04 at 20.41.01 (2).jpeg
TRK_00824,EVT_17,1,Offer Nissim - The SPHINX,Offer Nissim,The Sphinx,,,SONG_0294,HIGH,,WhatsApp Image 2026-09-04 at 20.41.01 (3).jpeg
TRK_00825,EVT_17,2,Offer Nissim - Toro,Offer Nissim,Toro,,,SONG_0262,HIGH,,WhatsApp Image 2026-09-04 at 20.41.01 (3).jpeg
TRK_00826,EVT_17,3,Offer Nissim - Esther,Offer Nissim,Esther,,,SONG_0002,HIGH,,WhatsApp Image 2026-09-04 at 20.41.01 (3).jpeg
TRK_00827,EVT_17,4,Offer Nissim - Raise Me Up,Offer Nissim,Raise Me Up,,,SONG_0295,HIGH,,WhatsApp Image 2026-09-04 at 20.41.01 (3).jpeg
TRK_00828,EVT_17,5,Suzanne Palmer - Free My Love - Offer Nissim Remix,Suzanne Palmer,Free My Love,Offer Nissim Remix,,SONG_0123,HIGH,,WhatsApp Image 2026-09-04 at 20.41.01 (3).jpeg
TRK_00829,EVT_17,6,Brothers In Rhythm - Such a Good Feeling -  Offer Nissim Remix,Brothers In Rhythm,Such A Good Feeling,Offer Nissim Remix,,SONG_0050,HIGH,,WhatsApp Image 2026-09-04 at 20.41.01 (3).jpeg
TRK_00830,EVT_17,7,Offer Nissim - How Deep Is Your Love,Offer Nissim,How Deep Is Your Love,,,SONG_0263,HIGH,,WhatsApp Image 2026-09-04 at 20.41.01 (3).jpeg
TRK_00831,EVT_17,8,Offer Nissim Feat. Maya Simantov - Open Up,Offer Nissim Feat. Maya Simantov,Open Up,,,SONG_0061,HIGH,,WhatsApp Image 2026-09-04 at 20.41.01 (3).jpeg
TRK_00832,EVT_17,9,Offer Nissim Feat. Maya Simantov - Wake Up,Offer Nissim Feat. Maya Simantov,Wake Up,,,SONG_0022,HIGH,,WhatsApp Image 2026-09-04 at 20.41.01 (3).jpeg
TRK_00833,EVT_17,10,Eartha Kitt - Where Is My Man - Offer Nissim Remix,Eartha Kitt,Where Is My Man,Offer Nissim Remix,,SONG_0079,HIGH,,WhatsApp Image 2026-09-04 at 20.41.01 (3).jpeg
TRK_00834,EVT_17,11,Offer Nissim - ROSE,Offer Nissim,Rose,,,SONG_0284,HIGH,,WhatsApp Image 2026-09-04 at 20.41.01 (3).jpeg
TRK_00835,EVT_17,12,Offer Nissim X Eden Golan -  PIECES - Live Performance,Offer Nissim X Eden Golan,Pieces,Live Performance,,SONG_0296,HIGH,,WhatsApp Image 2026-09-04 at 20.41.01 (3).jpeg
TRK_00836,EVT_17,13,Robin S. - Show Me Love - Offer Nissim Remix,Robin S.,Show Me Love,Offer Nissim Remix,,SONG_0149,HIGH,,WhatsApp Image 2026-09-04 at 20.41.01 (3).jpeg
TRK_00837,EVT_17,14,Offer Nissim Feat. Maya Simantov - Hysterical,Offer Nissim Feat. Maya Simantov,Hysterical,,,SONG_0283,HIGH,,WhatsApp Image 2026-09-04 at 20.41.01 (3).jpeg
TRK_00838,EVT_17,15,Offer Nissim Feat. Maya Simantov - Like There Is No Tomorrow,Offer Nissim Feat. Maya Simantov,Like There Is No Tomorrow,,,SONG_0142,HIGH,,WhatsApp Image 2026-09-04 at 20.41.01 (3).jpeg
TRK_00839,EVT_17,16,Offer Nissim - Up To the Top,Offer Nissim,Up To The Top,,,SONG_0113,HIGH,,WhatsApp Image 2026-09-04 at 20.41.01 (3).jpeg
TRK_00840,EVT_17,17,Amelia Lily - You Bring Me Joy - Offer Nissim Remix,Amelia Lily,You Bring Me Joy,Offer Nissim Remix,,SONG_0020,HIGH,,WhatsApp Image 2026-09-04 at 20.41.01 (3).jpeg
TRK_00841,EVT_17,18,Offer Nissim Feat. Gila Goldstein - Feel It,Offer Nissim Feat. Gila Goldstein,Feel It,,,SONG_0010,HIGH,,WhatsApp Image 2026-09-04 at 20.41.01 (3).jpeg
TRK_00842,EVT_17,19,Offer Nissim Feat. Ilan Peled & Static - Tutta La Vita - Live Performance,Offer Nissim Feat. Ilan Peled & Static,Tutta La Vita,Live Performance,,SONG_0297,HIGH,,WhatsApp Image 2026-09-04 at 20.41.01 (3).jpeg
TRK_00843,EVT_17,20,Offer Nissim Presents: Los Chunguitos - Te Estoy Amando Locamente,Offer Nissim Presents Los Chunguitos,Te Estoy Amando Locamente,,,SONG_0298,HIGH,Artist normalized: 'Offer Nissim Presents: Los Chunguitos' -> 'Offer Nissim Presents Los Chunguitos',WhatsApp Image 2026-09-04 at 20.41.01 (3).jpeg
TRK_00844,EVT_17,21,Offer Nissim - Atencion Alegria,Offer Nissim,Atencion Alegria,,,SONG_0182,HIGH,,WhatsApp Image 2026-09-04 at 20.41.01 (3).jpeg
TRK_00845,EVT_17,22,Santa Esmeralda - Anoter Cha Cha - Offer Nissim Remix - Peter Rauhofer NYC Edit,Offer Nissim,Cha Cha Cha,Peter Rauhofer NYC Edit,,SONG_0023,HIGH,"Typo 'Anoter'; original artist credited here, elsewhere credited to Offer Nissim. | Corrected 03.10.2026: official title per Offer Nissim's release (Spotify / Beatport / Star 69 Records: 'Cha Cha Cha (Peter Rauhofer NYC Edit)'); source image credits Santa Esmeralda with 'Offer Nissim Remix'",WhatsApp Image 2026-09-04 at 20.41.01 (3).jpeg
TRK_00846,EVT_17,23,Offer Nissim Feat. Maya Simantov - Superman,Offer Nissim Feat. Maya Simantov,Superman,,,SONG_0299,HIGH,,WhatsApp Image 2026-09-04 at 20.41.01 (3).jpeg
TRK_00847,EVT_17,24,Offer Nissim - I Want Muscles,Offer Nissim,I Want Muscles,,,SONG_0190,HIGH,,WhatsApp Image 2026-09-04 at 20.41.01 (3).jpeg
TRK_00848,EVT_17,25,Offer Nissim - Get What I Want,Offer Nissim,Get What I Want,,,SONG_0188,HIGH,,WhatsApp Image 2026-09-04 at 20.41.01 (3).jpeg
TRK_00849,EVT_17,26,Offer Nissim - Ahasuerus,Offer Nissim,Ahasuerus,,,SONG_0003,HIGH,,WhatsApp Image 2026-09-04 at 20.41.01 (3).jpeg
TRK_00850,EVT_17,27,Offer Nissim Feat. Yael Bar Zohar - Desert Star 2025 - Live Performance,Offer Nissim Feat. Yael Bar Zohar,Desert Star 2025,Live Performance,,SONG_0300,HIGH,,WhatsApp Image 2026-09-04 at 20.41.01 (3).jpeg
TRK_00851,EVT_17,28,Ran Danker - Malkat Harahava - Offer Nissim Remix,Ran Danker,Malkat Harahava,Offer Nissim Remix,,SONG_0201,HIGH,,WhatsApp Image 2026-09-04 at 20.41.01 (3).jpeg
TRK_00852,EVT_17,29,Offer Nissim - Saturday Night,Offer Nissim,Saturday Night,,,SONG_0275,HIGH,,WhatsApp Image 2026-09-04 at 20.41.01 (3).jpeg
TRK_00853,EVT_17,30,Offer Nissim Feat. Eyal Golan - ESHAL - Show Mix,Offer Nissim Feat. Eyal Golan,Eshal,Show Mix,,SONG_0167,HIGH,,WhatsApp Image 2026-09-04 at 20.41.01 (3).jpeg
TRK_00854,EVT_17,31,Offer Nissim X Ofra Haza - Adagio,Offer Nissim X Ofra Haza,Adagio,,,SONG_0261,HIGH,,WhatsApp Image 2026-09-04 at 20.41.01 (3).jpeg
TRK_00855,EVT_17,32,Offer Nissim Feat. Dana International - We Can Make It,Offer Nissim Feat. Dana International,We Can Make It,,,SONG_0048,HIGH,,WhatsApp Image 2026-09-04 at 20.41.01 (3).jpeg
TRK_00856,EVT_17,33,Offer Nissim - Little Space,Offer Nissim,Little Space,,,SONG_0301,HIGH,,WhatsApp Image 2026-09-04 at 20.41.01 (3).jpeg
TRK_00857,EVT_17,34,Eliran Halevy -  EXCITED,Eliran Halevy,Excited,,,SONG_0302,HIGH,,WhatsApp Image 2026-09-04 at 20.41.01 (3).jpeg
TRK_00858,EVT_17,35,Melodic - Badman,Melodic,Badman,,,SONG_0303,HIGH,,WhatsApp Image 2026-09-04 at 20.41.01 (3).jpeg
TRK_00859,EVT_17,36,Eliran Halevy - So Good,Eliran Halevy,So Good,,,SONG_0290,HIGH,,WhatsApp Image 2026-09-04 at 20.41.01 (3).jpeg
TRK_00860,EVT_17,37,Vali - Ain't No Friend Of Mine - Offer Nissim Remix,Vali,Ain't No Friend Of Mine,Offer Nissim Remix,,SONG_0029,HIGH,,WhatsApp Image 2026-09-04 at 20.41.01 (3).jpeg
TRK_00861,EVT_17,38,Deborah Cox - Everybody Dance - Show Mix,Deborah Cox,Everybody Dance,Show Mix,,SONG_0180,HIGH,,WhatsApp Image 2026-09-04 at 20.41.01 (3).jpeg
TRK_00862,EVT_17,39,Deborah Cox - Easy As Life - Show Mix,Deborah Cox,Easy As Life,Show Mix,,SONG_0083,HIGH,,WhatsApp Image 2026-09-04 at 20.41.01 (3).jpeg
TRK_00863,EVT_17,40,Angie Stone - Wish I Didn't Miss You - Offer Nissim Remix,Angie Stone,Wish I Didn't Miss You,Offer Nissim Remix,,SONG_0106,HIGH,,WhatsApp Image 2026-09-04 at 20.41.01 (3).jpeg
TRK_00864,EVT_17,41,Offer Nissim Presents: Ilan Peled - Whore Machine,Offer Nissim Presents Ilan Peled,Whore Machine,,,SONG_0304,HIGH,Artist normalized: 'Offer Nissim Presents: Ilan Peled' -> 'Offer Nissim Presents Ilan Peled',WhatsApp Image 2026-09-04 at 20.41.01 (3).jpeg
TRK_00865,EVT_17,42,Offer Nissim Feat. Magi Azarzar - TITRAGEL ITA - Live Performance,Offer Nissim Feat. Magi Azarzar,Titragel Ita,Live Performance,,SONG_0305,HIGH,,WhatsApp Image 2026-09-04 at 20.41.01 (3).jpeg
TRK_00866,EVT_17,43,Madonna - Living For Love - Offer Nissim Remix,Madonna,Living For Love,Offer Nissim Remix,,SONG_0152,HIGH,,WhatsApp Image 2026-09-04 at 20.41.01 (3).jpeg
TRK_00867,EVT_17,44,Ivana Lola Feat. AC & GetFar - Don't You Hide (L.I.B.) - Offer Nissim Remix,Ivana Lola Feat. AC & GetFar,Don't You Hide (L.I.B.),Offer Nissim Remix,,SONG_0121,HIGH,,WhatsApp Image 2026-09-04 at 20.41.01 (3).jpeg
TRK_00868,EVT_17,45,Lara Fabian - Growing Wings - Offer Nissim Remix,Lara Fabian,Growing Wings,Offer Nissim Remix,,SONG_0005,HIGH,,WhatsApp Image 2026-09-04 at 20.41.01 (3).jpeg
TRK_00869,EVT_17,46,Offer Nissim - Africa,Offer Nissim,Africa,,,SONG_0077,HIGH,,WhatsApp Image 2026-09-04 at 20.41.01 (3).jpeg
TRK_00870,EVT_17,47,Offer Nissim - Osa Osa,Offer Nissim,Osa Osa,,,SONG_0078,HIGH,,WhatsApp Image 2026-09-04 at 20.41.01 (3).jpeg
TRK_00871,EVT_17,48,Offer Nissim X Tair Haim - Laila,Offer Nissim X Tair Haim,Laila,,,SONG_0166,HIGH,,WhatsApp Image 2026-09-04 at 20.41.01 (3).jpeg
TRK_00872,EVT_17,49,Offer Nissim X Rinat Bar - Mushlemet Im Srita - Live Performance,Offer Nissim X Rinat Bar,Mushlemet Im Srita,Live Performance,,SONG_0306,HIGH,,WhatsApp Image 2026-09-04 at 20.41.01 (3).jpeg
TRK_00873,EVT_17,50,"Offer Nissim Feat. Meital De Razon - Like This, Like That",Offer Nissim Feat. Meital De Razon,Like This Like That,,,SONG_0160,HIGH,,WhatsApp Image 2026-09-04 at 20.41.01 (3).jpeg
TRK_00874,EVT_17,51,Offer Nissim Feat. Maya Simantov - Everybody Needs A Man,Offer Nissim Feat. Maya Simantov,Everybody Needs A Man,,,SONG_0032,HIGH,,WhatsApp Image 2026-09-04 at 20.41.01 (3).jpeg
TRK_00875,EVT_17,52,"MNEK - At Night , I Think About You - Offer Nissim Remix",MNEK,"At Night, I Think About You",Offer Nissim Remix,,SONG_0151,HIGH,,WhatsApp Image 2026-09-04 at 20.41.01 (3).jpeg
TRK_00876,EVT_17,53,Offer Nissim Feat. Maya Simantov - Who is She - Live Performance,Offer Nissim Feat. Maya Simantov,Who Is She,Live Performance,,SONG_0307,HIGH,,WhatsApp Image 2026-09-04 at 20.41.01 (3).jpeg
TRK_00877,EVT_17,54,Offer Nissim Feat. Maya Simantov - Alone - 2025 Dub Mix,Offer Nissim Feat. Maya Simantov,Alone,2025 Dub Mix,,SONG_0172,HIGH,,WhatsApp Image 2026-09-04 at 20.41.01 (3).jpeg
TRK_00878,EVT_17,55,Ivri Lider Feat. Rita - Cinderella Rockefella - Offer Nissim The Chin Mix,Ivri Lider Feat. Rita,Cinderella Rockefella,Offer Nissim The Chin Mix,,SONG_0205,HIGH,,WhatsApp Image 2026-09-04 at 20.41.01 (3).jpeg
TRK_00879,EVT_17,56,The KLF - What Time Is Love - Offer Nissim Remix,The KLF,What Time Is Love,Offer Nissim Remix,,SONG_0199,HIGH,,WhatsApp Image 2026-09-04 at 20.41.01 (3).jpeg
TRK_00880,EVT_17,57,Offer Nissim Feat. Ninet – Human - Trance Version,Offer Nissim Feat. Ninet,Human,Trance Version,,SONG_0308,HIGH,,WhatsApp Image 2026-09-04 at 20.41.01 (3).jpeg
TRK_00881,EVT_17,58,Offer Nissim - Completely Yourself,Offer Nissim,Completely Yourself,,,SONG_0045,HIGH,,WhatsApp Image 2026-09-04 at 20.41.01 (3).jpeg
TRK_00882,EVT_18,1,ABBA - Summer Night City - Offer Nissim Pride 2025 Remix,ABBA,Summer Night City,Offer Nissim Pride 2025 Remix,,SONG_0309,HIGH,,WhatsApp Image 2026-09-04 at 20.41.02.jpeg
TRK_00883,EVT_18,2,Kim Wilde - Loved - Offer Nissim Remix,Kim Wilde,Loved,Offer Nissim Remix,,SONG_0059,HIGH,,WhatsApp Image 2026-09-04 at 20.41.02.jpeg
TRK_00884,EVT_18,3,Offer Nissim Feat. Epiphony - Heaven In Your Eyes - AVICII Tribute,Offer Nissim Feat. Epiphony,Heaven In Your Eyes,AVICII Tribute,,SONG_0125,HIGH,,WhatsApp Image 2026-09-04 at 20.41.02.jpeg
TRK_00885,EVT_18,4,Offer Nissim X Ofra Haza - Adagio,Offer Nissim X Ofra Haza,Adagio,,,SONG_0261,HIGH,,WhatsApp Image 2026-09-04 at 20.41.02.jpeg
TRK_00886,EVT_18,5,Offer Nissim - Bombay,Offer Nissim,Bombay,,,SONG_0146,HIGH,,WhatsApp Image 2026-09-04 at 20.41.02.jpeg
TRK_00887,EVT_18,6,Michelle Obama All-Star Girl Power Anthem - This Is for My Girls - Offer Nissim Remix,Michelle Obama All-Star Girl Power Anthem,This Is For My Girls,Offer Nissim Remix,,SONG_0069,HIGH,,WhatsApp Image 2026-09-04 at 20.41.02.jpeg
TRK_00888,EVT_18,7,Offer Nissim - Move Your Body,Offer Nissim,Move Your Body,,,SONG_0174,HIGH,,WhatsApp Image 2026-09-04 at 20.41.02.jpeg
TRK_00889,EVT_18,8,Offer Nissim - I Want Muscles,Offer Nissim,I Want Muscles,,,SONG_0190,HIGH,,WhatsApp Image 2026-09-04 at 20.41.02.jpeg
TRK_00890,EVT_18,9,Offer Nissim x Riki Ben-Ari - Slay - Live Performance,Offer Nissim X Riki Ben-Ari,Slay,Live Performance,,SONG_0310,HIGH,Artist normalized: 'Offer Nissim x Riki Ben-Ari' -> 'Offer Nissim X Riki Ben-Ari',WhatsApp Image 2026-09-04 at 20.41.02.jpeg
TRK_00891,EVT_18,10,Offer Nissim - California Dreaming,Offer Nissim,California Dreaming,,,SONG_0311,HIGH,,WhatsApp Image 2026-09-04 at 20.41.02.jpeg
TRK_00892,EVT_18,11,Offer Nissim - Raise Me Up,Offer Nissim,Raise Me Up,,,SONG_0295,HIGH,,WhatsApp Image 2026-09-04 at 20.41.02.jpeg
TRK_00893,EVT_18,12,Offer Nissim - When I Come Alive,Offer Nissim,When I Come Alive,,,SONG_0264,HIGH,,WhatsApp Image 2026-09-04 at 20.41.02.jpeg
TRK_00894,EVT_18,13,Offer Nissim X Eden Golan - Pieces,Offer Nissim X Eden Golan,Pieces,,,SONG_0296,HIGH,,WhatsApp Image 2026-09-04 at 20.41.02.jpeg
TRK_00895,EVT_18,14,Offer Nissim - How Deep Is Your Love,Offer Nissim,How Deep Is Your Love,,,SONG_0263,HIGH,,WhatsApp Image 2026-09-04 at 20.41.02.jpeg
TRK_00896,EVT_18,15,Aretha Franklin - Rolling In The Deep - Offer Nissim Remix,Aretha Franklin,Rolling In The Deep,Offer Nissim Remix,,SONG_0087,HIGH,,WhatsApp Image 2026-09-04 at 20.41.02.jpeg
TRK_00897,EVT_18,16,Amelia Lily - You Bring Me Joy - Offer Nissim Remix,Amelia Lily,You Bring Me Joy,Offer Nissim Remix,,SONG_0020,HIGH,,WhatsApp Image 2026-09-04 at 20.41.02.jpeg
TRK_00898,EVT_18,17,Offer Nissim Feat. Magi Azarzar - TITRAGEL ITA,Offer Nissim Feat. Magi Azarzar,Titragel Ita,,,SONG_0305,HIGH,,WhatsApp Image 2026-09-04 at 20.41.02.jpeg
TRK_00899,EVT_18,18,Offer Nissim Feat. Ilan Peled - Tac Oh Tertako - Live Performance,Offer Nissim Feat. Ilan Peled,Tac Oh Tertako,Live Performance,,SONG_0312,HIGH,,WhatsApp Image 2026-09-04 at 20.41.02.jpeg
TRK_00900,EVT_18,19,Offer Nissim - Haw Haw,Offer Nissim,Haw Haw,,,SONG_0313,HIGH,,WhatsApp Image 2026-09-04 at 20.41.02.jpeg
TRK_00901,EVT_18,20,Offer Nissim - Toro,Offer Nissim,Toro,,,SONG_0262,HIGH,,WhatsApp Image 2026-09-04 at 20.41.02.jpeg
TRK_00902,EVT_18,21,Offer Nissim Feat. Maya Simantov - I'm In Love,Offer Nissim Feat. Maya Simantov,I'm In Love,,,SONG_0033,HIGH,,WhatsApp Image 2026-09-04 at 20.41.02.jpeg
TRK_00903,EVT_18,22,Offer Nissim Feat. Maya Simantov - Cuando,Offer Nissim Feat. Maya Simantov,Cuando,,,SONG_0193,HIGH,,WhatsApp Image 2026-09-04 at 20.41.02.jpeg
TRK_00904,EVT_18,23,Suzanne Palmer - Home - Offer Nissim Remix - Part 1,Suzanne Palmer,Home,Offer Nissim Remix - Part 1,,SONG_0231,HIGH,,WhatsApp Image 2026-09-04 at 20.41.02.jpeg
TRK_00905,EVT_18,24,Britney Meets Hollywood - Gimme More And More - Offer Nissim Remix,Britney Meets Hollywood,Gimme More And More,Offer Nissim Remix,,SONG_0054,HIGH,,WhatsApp Image 2026-09-04 at 20.41.02.jpeg
TRK_00906,EVT_18,25,Offer Nissim - ROSE,Offer Nissim,Rose,,,SONG_0284,HIGH,,WhatsApp Image 2026-09-04 at 20.41.02.jpeg
TRK_00907,EVT_18,26,Dana International - Ahlah Gever - Offer Nissim,Dana International,Ahlah Gever,Offer Nissim Remix,,SONG_0240,HIGH,Source reads only 'Offer Nissim' after the title; it is the Offer Nissim Remix - confirmed by archive owner.,WhatsApp Image 2026-09-04 at 20.41.02.jpeg
TRK_00908,EVT_18,27,Offer Nissim X Eden Hason - LOVE IS LOVE - Live Performance,Offer Nissim X Eden Hason,LOVE IS LOVE,Live Performance,,SONG_0314,HIGH,,WhatsApp Image 2026-09-04 at 20.41.02.jpeg
TRK_00909,EVT_18,28,Sarit Hadad - Ze Sheshomer Alay - Offer Nissim Remix,Sarit Hadad,Ze She'shomer Alay,Offer Nissim Remix,,SONG_0011,HIGH,,WhatsApp Image 2026-09-04 at 20.41.02.jpeg
TRK_00910,EVT_18,29,"Offer Nissim Feat. Meital De Razon - Like This, Like That",Offer Nissim Feat. Meital De Razon,Like This Like That,,,SONG_0160,HIGH,,WhatsApp Image 2026-09-04 at 20.41.02.jpeg
TRK_00911,EVT_18,30,Eliran Halevy -  EXCITED,Eliran Halevy,Excited,,,SONG_0302,HIGH,,WhatsApp Image 2026-09-04 at 20.41.02.jpeg
TRK_00912,EVT_18,31,Offer Nissim - XTC,Offer Nissim,XTC,,,SONG_0315,HIGH,,WhatsApp Image 2026-09-04 at 20.41.02.jpeg
TRK_00913,EVT_18,32,Eliran Halevy - So Good,Eliran Halevy,So Good,,,SONG_0290,HIGH,,WhatsApp Image 2026-09-04 at 20.41.02.jpeg
TRK_00914,EVT_18,33,Offer Nissim - Can You Feel It,Offer Nissim,Can You Feel It,,,SONG_0265,HIGH,,WhatsApp Image 2026-09-04 at 20.41.02.jpeg
TRK_00915,EVT_18,34,Madonna - Ghosttown - Offer Nissim Remix,Madonna,Ghosttown,Offer Nissim Remix,,SONG_0316,HIGH,,WhatsApp Image 2026-09-04 at 20.41.02.jpeg
TRK_00916,EVT_18,35,Offer Nissim Feat. Nikka - Never See Me Again,Offer Nissim Feat. Nikka,Never See Me Again,,,SONG_0292,HIGH,,WhatsApp Image 2026-09-04 at 20.41.02.jpeg
TRK_00917,EVT_18,36,Cher - Gimme! Gimme! Gimme! - Offer Nissim Needs a Man Remix,Cher,Gimme! Gimme! Gimme! (A Man After Midnight),Offer Nissim Needs a Man Remix,,SONG_0031,HIGH,Title spelling normalized: 'Gimme! Gimme! Gimme!' -> 'Gimme! Gimme! Gimme! (A Man After Midnight)',WhatsApp Image 2026-09-04 at 20.41.02.jpeg
TRK_00918,EVT_18,37,Offer Nissim X Amir Haddad - Encore - Show Mix - Live Performance,Offer Nissim X Amir Haddad,Encore,Show Mix - Live Performance,,SONG_0317,HIGH,,WhatsApp Image 2026-09-04 at 20.41.02.jpeg
TRK_00919,EVT_18,38,Offer Nissim X Amir Haddad - De'senchante'e 2025 - Live Performance,Offer Nissim X Amir Haddad,Désenchantée,2025 - Live Performance,,SONG_0202,HIGH,Apostrophes in source stand in for accents; same song as 'Offer Nissim Presents: Amir Haddad - Désenchantée' (Mylene Farmer cover).,WhatsApp Image 2026-09-04 at 20.41.02.jpeg
TRK_00920,EVT_18,39,Offer Nissim Feat. Maya Simantov - Everybody Needs A Man,Offer Nissim Feat. Maya Simantov,Everybody Needs A Man,,,SONG_0032,HIGH,,WhatsApp Image 2026-09-04 at 20.41.02.jpeg
TRK_00921,EVT_18,40,Offer Nissim Feat. Ania Bukstein - ROKEDET,Offer Nissim Feat. Ania Bukstein,Rokedet,,,SONG_0034,HIGH,,WhatsApp Image 2026-09-04 at 20.41.02.jpeg
TRK_00922,EVT_18,41,Offer Nissim Feat. Maya Simantov - Come Out,Offer Nissim Feat. Maya Simantov,Come Out,,,SONG_0076,HIGH,,WhatsApp Image 2026-09-04 at 20.41.02.jpeg
TRK_00923,EVT_18,42,Offer Nissim Feat. Fairuz - Eastern Drums,Offer Nissim Feat. Fairuz,Eastern Drums,,,SONG_0318,HIGH,,WhatsApp Image 2026-09-04 at 20.41.02.jpeg
TRK_00924,EVT_18,43,Offer Nissim X Ninet - Human - Live Performance,Offer Nissim X Ninet,Human,Live Performance,,SONG_0308,HIGH,,WhatsApp Image 2026-09-04 at 20.41.02.jpeg
TRK_00925,EVT_18,44,Ninet - Kacha Ze - Offer Nissim Show Mix - Live Performance,Ninet,Kacha Ze,Offer Nissim Show Mix - Live Performance,,SONG_0319,HIGH,,WhatsApp Image 2026-09-04 at 20.41.02.jpeg
TRK_00926,EVT_18,45,Kristine W - Be Alright - Offer Nissim Intro Remix,Kristine W.,Be Alright,Offer Nissim Intro Remix,,SONG_0132,HIGH,Artist normalized: 'Kristine W' -> 'Kristine W.',WhatsApp Image 2026-09-04 at 20.41.02.jpeg
TRK_00927,EVT_18,46,Rui Da Silva - Touch Me - Offer Nissim Remix,Rui Da Silva,Touch Me,Offer Nissim Remix,,SONG_0320,HIGH,,WhatsApp Image 2026-09-04 at 20.41.02.jpeg
TRK_00928,EVT_18,47,Frank Sinatra - The World We Know - Over And Over - Offer Nissim Remix,Frank Sinatra,The World We Knew,Over And Over - Offer Nissim Remix,,SONG_0271,HIGH,"Source typo 'Know' for 'Knew'; 'Over And Over' is the song's subtitle, kept in version field as written.",WhatsApp Image 2026-09-04 at 20.41.02.jpeg
TRK_00929,EVT_18,48,Offer Nissim Feat. Maya Simantov - BRIDGES - Live Performance,Offer Nissim Feat. Maya Simantov,Bridges,Live Performance,,SONG_0321,HIGH,,WhatsApp Image 2026-09-04 at 20.41.02.jpeg
TRK_00930,EVT_18,49,Offer Nissim Feat. Maya Simantov - Tel Aviv,Offer Nissim Feat. Maya Simantov,Tel Aviv,,,SONG_0042,HIGH,,WhatsApp Image 2026-09-04 at 20.41.02.jpeg
TRK_00931,EVT_18,50,Offer Nissim - Completely Yourself,Offer Nissim,Completely Yourself,,,SONG_0045,HIGH,,WhatsApp Image 2026-09-04 at 20.41.02.jpeg
TRK_00932,EVT_19,1,Offer Nissim - Let Me Tell You Something,Offer Nissim,Let Me Tell You Something,,,SONG_0322,HIGH,,WhatsApp Image 2026-09-04 at 20.41.02 (1).jpeg
TRK_00933,EVT_19,2,Donna Summer - Sometimes Like Butterflies - Offer Nissim Remix,Donna Summer,Sometimes Like Butterflies,Offer Nissim Remix,,SONG_0323,HIGH,,WhatsApp Image 2026-09-04 at 20.41.02 (1).jpeg
TRK_00934,EVT_19,3,Offer Nissim - Naked In The Rain,Offer Nissim,Naked In The Rain,,,SONG_0324,HIGH,,WhatsApp Image 2026-09-04 at 20.41.02 (1).jpeg
TRK_00935,EVT_19,4,Offer Nissim Feat. Maya Simantov - Rain,Offer Nissim Feat. Maya Simantov,Rain,,,SONG_0325,HIGH,,WhatsApp Image 2026-09-04 at 20.41.02 (1).jpeg
TRK_00936,EVT_19,5,Offer Nissim - Esther,Offer Nissim,Esther,,,SONG_0002,HIGH,,WhatsApp Image 2026-09-04 at 20.41.02 (1).jpeg
TRK_00937,EVT_19,6,Offer Nissim - Found Love,Offer Nissim,Found Love,,,SONG_0326,HIGH,,WhatsApp Image 2026-09-04 at 20.41.02 (1).jpeg
TRK_00938,EVT_19,7,Offer Nissim Feat. Yael Bar Zohar - Desert Star 2025,Offer Nissim Feat. Yael Bar Zohar,Desert Star 2025,,,SONG_0300,HIGH,,WhatsApp Image 2026-09-04 at 20.41.02 (1).jpeg
TRK_00939,EVT_19,8,Brothers in Rhythm - Such a Good Feeling - Offer Nissim Remix,Brothers In Rhythm,Such A Good Feeling,Offer Nissim Remix,,SONG_0050,HIGH,Artist normalized: 'Brothers in Rhythm' -> 'Brothers In Rhythm',WhatsApp Image 2026-09-04 at 20.41.02 (1).jpeg
TRK_00940,EVT_19,9,Anita Meyer - Why Tell Me Why - Offer Nissim Remix,Anita Meyer,Why Tell Me Why,Offer Nissim Remix,,SONG_0055,HIGH,,WhatsApp Image 2026-09-04 at 20.41.02 (1).jpeg
TRK_00941,EVT_19,10,Offer Nissim X Yuval Raphael - Eagle - Show Mix,Offer Nissim X Yuval Raphael,Eagle,Show Mix,,SONG_0327,HIGH,,WhatsApp Image 2026-09-04 at 20.41.02 (1).jpeg
TRK_00942,EVT_19,11,Offer Nissim Feat. Maya Simantov - Perfect Love,Offer Nissim Feat. Maya Simantov,Perfect Love,,,SONG_0041,HIGH,,WhatsApp Image 2026-09-04 at 20.41.02 (1).jpeg
TRK_00943,EVT_19,12,Offer Nissim - Studio 54,Offer Nissim,Studio 54,,,SONG_0143,HIGH,,WhatsApp Image 2026-09-04 at 20.41.02 (1).jpeg
TRK_00944,EVT_19,13,Offer Nissim Feat. Maya Simantov - Like There Is No Tomorrow,Offer Nissim Feat. Maya Simantov,Like There Is No Tomorrow,,,SONG_0142,HIGH,,WhatsApp Image 2026-09-04 at 20.41.02 (1).jpeg
TRK_00945,EVT_19,14,Offer Nissim - XTC,Offer Nissim,XTC,,,SONG_0315,HIGH,,WhatsApp Image 2026-09-04 at 20.41.02 (1).jpeg
TRK_00946,EVT_19,15,"Offer Nissim Feat. Meital De Razon - Like This, Like That",Offer Nissim Feat. Meital De Razon,Like This Like That,,,SONG_0160,HIGH,,WhatsApp Image 2026-09-04 at 20.41.02 (1).jpeg
TRK_00947,EVT_19,16,Offer Nissim Feat. Betty - Kol Doudi,Offer Nissim Feat. Betty,Kol Doudi,,,SONG_0157,HIGH,,WhatsApp Image 2026-09-04 at 20.41.02 (1).jpeg
TRK_00948,EVT_19,17,Offer Nissim x Margol & Or Ben David - Pgisha,Offer Nissim X Margol & Or Ben David,Pgisha,,,SONG_0285,HIGH,Artist normalized: 'Offer Nissim x Margol & Or Ben David' -> 'Offer Nissim X Margol & Or Ben David',WhatsApp Image 2026-09-04 at 20.41.02 (1).jpeg
TRK_00949,EVT_19,18,Offer Nissim Feat. Eyal Golan - ESHAL - Show Mix,Offer Nissim Feat. Eyal Golan,Eshal,Show Mix,,SONG_0167,HIGH,,WhatsApp Image 2026-09-04 at 20.41.02 (1).jpeg
TRK_00950,EVT_19,19,Offer Nissim Feat. The Israeli Opera - Hymns To God,Offer Nissim Feat. The Israeli Opera,Hymns To God,,,SONG_0060,HIGH,,WhatsApp Image 2026-09-04 at 20.41.02 (1).jpeg
TRK_00951,EVT_19,20,Deborah Cox - Everybody Dance - Show Mix,Deborah Cox,Everybody Dance,Show Mix,,SONG_0180,HIGH,,WhatsApp Image 2026-09-04 at 20.41.02 (1).jpeg
TRK_00952,EVT_19,21,Offer Nissim Feat Maya Simantov - Turn The Beat Around - Show Mix,Offer Nissim Feat. Maya Simantov,Turn The Beat Around,Show Mix,,SONG_0328,HIGH,Artist normalized: 'Offer Nissim Feat Maya Simantov' -> 'Offer Nissim Feat. Maya Simantov',WhatsApp Image 2026-09-04 at 20.41.02 (1).jpeg
TRK_00953,EVT_19,22,Offer Nissim Feat Riki Ben-Ari - Light My Fire,Offer Nissim Feat. Riki Ben-Ari,Light My Fire,,,SONG_0119,HIGH,Artist normalized: 'Offer Nissim Feat Riki Ben-Ari' -> 'Offer Nissim Feat. Riki Ben-Ari',WhatsApp Image 2026-09-04 at 20.41.02 (1).jpeg
TRK_00954,EVT_19,23,Offer Nissim Feat. Magi Azarzar - TRITAGEL EITA,Offer Nissim Feat. Magi Azarzar,Titragel Ita,,,SONG_0305,HIGH,Title spelling normalized: 'TRITAGEL EITA' -> 'Titragel Ita',WhatsApp Image 2026-09-04 at 20.41.02 (1).jpeg
TRK_00955,EVT_19,24,Offer Nissim  Presents Nina Hagen -  New York New York,Offer Nissim Presents Nina Hagen,New York New York,,,SONG_0236,HIGH,Artist normalized: 'Offer Nissim  Presents Nina Hagen' -> 'Offer Nissim Presents Nina Hagen',WhatsApp Image 2026-09-04 at 20.41.02 (1).jpeg
TRK_00956,EVT_19,25,Suzanne Palmer - Eye Can See U - Offer Nissim Remix,Suzanne Palmer,Eye Can See U,Offer Nissim Remix,,SONG_0280,HIGH,Corrected 26.09.2026: Official title is 'Eye Can See U' (Discogs); earlier normalization to 'Eye Can See You' reversed,WhatsApp Image 2026-09-04 at 20.41.02 (1).jpeg
TRK_00957,EVT_19,26,Danny Tenaglia - Music Is The Answer - Eliran Halevy Remix,Danny Tenaglia,Music Is The Answer,Eliran Halevy Remix,,SONG_0329,HIGH,,WhatsApp Image 2026-09-04 at 20.41.02 (1).jpeg
TRK_00958,EVT_19,27,Offer Nissim X Eliran Halevy - Circle,Offer Nissim X Eliran Halevy,Circle,,,SONG_0330,HIGH,,WhatsApp Image 2026-09-04 at 20.41.02 (1).jpeg
TRK_00959,EVT_19,28,Eliran Halevy - EXCITED,Eliran Halevy,Excited,,,SONG_0302,HIGH,,WhatsApp Image 2026-09-04 at 20.41.02 (1).jpeg
TRK_00960,EVT_19,29,Offer Nissim X Ofra Haza - Adagio 2025 Edit,Offer Nissim X Ofra Haza,Adagio,2025 Edit,,SONG_0261,HIGH,,WhatsApp Image 2026-09-04 at 20.41.02 (1).jpeg
TRK_00961,EVT_19,30,Rui Da Silva - Touch Me - Offer Nissim Remix,Rui Da Silva,Touch Me,Offer Nissim Remix,,SONG_0320,HIGH,,WhatsApp Image 2026-09-04 at 20.41.02 (1).jpeg
TRK_00962,EVT_19,31,Vanessa Paradis - Joe Le Taxi - Offer Nissim Remix,Vanessa Paradis,Joe Le Taxi,Offer Nissim Remix,,SONG_0074,HIGH,,WhatsApp Image 2026-09-04 at 20.41.02 (1).jpeg
TRK_00963,EVT_19,32,Offer Nissim - How Deep Is Your Love,Offer Nissim,How Deep Is Your Love,,,SONG_0263,HIGH,,WhatsApp Image 2026-09-04 at 20.41.02 (1).jpeg
TRK_00964,EVT_19,33,Offer Nissim Feat. Maya Simantov - Everybody Needs A Man,Offer Nissim Feat. Maya Simantov,Everybody Needs A Man,,,SONG_0032,HIGH,,WhatsApp Image 2026-09-04 at 20.41.02 (1).jpeg
TRK_00965,EVT_19,34,Offer Nissim & 2050 - Reach Out,Offer Nissim & 2050,Reach Out,,,SONG_0276,HIGH,,WhatsApp Image 2026-09-04 at 20.41.02 (1).jpeg
TRK_00966,EVT_19,35,Offer Nissim - Raise Me Up,Offer Nissim,Raise Me Up,,,SONG_0295,HIGH,,WhatsApp Image 2026-09-04 at 20.41.02 (1).jpeg
TRK_00967,EVT_19,36,Miri Mesika X Offer Nissim - Tizkor Oti,Miri Mesika X Offer Nissim,Tizkor Oti,,,SONG_0331,HIGH,,WhatsApp Image 2026-09-04 at 20.41.02 (1).jpeg
TRK_00968,EVT_19,37,Shoshana Damari - Adaa'in Kan - Offer Nissim Remix,Shoshana Damari,Adaa'in Kan,Offer Nissim Remix,,SONG_0255,HIGH,,WhatsApp Image 2026-09-04 at 20.41.02 (1).jpeg
TRK_00969,EVT_19,38,Paul Oakenfold - Southern Sun - Offer Nissim Remix,Paul Oakenfold,Southern Sun,Offer Nissim Remix,,SONG_0073,HIGH,,WhatsApp Image 2026-09-04 at 20.41.02 (1).jpeg
TRK_00970,EVT_19,39,Beyonce - Deja Vu - Offer Nissim Remix,Beyoncé,Deja Vu,Offer Nissim Remix,,SONG_0332,HIGH,Corrected 26.09.2026: Artist spelling: 'Beyonce' -> 'Beyoncé',WhatsApp Image 2026-09-04 at 20.41.02 (1).jpeg
TRK_00971,EVT_19,40,Donna Summer & Barbra Streisand - Enough Is Enough - Offer Nissim Part B Remix,Donna Summer & Barbra Streisand,Enough Is Enough,Offer Nissim Part B Remix,,SONG_0084,HIGH,,WhatsApp Image 2026-09-04 at 20.41.02 (1).jpeg
TRK_00972,EVT_19,41,Aviv Geffen & Ella Lee - Varod Mavrik - Offer Nissim Remix,Aviv Geffen & Ella-Lee,Varod Mavrik,Offer Nissim Remix,,SONG_0170,HIGH,Artist normalized: 'Aviv Geffen & Ella Lee' -> 'Aviv Geffen & Ella-Lee',WhatsApp Image 2026-09-04 at 20.41.02 (1).jpeg
TRK_00973,EVT_19,42,Offer Nissim Feat. Symphony X - I Close My Eyes,Offer Nissim Feat. Symphony X,I Close My Eyes,,,SONG_0195,HIGH,,WhatsApp Image 2026-09-04 at 20.41.02 (1).jpeg
TRK_00974,EVT_19,43,Offer Nissim Feat. Maya Simantov - I Wish You Were Here,Offer Nissim Feat. Maya Simantov,Wish You Were Here,,,SONG_0072,HIGH,Same song as Wish You Were Here - confirmed by archive owner (probable).,WhatsApp Image 2026-09-04 at 20.41.02 (1).jpeg
TRK_00975,EVT_19,44,"Duke Dumont, Clementine Douglas - Ain't Giving Up - Elad Navon Remix","Duke Dumont, Clementine Douglas",Ain't Giving Up,Elad Navon Remix,,SONG_0333,HIGH,,WhatsApp Image 2026-09-04 at 20.41.02 (1).jpeg
TRK_00976,EVT_19,45,Shirley Bassey - La Passione - Offer Nissim Remix - Ofer Nachshon Tribute,Shirley Bassey,La Passione,Offer Nissim Remix - Ofer Nachshon Tribute,,SONG_0058,HIGH,,WhatsApp Image 2026-09-04 at 20.41.02 (1).jpeg
TRK_00977,EVT_19,46,Offer Nissim - Cha Cha Cha - Peter Rauhofer's NYC Edit,Offer Nissim,Cha Cha Cha,Peter Rauhofer NYC Edit,,SONG_0023,HIGH,Same track as 'Another Cha Cha' - confirmed by archive owner. | Corrected 03.10.2026: official title per Offer Nissim's release (Spotify / Beatport / Star 69 Records: 'Cha Cha Cha (Peter Rauhofer NYC Edit)'),WhatsApp Image 2026-09-04 at 20.41.02 (1).jpeg
TRK_00978,EVT_19,47,Offer Nissim Feat. Epiphony - Believe In Me,Offer Nissim Feat. Epiphony,Believe In Me,,,SONG_0043,HIGH,,WhatsApp Image 2026-09-04 at 20.41.02 (1).jpeg
TRK_00979,EVT_19,48,Dana International - Petra - Offer Nissim Remix,Dana International,Petra,Offer Nissim Remix,,SONG_0099,HIGH,,WhatsApp Image 2026-09-04 at 20.41.02 (1).jpeg
TRK_00980,EVT_19,49,Offer Nissim - Infected Love,Offer Nissim,Infected Love,,,SONG_0173,HIGH,,WhatsApp Image 2026-09-04 at 20.41.02 (1).jpeg
TRK_00981,EVT_19,50,Offer Nissim X Megaphonim - Super Spreader,Offer Nissim X Megaphonim,Super Spreader,,,SONG_0334,HIGH,,WhatsApp Image 2026-09-04 at 20.41.02 (1).jpeg
TRK_00982,EVT_19,51,Angie Stone - Wish I Didn't Miss You - Offer Nissim Remix,Angie Stone,Wish I Didn't Miss You,Offer Nissim Remix,,SONG_0106,HIGH,,WhatsApp Image 2026-09-04 at 20.41.02 (1).jpeg
TRK_00983,EVT_19,52,Offer Nissim - ROSE,Offer Nissim,Rose,,,SONG_0284,HIGH,,WhatsApp Image 2026-09-04 at 20.41.02 (1).jpeg
TRK_00984,EVT_19,53,Offer Nissim Feat. Ivana Lola - Love Again,Offer Nissim Feat. Ivana Lola,Love Again,,,SONG_0335,HIGH,,WhatsApp Image 2026-09-04 at 20.41.02 (1).jpeg
TRK_00985,EVT_19,54,Offer Nissim Feat. Maya Simantov - Miracle Part B,Offer Nissim Feat. Maya Simantov,Miracle,Part B,,SONG_0130,HIGH,'Part B' appended to title.,WhatsApp Image 2026-09-04 at 20.41.02 (1).jpeg
TRK_00986,EVT_19,55,Offer Nissim - Toro,Offer Nissim,Toro,,,SONG_0262,HIGH,,WhatsApp Image 2026-09-04 at 20.41.02 (1).jpeg
TRK_00987,EVT_19,56,Offer Nissim Presents Ilan Peled - Ćest Coccinelle,Offer Nissim Presents Ilan Peled,C'est Coccinelle,,,SONG_0100,HIGH,,WhatsApp Image 2026-09-04 at 20.41.02 (1).jpeg
TRK_00988,EVT_19,57,Offer Nissim Feat. Ilan Peled - Blue Monday - Show Mix,Offer Nissim Feat. Ilan Peled,Blue Monday,Show Mix,,SONG_0336,HIGH,,WhatsApp Image 2026-09-04 at 20.41.02 (1).jpeg
TRK_00989,EVT_19,58,Madonna - I Don't Search I Find - Offer Nissim Remix,Madonna,I Don't Search I Find,Offer Nissim Remix,,SONG_0122,HIGH,,WhatsApp Image 2026-09-04 at 20.41.02 (1).jpeg
TRK_00990,EVT_19,59,Offer Nissim - Completely Yourself,Offer Nissim,Completely Yourself,,,SONG_0045,HIGH,,WhatsApp Image 2026-09-04 at 20.41.02 (1).jpeg
TRK_00991,EVT_20,1,Offer Nissim - Midnight Summer Dream,Offer Nissim,Midnight Summer Dream,,,SONG_0337,HIGH,,WhatsApp Image 2026-09-04 at 20.41.02 (2).jpeg
TRK_00992,EVT_20,2,Offer Nissim X Celeda - Work Children (In Memory of Peter Rauhofer),Offer Nissim X Celeda,Work Children,In Memory of Peter Rauhofer,,SONG_0338,HIGH,Parenthetical dedication kept in version field.,WhatsApp Image 2026-09-04 at 20.41.02 (2).jpeg
TRK_00993,EVT_20,3,Offer Nissim X Meital De Razon - Now Come On - Live Performance,Offer Nissim X Meital De Razon,Now Come On,Live Performance,,SONG_0339,HIGH,,WhatsApp Image 2026-09-04 at 20.41.02 (2).jpeg
TRK_00994,EVT_20,4,Offer Nissim - Enjoy Your Life,Offer Nissim,Enjoy Your Life,,,SONG_0340,HIGH,,WhatsApp Image 2026-09-04 at 20.41.02 (2).jpeg
TRK_00995,EVT_20,5,Offer Nissim Feat. Maya Simantov - I'm In Love,Offer Nissim Feat. Maya Simantov,I'm In Love,,,SONG_0033,HIGH,,WhatsApp Image 2026-09-04 at 20.41.02 (2).jpeg
TRK_00996,EVT_20,6,Offer Nissim - How Deep Is Your Love,Offer Nissim,How Deep Is Your Love,,,SONG_0263,HIGH,,WhatsApp Image 2026-09-04 at 20.41.02 (2).jpeg
TRK_00997,EVT_20,7,Offer Nissim - California Dreaming,Offer Nissim,California Dreaming,,,SONG_0311,HIGH,,WhatsApp Image 2026-09-04 at 20.41.02 (2).jpeg
TRK_00998,EVT_20,8,Offer Nissim - XTC,Offer Nissim,XTC,,,SONG_0315,HIGH,,WhatsApp Image 2026-09-04 at 20.41.02 (2).jpeg
TRK_00999,EVT_20,9,Friburn & Urik - Take Me Love Me - Offer Nissim Remix,Friburn & Urik,Take Me Love Me,Offer Nissim Remix,,SONG_0341,HIGH,,WhatsApp Image 2026-09-04 at 20.41.02 (2).jpeg
TRK_01000,EVT_20,10,Offer Nissim Feat. Maya Simantov - Rainbow,Offer Nissim Feat. Maya Simantov,Rainbow,,,SONG_0070,HIGH,,WhatsApp Image 2026-09-04 at 20.41.02 (2).jpeg
TRK_01001,EVT_20,11,Offer Nissim X Anna Zak - Fix Me - Live Performance,Offer Nissim X Anna Zak,Fix Me,Live Performance,,SONG_0342,HIGH,,WhatsApp Image 2026-09-04 at 20.41.02 (2).jpeg
TRK_01002,EVT_20,12,Madonna & Sabrina Carpenter - Bring Your Love - Offer Nissim Remix,Madonna & Sabrina Carpenter,Bring Your Love,Offer Nissim Remix,,SONG_0343,HIGH,,WhatsApp Image 2026-09-04 at 20.41.02 (2).jpeg
TRK_01003,EVT_20,13,Offer Nissim Feat. Maya Simantov - Everybody Needs A Man,Offer Nissim Feat. Maya Simantov,Everybody Needs A Man,,,SONG_0032,HIGH,,WhatsApp Image 2026-09-04 at 20.41.02 (2).jpeg
TRK_01004,EVT_20,14,Black Box - Everybody Everybody - Offer Nissim Remix,Black Box,Everybody Everybody,Offer Nissim Remix,,SONG_0062,HIGH,,WhatsApp Image 2026-09-04 at 20.41.02 (2).jpeg
TRK_01005,EVT_20,15,Offer Nissim Presents The Bitches - Ain't No Mountain,Offer Nissim Presents The Bitches,Ain't No Mountain,,,SONG_0064,HIGH,,WhatsApp Image 2026-09-04 at 20.41.02 (2).jpeg
TRK_01006,EVT_20,16,Donna Summer - Sometimes Like Butterflies - Offer Nissim Remix,Donna Summer,Sometimes Like Butterflies,Offer Nissim Remix,,SONG_0323,HIGH,,WhatsApp Image 2026-09-04 at 20.41.02 (2).jpeg
TRK_01007,EVT_20,17,Offer Nissim Feat. Deborah Cox - Summer Of Love,Offer Nissim Feat. Deborah Cox,Summer Of Love,,,SONG_0144,HIGH,,WhatsApp Image 2026-09-04 at 20.41.02 (2).jpeg
TRK_01008,EVT_20,18,Offer Nissim Feat. Maya Simantov & Frida - Superman Show Mix - Live Performance,Offer Nissim Feat. Maya Simantov & Frida,Superman,Show Mix - Live Performance,,SONG_0299,HIGH,Version of Superman in which Frida sings with Maya Simantov live - confirmed by archive owner.,WhatsApp Image 2026-09-04 at 20.41.02 (2).jpeg
TRK_01009,EVT_20,19,Offer Nissim Feat. Maya Simantov - Holy Love - Live Performance,Offer Nissim Feat. Maya Simantov,Holy Love,Live Performance,,SONG_0344,HIGH,,WhatsApp Image 2026-09-04 at 20.41.02 (2).jpeg
TRK_01010,EVT_20,20,Suzanne Palmer - Free My Love - Offer Nissim Remix,Suzanne Palmer,Free My Love,Offer Nissim Remix,,SONG_0123,HIGH,,WhatsApp Image 2026-09-04 at 20.41.02 (2).jpeg
TRK_01011,EVT_20,21,Donna Summer & Barbra Streisand - Enough Is Enough (Offer Nissim Part B),Donna Summer & Barbra Streisand,Enough Is Enough,Offer Nissim Part B,,SONG_0084,HIGH,,WhatsApp Image 2026-09-04 at 20.41.02 (2).jpeg
TRK_01012,EVT_20,22,Cher - Gimme! Gimme! Gimme! - Offer Nissim Needs A Man Remix,Cher,Gimme! Gimme! Gimme! (A Man After Midnight),Offer Nissim Needs A Man Remix,,SONG_0031,HIGH,Title spelling normalized: 'Gimme! Gimme! Gimme!' -> 'Gimme! Gimme! Gimme! (A Man After Midnight)',WhatsApp Image 2026-09-04 at 20.41.02 (2).jpeg
TRK_01013,EVT_20,23,Offer Nissim Feat. Maya Simantov - Be My Boyfriend,Offer Nissim Feat. Maya Simantov,Be My Boyfriend,,,SONG_0197,HIGH,,WhatsApp Image 2026-09-04 at 20.41.02 (2).jpeg
TRK_01014,EVT_20,24,Offer Nissim Feat. Meital De Razon - My Pride,Offer Nissim Feat. Meital De Razon,My Pride,,,SONG_0063,HIGH,,WhatsApp Image 2026-09-04 at 20.41.02 (2).jpeg
TRK_01015,EVT_20,25,Offer Nissim X Ofra Haza - Adagio,Offer Nissim X Ofra Haza,Adagio,2025 Edit,,SONG_0261,HIGH,Corrected 03.10.2026: version set to '2025 Edit' per archive owner (no version stated on the source image),WhatsApp Image 2026-09-04 at 20.41.02 (2).jpeg
TRK_01016,EVT_20,26,Offer Nissim X Shiri Maimon - תסתכל לי בעיניים - Live Performance,Offer Nissim X Shiri Maimon,תסתכל לי בעיניים (Tistakel Li Ba'einayim),Live Performance,,SONG_0345,HIGH,Hebrew title kept; transliteration added in parentheses.,WhatsApp Image 2026-09-04 at 20.41.02 (2).jpeg
TRK_01017,EVT_20,27,Deborah Cox - Easy As Life - Offer Nissim Show Mix,Deborah Cox,Easy As Life,Offer Nissim Show Mix,,SONG_0083,HIGH,,WhatsApp Image 2026-09-04 at 20.41.02 (2).jpeg
TRK_01018,EVT_20,28,Brothers in Rhythm - Such A Good Feeling - Offer Nissim Remix,Brothers In Rhythm,Such A Good Feeling,Offer Nissim Remix,,SONG_0050,HIGH,Artist normalized: 'Brothers in Rhythm' -> 'Brothers In Rhythm',WhatsApp Image 2026-09-04 at 20.41.02 (2).jpeg
TRK_01019,EVT_20,29,Offer Nissim Feat. Maya Simantov - Let Me Live,Offer Nissim Feat. Maya Simantov,Let Me Live,,,SONG_0040,HIGH,,WhatsApp Image 2026-09-04 at 20.41.02 (2).jpeg
TRK_01020,EVT_20,30,Anita Meyer - Why Tell Me Why - Offer Nissim Remix,Anita Meyer,Why Tell Me Why,Offer Nissim Remix,,SONG_0055,HIGH,,WhatsApp Image 2026-09-04 at 20.41.02 (2).jpeg
TRK_01021,EVT_20,31,Kristine W. - Be Alright - Offer Nissim Intro Mix,Kristine W.,Be Alright,Offer Nissim Intro Mix,,SONG_0132,HIGH,,WhatsApp Image 2026-09-04 at 20.41.02 (2).jpeg
TRK_01022,EVT_20,32,Offer Nissim Feat. Gila Goldstein & Ilan Peled - I Can Be Whatever I Want,Offer Nissim Feat. Gila Goldstein & Ilan Peled,I Can Be Whatever I Want,,,SONG_0346,HIGH,,WhatsApp Image 2026-09-04 at 20.41.02 (2).jpeg
TRK_01023,EVT_20,33,Ran Danker - Malkat Harahava - Offer Nissim Remix,Ran Danker,Malkat Harahava,Offer Nissim Remix,,SONG_0201,HIGH,,WhatsApp Image 2026-09-04 at 20.41.02 (2).jpeg
TRK_01024,EVT_20,34,Offer Nissim Feat. Magi Azarzar - TRITAGEL EITA,Offer Nissim Feat. Magi Azarzar,Titragel Ita,,,SONG_0305,HIGH,Title spelling normalized: 'TRITAGEL EITA' -> 'Titragel Ita',WhatsApp Image 2026-09-04 at 20.41.02 (2).jpeg
TRK_01025,EVT_20,35,Offer Nissim X Harel Skaat - Ahava Nafshi,Offer Nissim X Harel Skaat,Ahava Nafshi,,,SONG_0150,HIGH,,WhatsApp Image 2026-09-04 at 20.41.02 (2).jpeg
TRK_01026,EVT_20,36,Offer Nissim - Don't Know What To Do,Offer Nissim,Don't Know What To Do,,,SONG_0234,HIGH,,WhatsApp Image 2026-09-04 at 20.41.02 (2).jpeg
TRK_01027,EVT_20,37,Offer Nissim - Crazy Things At Night,Offer Nissim,Crazy Things At Night,,,SONG_0001,HIGH,,WhatsApp Image 2026-09-04 at 20.41.02 (2).jpeg
TRK_01028,EVT_20,38,Eliran Halevy - I'm In Love,Eliran Halevy,I'm In Love,,,SONG_0347,HIGH,,WhatsApp Image 2026-09-04 at 20.41.02 (2).jpeg
TRK_01029,EVT_20,39,Eliran Halevy & More Avarhami - Turn Me Up - Live at Set,Eliran Halevy & More Avarhami,Turn Me Up,Live at Set,,SONG_0348,HIGH,,WhatsApp Image 2026-09-04 at 20.41.02 (2).jpeg
TRK_01030,EVT_20,40,Offer Nissim Feat. Maya Simantov - First Time - Eliran Halevy Remix,Offer Nissim Feat. Maya Simantov,First Time,Eliran Halevy Remix,,SONG_0153,HIGH,,WhatsApp Image 2026-09-04 at 20.41.02 (2).jpeg
TRK_01031,EVT_20,41,Offer Nissim - Lost In Music,Offer Nissim,Lost In Music,,,SONG_0120,HIGH,,WhatsApp Image 2026-09-04 at 20.41.02 (2).jpeg
TRK_01032,EVT_20,42,ABBA - Summer Night City - Offer Nissim Remix,ABBA,Summer Night City,Offer Nissim Remix,,SONG_0309,HIGH,,WhatsApp Image 2026-09-04 at 20.41.02 (2).jpeg
TRK_01033,EVT_20,43,Offer Nissim Feat. Meital De Razon - Like This Like That,Offer Nissim Feat. Meital De Razon,Like This Like That,,,SONG_0160,HIGH,,WhatsApp Image 2026-09-04 at 20.41.02 (2).jpeg
TRK_01034,EVT_20,44,Offer Nissim X Nasrin Kadry - הלך גבר? יבואו עשר - Live Performance,Offer Nissim X Nasrin Kadri,הלך גבר? יבואו עשר (Halach Gever? Yavo'u Eser),Live Performance,,SONG_0349,HIGH,Hebrew title kept; transliteration added.,WhatsApp Image 2026-09-04 at 20.41.02 (2).jpeg
TRK_01035,EVT_20,45,Offer Nissim X Eyal Golan - מתגעגע לתקופה,Offer Nissim X Eyal Golan,מתגעגע לתקופה (Mitga'agea LaTkufa),,,SONG_0350,HIGH,Hebrew title kept; transliteration added.,WhatsApp Image 2026-09-04 at 20.41.02 (2).jpeg
TRK_01036,EVT_20,46,Offer Nissim Feat. Maya Simantov - Tel Aviv,Offer Nissim Feat. Maya Simantov,Tel Aviv,,,SONG_0042,HIGH,,WhatsApp Image 2026-09-04 at 20.41.02 (2).jpeg
TRK_01037,EVT_20,47,Offer Nissim - Toro,Offer Nissim,Toro,,,SONG_0262,HIGH,,WhatsApp Image 2026-09-04 at 20.41.02 (2).jpeg
TRK_01038,EVT_20,48,Offer Nissim Feat. Riki Ben-Ari - Dance The Night,Offer Nissim Feat. Riki Ben-Ari,Dance The Night,,,SONG_0006,HIGH,,WhatsApp Image 2026-09-04 at 20.41.02 (2).jpeg
TRK_01039,EVT_20,49,Offer Nissim Feat. Dana International - Layla Tov Eropa,Offer Nissim Feat. Dana International,Layla Tov Eropa,,,SONG_0091,HIGH,,WhatsApp Image 2026-09-04 at 20.41.02 (2).jpeg
TRK_01040,EVT_20,50,Offer Nissim X Yardena Arazi - Amour Affamé - Live Performance,Offer Nissim X Yardena Arazi,Amour Affamé,Live Performance,,SONG_0351,HIGH,,WhatsApp Image 2026-09-04 at 20.41.02 (2).jpeg
TRK_01041,EVT_20,51,Offer Nissim - Completely Yourself,Offer Nissim,Completely Yourself,,,SONG_0045,HIGH,,WhatsApp Image 2026-09-04 at 20.41.02 (2).jpeg
TRK_01042,EVT_21,1,Madonna & Sabrina Carpenter - Bring Your Love - Offer Nissim Prayer Of Love Remix,Madonna & Sabrina Carpenter,Bring Your Love,Offer Nissim Prayer Of Love Remix,,SONG_0343,HIGH,,sukkot_2026.jpg
TRK_01043,EVT_21,2,Offer Nissim X Celeda - Work Children (In Memory of Peter Rauhofer),Offer Nissim X Celeda,Work Children,In Memory of Peter Rauhofer,,SONG_0338,HIGH,,sukkot_2026.jpg
TRK_01044,EVT_21,3,Offer Nissim - So What You Gonna Do,Offer Nissim,So What You Gonna Do,,,SONG_0352,HIGH,New track,sukkot_2026.jpg
TRK_01045,EVT_21,4,Offer Nissim Feat. Maya Simantov - Bitch,Offer Nissim Feat. Maya Simantov,Bitch,,,SONG_0189,HIGH,,sukkot_2026.jpg
TRK_01046,EVT_21,5,Offer Nissim - Naked In The Rain,Offer Nissim,Naked In The Rain,,,SONG_0324,HIGH,,sukkot_2026.jpg
TRK_01047,EVT_21,6,Offer Nissim - California Dreaming,Offer Nissim,California Dreaming,,,SONG_0311,HIGH,,sukkot_2026.jpg
TRK_01048,EVT_21,7,Kristine W. - Everything That I Got - Offer Nissim's Tel Aviv Mix,Kristine W.,Everything That I Got,Offer Nissim's Tel Aviv Mix,,SONG_0223,HIGH,,sukkot_2026.jpg
TRK_01049,EVT_21,8,Suzanne Palmer - Fascinated - Offer Nissim Remix,Suzanne Palmer,Fascinated,Offer Nissim Remix,,SONG_0047,HIGH,,sukkot_2026.jpg
TRK_01050,EVT_21,9,Offer Nissim X Betty - Ra'al - Poison Show Mix - Live Performance,Offer Nissim X Betty,Poison (Ra'al),Show Mix - Live Performance,,SONG_0081,HIGH,Title as printed 'Ra'al - Poison Show Mix'; mapped to existing Poison (Ra'al),sukkot_2026.jpg
TRK_01051,EVT_21,10,Offer Nissim X Betty - Light A Light - Live Performance,Offer Nissim X Betty,Light A Light,Live Performance,,SONG_0353,HIGH,New track,sukkot_2026.jpg
TRK_01052,EVT_21,11,Offer Nissim - Don't Stop (A Tribute To Michael Jackson),Offer Nissim,Don't Stop (A Tribute To Michael Jackson),,,SONG_0354,HIGH,New track,sukkot_2026.jpg
TRK_01053,EVT_21,12,Offer Nissim - Theater Club,Offer Nissim,Theater Club,,,SONG_0094,HIGH,,sukkot_2026.jpg
TRK_01054,EVT_21,13,Offer Nissim - Studio 54,Offer Nissim,Studio 54,,,SONG_0143,HIGH,,sukkot_2026.jpg
TRK_01055,EVT_21,14,Friburn & Urik - Take Me Love Me - Offer Nissim Remix,Friburn & Urik,Take Me Love Me,Offer Nissim Remix,,SONG_0341,HIGH,,sukkot_2026.jpg
TRK_01056,EVT_21,15,Offer Nissim - ROSE,Offer Nissim,Rose,,,SONG_0284,HIGH,,sukkot_2026.jpg
TRK_01057,EVT_21,16,Offer Nissim X Asulin - Handyman - Live Performance,Offer Nissim X Asulin,Handyman,Live Performance,,SONG_0355,HIGH,Artist kept as printed (Asulin) per archive owner,sukkot_2026.jpg
TRK_01058,EVT_21,17,Offer Nissim Feat. Maya Simantov - Everybody Needs A Man,Offer Nissim Feat. Maya Simantov,Everybody Needs A Man,,,SONG_0032,HIGH,,sukkot_2026.jpg
TRK_01059,EVT_21,18,Offer Nissim Feat. Maya Simantov - Zero Fucks,Offer Nissim Feat. Maya Simantov,Zero Fucks,,,SONG_0161,HIGH,,sukkot_2026.jpg
TRK_01060,EVT_21,19,Beyonce - Run Da World - Itay Kalderon & Adi Perez Remix,Beyoncé,Run The World (Girls),Itay Kalderon & Adi Perez Remix,,SONG_0102,HIGH,Title spelling normalized: 'Run Da World' -> 'Run The World (Girls)',sukkot_2026.jpg
TRK_01061,EVT_21,20,Offer Nissim X Noa Kirel - Doctor,Offer Nissim X Noa Kirel,Doctor,,,SONG_0277,HIGH,,sukkot_2026.jpg
TRK_01062,EVT_21,21,Offer Nissim X Meital De Razon - Now Come On,Offer Nissim X Meital De Razon,Now Come On,,,SONG_0339,HIGH,,sukkot_2026.jpg
TRK_01063,EVT_21,22,Offer Nissim X Eden Fines - WORK - Live Performance,Offer Nissim X Eden Fines,Work,Live Performance,,SONG_0356,HIGH,"New track, not found online",sukkot_2026.jpg
TRK_01064,EVT_21,23,Offer Nissim - How Deep Is Your Love,Offer Nissim,How Deep Is Your Love,,,SONG_0263,HIGH,,sukkot_2026.jpg
TRK_01065,EVT_21,24,Deborah Cox - Everybody Dance - Offer Nissim Show Mix,Deborah Cox,Everybody Dance,Offer Nissim Show Mix,,SONG_0180,HIGH,,sukkot_2026.jpg
TRK_01066,EVT_21,25,Offer Nissim - Move Your Body,Offer Nissim,Move Your Body,,,SONG_0174,HIGH,,sukkot_2026.jpg
TRK_01067,EVT_21,26,Offer Nissim - Welcome,Offer Nissim,Welcome,,,SONG_0221,HIGH,,sukkot_2026.jpg
TRK_01068,EVT_21,27,Offer Nissim X Lior Narkis - Taxis - Live Performance (x2),Offer Nissim X Lior Narkis,Taxis,Live Performance,,SONG_0357,HIGH,List shows '(x2)' - played twice in a row; per archive owner shown once (set stays 60 tracks),sukkot_2026.jpg
TRK_01069,EVT_21,28,Offer Nissim Feat. Nasrin Kadri - Lusi,Offer Nissim Feat. Nasrin Kadri,Lusi,,,SONG_0226,HIGH,,sukkot_2026.jpg
TRK_01070,EVT_21,29,Offer Nissim Feat. Ilan Peled - Hypno Dance,Offer Nissim Feat. Ilan Peled,Hypno Dance,,,SONG_0216,HIGH,,sukkot_2026.jpg
TRK_01071,EVT_21,30,Offer Nissim - Infected Love,Offer Nissim,Infected Love,,,SONG_0173,HIGH,,sukkot_2026.jpg
TRK_01072,EVT_21,31,Offer Nissim Feat. Maya Simantov - Like There Is No Tomorrow,Offer Nissim Feat. Maya Simantov,Like There Is No Tomorrow,,,SONG_0142,HIGH,,sukkot_2026.jpg
TRK_01073,EVT_21,32,Robin S. - Show Me Love - Offer Nissim Remix,Robin S.,Show Me Love,Offer Nissim Remix,,SONG_0149,HIGH,,sukkot_2026.jpg
TRK_01074,EVT_21,33,Eliran Halevy X Ilan Peled - Big Energy - Live Performance,Eliran Halevy X Ilan Peled,Big Energy,Live Performance,,SONG_0358,HIGH,"New track, not found online",sukkot_2026.jpg
TRK_01075,EVT_21,34,Eliran Halevy - EXCITED,Eliran Halevy,Excited,,,SONG_0302,HIGH,,sukkot_2026.jpg
TRK_01076,EVT_21,35,Eliran Halevy - I'm In Love,Eliran Halevy,I'm In Love,,,SONG_0347,HIGH,Eliran Halevy song (separate from Maya Simantov I'm In Love),sukkot_2026.jpg
TRK_01077,EVT_21,36,Offer Nissim Feat. Epiphony - Mr. Charming,Offer Nissim Feat. Epiphony,Mr Charming,,,SONG_0224,HIGH,,sukkot_2026.jpg
TRK_01078,EVT_21,37,Offer Nissim Feat. Maya Simantov - Hysterical,Offer Nissim Feat. Maya Simantov,Hysterical,,,SONG_0283,HIGH,,sukkot_2026.jpg
TRK_01079,EVT_21,38,Offer Nissim Feat. Maya Simantov - Perfect Love - Full Vocal Mix,Offer Nissim Feat. Maya Simantov,Perfect Love,Full Vocal Mix,,SONG_0041,HIGH,,sukkot_2026.jpg
TRK_01080,EVT_21,39,Offer Nissim Feat. Symphony X - I Close My Eyes,Offer Nissim Feat. Symphony X,I Close My Eyes,,,SONG_0195,HIGH,,sukkot_2026.jpg
TRK_01081,EVT_21,40,Offer Nissim X Udi Schneider - Apollo - Live Performance,Offer Nissim X Udi Schneider,Apollo,Live Performance,,SONG_0359,HIGH,"New track, not found online",sukkot_2026.jpg
TRK_01082,EVT_21,41,Offer Nissim - Bombay,Offer Nissim,Bombay,,,SONG_0146,HIGH,,sukkot_2026.jpg
TRK_01083,EVT_21,42,Offer Nissim Feat. Dana International - Maganuna - Reconstruction Mix,Offer Nissim Feat. Dana International,Maganuna,Reconstruction Mix,,SONG_0211,HIGH,Same song as existing Maganuna - confirmed by archive owner,sukkot_2026.jpg
TRK_01084,EVT_21,43,Offer Nissim & 2050 - Reach Out,Offer Nissim & 2050,Reach Out,,,SONG_0276,HIGH,,sukkot_2026.jpg
TRK_01085,EVT_21,44,Offer Nissim - I Want Muscles,Offer Nissim,I Want Muscles,,,SONG_0190,HIGH,,sukkot_2026.jpg
TRK_01086,EVT_21,45,Madonna - Danceteria - Offer Nissim Remix,Madonna,Danceteria,Offer Nissim Remix,,SONG_0360,HIGH,Madonna single 2026 (Confessions II era) - verified online,sukkot_2026.jpg
TRK_01087,EVT_21,46,Madonna - Celebration - Offer Nissim Dub Mix,Madonna,Celebration,Offer Nissim Dub Mix,,SONG_0222,HIGH,Madonna Celebration = Offer Nissim Celebration (owner decision 06.09.2026),sukkot_2026.jpg
TRK_01088,EVT_21,47,Offer Nissim - Enjoy Your Life,Offer Nissim,Enjoy Your Life,,,SONG_0340,HIGH,,sukkot_2026.jpg
TRK_01089,EVT_21,48,Amelia Lily - You Bring Me Joy - Offer Nissim Remix,Amelia Lily,You Bring Me Joy,Offer Nissim Remix,,SONG_0020,HIGH,,sukkot_2026.jpg
TRK_01090,EVT_21,49,Offer Nissim Feat. Epiphony - Out Of My Skin,Offer Nissim Feat. Epiphony,Out Of My Skin,,,SONG_0140,HIGH,,sukkot_2026.jpg
TRK_01091,EVT_21,50,Rui Da Silva - Touch Me - Offer Nissim Remix,Rui Da Silva,Touch Me,Offer Nissim Remix,,SONG_0320,HIGH,,sukkot_2026.jpg
TRK_01092,EVT_21,51,Offer Nissim Feat. Maya Simantov - Searching - Show Mix - Live Performance,Offer Nissim Feat. Maya Simantov,Searching,Show Mix - Live Performance,,SONG_0107,HIGH,,sukkot_2026.jpg
TRK_01093,EVT_21,52,The KLF - What Time Is Love - Offer Nissim Remix,The KLF,What Time Is Love,Offer Nissim Remix,,SONG_0199,HIGH,,sukkot_2026.jpg
TRK_01094,EVT_21,53,Offer Nissim - Saturday Night,Offer Nissim,Saturday Night,,,SONG_0275,HIGH,,sukkot_2026.jpg
TRK_01095,EVT_21,54,Offer Nissim - Midnight Summer Dream,Offer Nissim,Midnight Summer Dream,,,SONG_0337,HIGH,,sukkot_2026.jpg
TRK_01096,EVT_21,55,Donna Summer & Barbra Streisand - Enough Is Enough - Offer Nissim Part B,Donna Summer & Barbra Streisand,Enough Is Enough,Offer Nissim Part B,,SONG_0084,HIGH,,sukkot_2026.jpg
TRK_01097,EVT_21,56,Donna Summer - Sometimes Like Butterflies - Offer Nissim Remix,Donna Summer,Sometimes Like Butterflies,Offer Nissim Remix,,SONG_0323,HIGH,,sukkot_2026.jpg
TRK_01098,EVT_21,57,Anggun - The Good Is Back - Offer Nissim Remix,Anggun,The Good Is Back,Offer Nissim Remix,,SONG_0089,HIGH,,sukkot_2026.jpg
TRK_01099,EVT_21,58,Age of Love - The Age of Love - Solomun Remix,Age of Love,The Age of Love,Solomun Remix,,SONG_0137,HIGH,"Remix confirmed as Solomun Remix by archive owner (corrected image, 27.09.2026)",sukkot_2026.jpg
TRK_01100,EVT_21,59,Offer Nissim X Ofra Haza - Adagio 2025 Edit,Offer Nissim X Ofra Haza,Adagio,2025 Edit,,SONG_0261,HIGH,Corrected 03.10.2026: '2025 Edit' moved from title to version_or_remix (as in Hanukkah 2025),sukkot_2026.jpg
TRK_01101,EVT_21,60,Offer Nissim - Completely Yourself,Offer Nissim,Completely Yourself,,,SONG_0045,HIGH,,sukkot_2026.jpg
